split,thread_id,source_path,thread_length,nonempty_turns,empty_turns,event_instances,event_groups,event_types,request_action_instances,deliver_action_data_instances,amend_instances,has_later_action_after_request,lexical_request_turns,lexical_commitment_turns,lexical_deadline_turns,lexical_completion_turns,lexical_cancel_turns,lexical_modify_turns,lexical_reject_turns,lexical_confirm_turns,raw_segments,raw_participant_count,raw_has_date
train,bass-e_inbox114,data/train/bass-e_inbox114.json,2,2,0,5,5,Deliver_Action_Data;Deliver_Data;Request_Action;Request_Data,1,1,0,0,1,1,0,0,1,1,1,0,2,5,0
train,bass-e_inbox136,data/train/bass-e_inbox136.json,3,3,0,8,7,Deliver_Action_Data;Deliver_Meeting_Data;Request_Meeting;Request_Meeting_Data,0,1,0,0,1,1,2,0,1,1,1,0,3,7,0
train,bass-e_inbox137,data/train/bass-e_inbox137.json,2,2,0,1,1,Request_Action,1,0,0,0,0,0,0,0,0,0,0,0,2,12,0
train,bass-e_inbox195,data/train/bass-e_inbox195.json,4,3,1,6,6,Amend_Meeting_Data;Deliver_Data;Request_Action;Request_Meeting,2,0,1,0,2,2,1,0,1,0,1,0,4,40,0
train,bass-e_inbox217,data/train/bass-e_inbox217.json,2,2,0,3,3,Deliver_Data;Request_Action;Request_Data,1,0,0,0,1,1,0,0,0,0,0,0,2,26,0
train,bass-e_inbox26,data/train/bass-e_inbox26.json,2,2,0,2,2,Request_Action;Request_Data,1,0,0,0,1,0,0,0,0,0,0,0,2,6,0
train,bass-e_inbox290,data/train/bass-e_inbox290.json,2,1,1,4,4,Deliver_Action_Data;Deliver_Meeting_Data;Request_Action;Request_Meeting,1,1,0,0,1,1,0,0,0,0,0,0,2,37,0
train,bass-e_inbox298,data/train/bass-e_inbox298.json,5,5,0,5,5,Deliver_Action_Data;Request_Data,0,2,0,0,1,1,0,0,1,2,1,0,5,7,0
train,bass-e_inbox39,data/train/bass-e_inbox39.json,6,5,1,6,6,Deliver_Action_Data;Deliver_Data;Request_Action;Request_Data,2,1,0,0,1,0,0,1,0,0,0,0,6,12,0
train,bass-e_inbox47,data/train/bass-e_inbox47.json,3,3,0,9,8,Deliver_Action_Data;Deliver_Meeting_Data;Request_Action;Request_Data;Request_Meeting,2,2,0,0,2,1,0,0,0,0,0,0,3,6,0
train,bass-e_inbox52,data/train/bass-e_inbox52.json,2,2,0,2,2,Deliver_Data;Request_Data,0,0,0,0,0,0,0,1,0,0,0,0,2,31,0
train,bass-e_inbox53,data/train/bass-e_inbox53.json,2,2,0,4,3,Deliver_Meeting_Data;Request_Meeting;Request_Meeting_Data,0,0,0,0,1,1,0,0,0,0,0,0,2,23,0
train,bass-e_inbox79,data/train/bass-e_inbox79.json,3,3,0,6,6,Deliver_Action_Data;Deliver_Data;Deliver_Meeting_Data;Request_Action;Request_Meeting,1,1,0,1,2,1,0,0,0,0,0,0,3,47,0
train,bass-e_inbox88,data/train/bass-e_inbox88.json,3,2,1,6,3,Deliver_Action_Data;Deliver_Data;Deliver_Meeting_Data,0,4,0,0,1,1,1,0,0,0,0,0,3,9,0
train,bass-e_inbox89,data/train/bass-e_inbox89.json,3,1,2,0,0,,0,0,0,0,0,0,0,0,0,0,0,0,3,8,0
train,beck-s_inbox141,data/train/beck-s_inbox141.json,2,2,0,15,5,Amend_Data;Deliver_Action_Data;Deliver_Data;Request_Data;Request_Meeting,0,1,1,0,2,0,1,1,0,0,0,0,2,65,0
train,beck-s_inbox148,data/train/beck-s_inbox148.json,2,2,0,2,1,Deliver_Action_Data,0,2,0,0,0,1,0,1,0,0,0,0,3,6,0
train,beck-s_inbox149,data/train/beck-s_inbox149.json,2,2,0,7,5,Deliver_Action_Data;Deliver_Data;Deliver_Meeting_Data;Request_Data,0,3,0,0,2,2,1,0,0,0,0,0,2,6,0
train,beck-s_inbox272,data/train/beck-s_inbox272.json,3,2,1,6,4,Deliver_Action_Data;Deliver_Data;Deliver_Meeting_Data,0,3,0,0,2,2,1,2,0,0,0,0,3,8,0
train,beck-s_inbox32,data/train/beck-s_inbox32.json,2,2,0,3,3,Deliver_Action_Data;Deliver_Data,0,1,0,0,1,2,0,1,0,0,0,0,2,6,0
train,beck-s_inbox36,data/train/beck-s_inbox36.json,4,4,0,12,7,Deliver_Data;Request_Action;Request_Data,3,0,0,0,3,1,1,1,0,0,0,0,4,26,0
train,beck-s_inbox451,data/train/beck-s_inbox451.json,3,3,0,6,6,Deliver_Action_Data;Request_Action;Request_Data;Request_Meeting,1,3,0,1,1,1,0,0,0,0,0,0,3,12,0
train,beck-s_inbox484,data/train/beck-s_inbox484.json,3,3,0,9,5,Deliver_Action_Data;Deliver_Data;Request_Data,0,4,0,0,3,1,0,2,0,0,0,0,3,11,0
train,beck-s_inbox5,data/train/beck-s_inbox5.json,4,3,1,18,5,Deliver_Action_Data;Deliver_Data;Request_Action;Request_Data,7,9,0,0,2,1,0,1,0,0,0,0,4,22,0
train,beck-s_inbox527,data/train/beck-s_inbox527.json,3,3,0,9,5,Deliver_Action_Data;Deliver_Data;Request_Action;Request_Data,1,1,0,0,2,1,0,2,0,0,0,0,3,10,0
train,beck-s_inbox541,data/train/beck-s_inbox541.json,3,3,0,6,5,Deliver_Action_Data;Deliver_Data;Deliver_Meeting_Data;Request_Action_Data,0,2,0,0,1,2,0,2,0,1,0,0,3,25,0
train,beck-s_inbox629,data/train/beck-s_inbox629.json,2,2,0,4,3,Deliver_Action_Data;Deliver_Data,0,1,0,0,0,1,0,0,0,1,0,0,2,6,0
train,beck-s_inbox630,data/train/beck-s_inbox630.json,4,4,0,3,3,Deliver_Action_Data;Request_Action;Request_Data,1,1,0,0,0,0,0,0,0,0,0,0,4,17,0
train,beck-s_inbox647,data/train/beck-s_inbox647.json,3,3,0,3,2,Deliver_Data,0,0,0,0,0,1,1,0,0,0,1,0,3,14,0
train,beck-s_inbox668,data/train/beck-s_inbox668.json,3,3,0,11,7,Deliver_Action_Data;Deliver_Data;Request_Action;Request_Action_Data;Request_Data,1,2,0,0,2,0,0,1,0,0,0,0,3,14,0
train,beck-s_inbox750,data/train/beck-s_inbox750.json,3,3,0,3,3,Deliver_Action_Data;Deliver_Data;Request_Action_Data,0,1,0,0,1,0,0,0,0,0,0,1,3,7,0
train,beck-s_inbox973,data/train/beck-s_inbox973.json,2,2,0,8,4,Deliver_Action_Data;Deliver_Meeting_Data;Request_Meeting,0,5,0,0,1,2,1,0,0,0,1,0,2,14,0
train,blair-l_inbox143,data/train/blair-l_inbox143.json,2,2,0,7,5,Amend_Meeting_Data;Deliver_Action_Data;Deliver_Meeting_Data;Request_Action,2,2,1,0,1,1,1,0,0,0,0,0,2,27,0
train,blair-l_inbox204,data/train/blair-l_inbox204.json,3,3,0,8,5,Deliver_Action_Data;Deliver_Data;Request_Action;Request_Data,1,5,0,1,2,0,0,1,0,0,0,1,3,6,0
train,blair-l_inbox216,data/train/blair-l_inbox216.json,2,2,0,8,5,Deliver_Action_Data;Deliver_Meeting_Data;Request_Action,2,5,0,0,1,0,1,1,0,0,0,0,2,19,0
train,blair-l_inbox257,data/train/blair-l_inbox257.json,4,4,0,9,8,Deliver_Action_Data;Deliver_Data;Request_Action;Request_Action_Data;Request_Data,1,3,0,1,4,0,0,2,0,0,2,1,4,10,0
train,blair-l_inbox268,data/train/blair-l_inbox268.json,2,1,1,1,1,Deliver_Data,0,0,0,0,0,0,0,1,0,0,0,0,2,15,0
train,blair-l_inbox277,data/train/blair-l_inbox277.json,2,2,0,11,4,Deliver_Action_Data;Deliver_Data;Deliver_Meeting_Data,0,6,0,0,0,0,0,0,0,1,0,0,2,21,0
train,blair-l_inbox278,data/train/blair-l_inbox278.json,4,4,0,9,8,Amend_Data;Deliver_Data;Request_Action;Request_Data,1,0,3,1,3,0,1,1,0,1,0,1,4,33,0
train,blair-l_inbox287,data/train/blair-l_inbox287.json,3,3,0,9,5,Deliver_Action_Data;Deliver_Data;Request_Action,2,6,0,0,2,1,0,0,0,0,0,1,3,14,0
train,blair-l_inbox288,data/train/blair-l_inbox288.json,3,3,0,10,6,Deliver_Action_Data;Deliver_Meeting_Data;Request_Action;Request_Data,2,5,0,1,2,0,0,1,0,0,0,1,4,11,0
train,blair-l_inbox303,data/train/blair-l_inbox303.json,2,2,0,5,3,Deliver_Action_Data;Request_Action,1,4,0,0,1,1,0,0,0,1,0,0,2,6,0
train,blair-l_inbox32,data/train/blair-l_inbox32.json,2,2,0,5,3,Deliver_Action_Data;Deliver_Data;Request_Action,1,3,0,1,2,0,0,2,0,1,0,0,2,6,0
train,blair-l_inbox34,data/train/blair-l_inbox34.json,3,3,0,7,6,Amend_Data;Deliver_Action_Data;Deliver_Data;Request_Action;Request_Meeting,2,1,1,0,2,0,0,1,0,1,0,0,3,10,0
train,blair-l_inbox40,data/train/blair-l_inbox40.json,4,4,0,18,9,Deliver_Action_Data;Deliver_Data;Request_Action;Request_Action_Data;Request_Data,6,8,0,0,1,0,1,1,0,0,0,0,4,11,0
train,blair-l_inbox57,data/train/blair-l_inbox57.json,2,2,0,10,5,Amend_Data;Deliver_Action_Data;Deliver_Data;Request_Action;Request_Data,1,3,1,1,2,1,0,1,0,2,0,1,2,6,0
train,blair-l_inbox87,data/train/blair-l_inbox87.json,2,2,0,2,2,Deliver_Data,0,0,0,0,0,0,0,0,0,0,0,0,2,7,0
train,blair-l_inbox95,data/train/blair-l_inbox95.json,2,2,0,4,3,Amend_Data;Deliver_Action_Data;Deliver_Data,0,1,1,0,1,0,0,2,0,1,0,0,2,6,0
train,blair-l_inbox_114,data/train/blair-l_inbox_114.json,3,3,0,2,2,Deliver_Data;Request_Data,0,0,0,0,3,0,0,2,0,1,0,0,3,8,0
train,blair-l_inbox_130,data/train/blair-l_inbox_130.json,2,2,0,3,2,Request_Action,3,0,0,0,2,0,0,1,0,0,0,0,2,13,0
train,blair-l_inbox_158,data/train/blair-l_inbox_158.json,2,2,0,5,3,Deliver_Action_Data;Deliver_Data,0,3,0,0,1,0,1,2,0,0,0,0,2,14,0
train,blair-l_inbox_173,data/train/blair-l_inbox_173.json,3,3,0,3,3,Deliver_Data;Request_Action;Request_Data,1,0,0,0,2,1,1,2,0,0,0,2,3,11,0
train,blair-l_inbox_180,data/train/blair-l_inbox_180.json,2,2,0,10,5,Deliver_Action_Data;Request_Action;Request_Action_Data;Request_Data,1,7,0,1,2,2,0,2,0,0,0,0,2,12,0
train,blair-l_inbox_187,data/train/blair-l_inbox_187.json,4,4,0,11,7,Deliver_Action_Data;Deliver_Data;Deliver_Meeting_Data;Request_Action;Request_Meeting,2,5,0,1,1,2,0,2,0,0,1,0,4,14,0
train,blair-l_inbox_199,data/train/blair-l_inbox_199.json,2,2,0,5,1,Deliver_Action_Data,0,5,0,0,0,1,0,0,0,0,0,0,2,10,0
train,blair-l_inbox_253,data/train/blair-l_inbox_253.json,2,2,0,2,1,Deliver_Data,0,0,0,0,1,0,0,1,0,0,0,0,2,13,0
train,blair-l_inbox_255,data/train/blair-l_inbox_255.json,3,3,0,8,6,Deliver_Action_Data;Deliver_Meeting_Data;Request_Action;Request_Meeting,1,3,0,0,2,1,1,1,0,0,0,0,3,9,0
train,blair-l_inbox_261,data/train/blair-l_inbox_261.json,2,2,0,9,4,Deliver_Action_Data;Deliver_Meeting_Data,0,7,0,0,2,1,2,1,0,0,0,1,2,9,0
train,blair-l_inbox_269,data/train/blair-l_inbox_269.json,2,2,0,2,2,Deliver_Data;Request_Data,0,0,0,0,1,0,0,1,0,1,0,0,2,4,0
train,blair-l_inbox_274,data/train/blair-l_inbox_274.json,3,3,0,6,4,Deliver_Action_Data;Request_Action_Data;Request_Data,0,4,0,0,1,1,1,0,0,0,0,0,3,12,0
train,blair-l_inbox_279,data/train/blair-l_inbox_279.json,3,3,0,13,4,Deliver_Action_Data;Deliver_Meeting_Data;Request_Meeting,0,10,0,0,1,1,0,0,0,1,0,0,3,22,0
train,blair-l_inbox_284,data/train/blair-l_inbox_284.json,5,4,1,10,6,Deliver_Action_Data;Deliver_Meeting_Data;Request_Action;Request_Meeting,1,6,0,1,2,1,0,0,0,0,0,0,5,12,0
train,blair-l_inbox_30,data/train/blair-l_inbox_30.json,2,0,2,0,0,,0,0,0,0,0,0,0,0,0,0,0,0,2,7,0
train,blair-l_inbox_301,data/train/blair-l_inbox_301.json,2,2,0,1,1,Request_Action_Data,0,0,0,0,1,0,0,0,0,0,0,0,2,9,0
train,blair-l_inbox_76,data/train/blair-l_inbox_76.json,2,2,0,6,4,Deliver_Action_Data;Deliver_Data;Deliver_Meeting_Data;Request_Action,1,3,0,0,2,1,0,1,1,1,0,1,2,77,0
train,buy-r_inbox10,data/train/buy-r_inbox10.json,3,3,0,5,3,Deliver_Data;Request_Action,3,0,0,0,3,1,1,1,0,0,0,0,3,32,0
train,buy-r_inbox1023,data/train/buy-r_inbox1023.json,4,3,1,6,5,Deliver_Action_Data;Deliver_Data;Request_Data;Request_Meeting,0,3,0,0,1,0,1,0,0,0,0,0,4,8,0
train,buy-r_inbox1074,data/train/buy-r_inbox1074.json,2,1,1,3,3,Deliver_Action_Data;Deliver_Data;Request_Meeting,0,1,0,0,1,0,0,1,0,0,0,0,2,9,0
train,buy-r_inbox1088,data/train/buy-r_inbox1088.json,4,4,0,8,7,Deliver_Action_Data;Deliver_Data;Deliver_Meeting_Data;Request_Action;Request_Meeting_Data,1,1,0,0,2,2,0,3,0,1,1,0,4,20,0
train,buy-r_inbox1141,data/train/buy-r_inbox1141.json,2,2,0,11,5,Deliver_Action_Data;Deliver_Data;Deliver_Meeting_Data;Request_Data,0,6,0,0,2,0,0,0,0,0,0,0,2,13,0
train,buy-r_inbox1202,data/train/buy-r_inbox1202.json,2,1,1,5,2,Deliver_Action_Data;Deliver_Data,0,1,0,0,1,0,0,0,1,1,1,0,2,6,0
train,buy-r_inbox142,data/train/buy-r_inbox142.json,2,2,0,11,6,Deliver_Action_Data;Deliver_Data;Request_Action;Request_Data;Request_Meeting_Data,1,3,0,0,1,0,1,1,0,1,0,1,2,6,0
train,buy-r_inbox202,data/train/buy-r_inbox202.json,3,3,0,7,7,Deliver_Action_Data;Deliver_Data;Deliver_Meeting_Data;Request_Meeting_Data,0,1,0,0,3,2,0,0,0,0,0,1,3,34,0
train,buy-r_inbox252,data/train/buy-r_inbox252.json,3,3,0,3,2,Deliver_Action_Data;Request_Data,0,1,0,0,2,1,0,0,0,0,0,0,3,36,0
train,buy-r_inbox262,data/train/buy-r_inbox262.json,2,2,0,1,1,Deliver_Data,0,0,0,0,1,0,0,0,0,0,0,0,2,6,0
train,buy-r_inbox263,data/train/buy-r_inbox263.json,2,2,0,5,3,Deliver_Action_Data;Deliver_Data,0,2,0,0,1,0,0,1,0,0,0,0,2,8,0
train,buy-r_inbox265,data/train/buy-r_inbox265.json,3,1,2,0,0,,0,0,0,0,0,0,0,0,0,0,0,0,3,9,0
train,buy-r_inbox295,data/train/buy-r_inbox295.json,2,2,0,7,5,Deliver_Action_Data;Deliver_Data;Deliver_Meeting_Data;Request_Data,0,2,0,0,1,1,2,0,0,1,0,0,2,6,0
train,buy-r_inbox313,data/train/buy-r_inbox313.json,5,5,0,6,4,Deliver_Action_Data;Deliver_Data;Request_Action,1,2,0,0,2,1,0,1,0,0,0,0,6,24,0
train,buy-r_inbox371,data/train/buy-r_inbox371.json,4,4,0,5,5,Amend_Data;Deliver_Action_Data;Deliver_Data;Request_Action_Data;Request_Data,0,1,1,0,3,2,0,1,0,1,0,0,4,8,0
train,buy-r_inbox380,data/train/buy-r_inbox380.json,2,2,0,6,5,Amend_Data;Deliver_Action_Data;Deliver_Data;Deliver_Meeting_Data,0,3,1,0,1,1,1,1,0,1,0,1,2,16,0
train,buy-r_inbox386,data/train/buy-r_inbox386.json,2,2,0,5,4,Deliver_Action_Data;Deliver_Data,0,3,0,0,2,1,0,1,0,0,0,1,2,21,0
train,buy-r_inbox396,data/train/buy-r_inbox396.json,4,4,0,20,12,Amend_Data;Deliver_Action_Data;Deliver_Data;Deliver_Meeting_Data;Request_Action;Request_Data,3,6,1,1,2,0,1,0,0,1,0,1,4,10,0
train,buy-r_inbox492,data/train/buy-r_inbox492.json,3,3,0,11,8,Deliver_Action_Data;Deliver_Data;Request_Action;Request_Data;Request_Meeting,6,1,0,0,3,0,1,0,0,0,0,2,3,7,0
train,buy-r_inbox537,data/train/buy-r_inbox537.json,2,2,0,19,3,Deliver_Action_Data;Deliver_Data,0,1,0,0,2,1,0,0,0,0,0,0,2,81,0
train,buy-r_inbox598,data/train/buy-r_inbox598.json,4,3,1,5,2,Deliver_Data;Request_Action,3,0,0,0,1,1,1,0,0,0,0,0,4,18,0
train,buy-r_inbox63,data/train/buy-r_inbox63.json,2,2,0,4,4,Deliver_Action_Data;Deliver_Meeting_Data;Request_Action;Request_Meeting,1,1,0,1,2,2,1,1,0,0,0,1,2,78,0
train,buy-r_inbox636,data/train/buy-r_inbox636.json,2,2,0,4,3,Deliver_Data;Deliver_Meeting_Data;Request_Action,2,0,0,0,1,0,1,1,0,0,0,0,2,105,0
train,buy-r_inbox678,data/train/buy-r_inbox678.json,2,2,0,6,4,Deliver_Action_Data;Deliver_Data;Request_Action,3,2,0,0,2,1,0,0,0,0,0,1,2,9,0
train,buy-r_inbox716,data/train/buy-r_inbox716.json,4,4,0,13,8,Deliver_Action_Data;Deliver_Meeting_Data;Request_Action;Request_Data,5,4,0,1,4,2,0,0,0,0,0,1,4,13,0
train,buy-r_inbox785,data/train/buy-r_inbox785.json,2,1,1,2,1,Deliver_Data,0,0,0,0,0,0,0,0,0,0,0,0,2,13,0
train,buy-r_inbox792,data/train/buy-r_inbox792.json,2,2,0,3,3,Deliver_Data;Deliver_Meeting_Data;Request_Data,0,0,0,0,2,1,0,1,0,0,0,0,2,76,0
train,buy-r_inbox83,data/train/buy-r_inbox83.json,2,2,0,5,4,Deliver_Action_Data;Request_Action;Request_Meeting,3,1,0,0,2,0,2,0,0,0,0,0,2,6,0
train,buy-r_inbox888,data/train/buy-r_inbox888.json,2,2,0,5,4,Deliver_Action_Data;Deliver_Data;Request_Action,2,1,0,0,2,0,0,2,1,0,0,0,2,5,0
train,buy-r_inbox891,data/train/buy-r_inbox891.json,4,3,1,7,4,Amend_Data;Deliver_Action_Data;Request_Action;Request_Data,1,2,3,0,3,1,0,1,0,1,2,1,4,8,0
train,buy-r_inbox899,data/train/buy-r_inbox899.json,2,2,0,7,4,Deliver_Action_Data;Deliver_Data,0,3,0,0,2,0,0,2,0,1,0,0,2,4,0
train,buy-r_inbox90,data/train/buy-r_inbox90.json,2,2,0,5,5,Amend_Data;Deliver_Action_Data;Request_Action;Request_Data;Request_Meeting,1,1,1,0,2,0,1,1,0,0,0,0,2,6,0
train,buy-r_inbox901,data/train/buy-r_inbox901.json,2,2,0,15,3,Deliver_Action_Data;Deliver_Data;Request_Action,1,2,0,0,2,1,1,0,0,0,1,1,2,43,0
train,buy-r_inbox925,data/train/buy-r_inbox925.json,2,2,0,8,3,Deliver_Action_Data;Deliver_Meeting_Data;Request_Action,3,4,0,0,2,1,1,1,0,0,1,0,3,16,0
train,campbell-l_inbox1027,data/train/campbell-l_inbox1027.json,2,2,0,5,4,Deliver_Action_Data;Deliver_Data;Request_Action,1,2,0,0,1,0,0,0,0,1,0,0,2,29,0
train,campbell-l_inbox1079,data/train/campbell-l_inbox1079.json,2,2,0,2,2,Deliver_Data,0,0,0,0,1,0,0,0,0,0,0,0,2,29,0
train,campbell-l_inbox1109,data/train/campbell-l_inbox1109.json,2,1,1,4,2,Deliver_Meeting_Data;Request_Action,2,0,0,0,1,0,0,0,0,0,0,0,2,31,0
train,campbell-l_inbox1370,data/train/campbell-l_inbox1370.json,2,2,0,11,7,Deliver_Action_Data;Deliver_Data;Deliver_Meeting_Data;Request_Action,4,1,0,0,2,1,0,1,0,0,1,0,2,28,0
train,campbell-l_inbox148,data/train/campbell-l_inbox148.json,2,2,0,4,3,Deliver_Action_Data;Deliver_Data;Request_Action,2,1,0,0,1,0,0,0,0,0,0,0,2,2,0
train,campbell-l_inbox231,data/train/campbell-l_inbox231.json,2,2,0,3,3,Deliver_Meeting_Data;Request_Action,2,0,0,0,2,2,0,1,1,0,0,0,2,6,0
train,campbell-l_inbox26,data/train/campbell-l_inbox26.json,4,1,3,1,1,Deliver_Action_Data,0,1,0,0,1,0,0,0,0,0,0,0,4,10,0
train,campbell-l_inbox281,data/train/campbell-l_inbox281.json,3,3,0,6,4,Amend_Data;Deliver_Data;Deliver_Meeting_Data;Request_Data,0,0,1,0,1,0,0,1,0,1,0,0,3,8,0
train,campbell-l_inbox283,data/train/campbell-l_inbox283.json,2,2,0,3,2,Deliver_Data,0,0,0,0,0,0,0,1,0,0,0,0,2,5,0
train,campbell-l_inbox438,data/train/campbell-l_inbox438.json,2,1,1,1,1,Amend_Meeting_Data,0,0,1,0,1,0,1,0,0,0,0,1,2,3,0
train,campbell-l_inbox592,data/train/campbell-l_inbox592.json,2,1,1,2,2,Deliver_Data;Request_Action,1,0,0,0,1,0,0,1,0,1,0,0,2,15,0
train,campbell-l_inbox686,data/train/campbell-l_inbox686.json,2,2,0,5,3,Deliver_Data;Deliver_Meeting_Data;Request_Action,1,0,0,0,1,0,0,0,0,0,0,0,2,96,0
train,campbell-l_inbox729,data/train/campbell-l_inbox729.json,2,2,0,3,2,Request_Action;Request_Action_Data,1,0,0,0,1,0,0,0,0,0,1,1,2,4,0
train,campbell-l_inbox774,data/train/campbell-l_inbox774.json,2,2,0,5,4,Deliver_Action_Data;Deliver_Data;Request_Action;Request_Meeting,2,1,0,0,1,0,0,1,0,0,0,0,2,3,0
train,campbell-l_inbox832,data/train/campbell-l_inbox832.json,2,1,1,1,1,Deliver_Action_Data,0,1,0,0,0,0,0,0,0,0,1,0,2,94,0
train,campbell-l_inbox_146,data/train/campbell-l_inbox_146.json,5,2,3,0,0,,0,0,0,0,0,0,0,0,0,0,0,0,5,33,0
train,campbell-l_inbox_429,data/train/campbell-l_inbox_429.json,2,2,0,2,2,Deliver_Action_Data;Deliver_Data,0,1,0,0,1,0,1,0,0,0,0,0,2,5,0
train,cash-m_inbox102,data/train/cash-m_inbox102.json,2,2,0,3,3,Deliver_Action_Data;Deliver_Data;Request_Data,0,1,0,0,2,1,0,1,0,0,0,0,2,8,0
train,cash-m_inbox106,data/train/cash-m_inbox106.json,2,2,0,7,6,Deliver_Action_Data;Deliver_Data;Request_Action;Request_Action_Data;Request_Data,2,2,0,1,1,0,1,1,0,0,0,0,2,6,0
train,cash-m_inbox116,data/train/cash-m_inbox116.json,3,3,0,4,4,Amend_Data;Deliver_Data;Request_Action;Request_Data,1,0,1,0,2,0,1,1,1,1,0,0,3,9,0
train,cash-m_inbox133,data/train/cash-m_inbox133.json,2,2,0,3,2,Deliver_Data;Request_Action,1,0,0,0,1,0,0,1,0,0,0,0,2,211,0
train,cash-m_inbox146,data/train/cash-m_inbox146.json,5,4,1,6,5,Deliver_Data;Request_Action;Request_Action_Data,3,0,0,0,4,0,0,2,0,0,0,2,5,9,0
train,cash-m_inbox147,data/train/cash-m_inbox147.json,3,2,1,7,7,Deliver_Action_Data;Deliver_Data;Request_Action;Request_Action_Data;Request_Meeting,2,1,0,0,2,1,0,0,0,0,0,0,3,8,0
train,cash-m_inbox152,data/train/cash-m_inbox152.json,2,2,0,3,3,Deliver_Data;Request_Action,1,0,0,0,2,0,1,0,0,0,0,0,2,6,0
train,cash-m_inbox154,data/train/cash-m_inbox154.json,2,2,0,8,7,Amend_Data;Deliver_Action_Data;Deliver_Data;Request_Action_Data;Request_Data,0,3,1,0,2,1,1,0,0,0,1,0,2,6,0
train,cash-m_inbox157,data/train/cash-m_inbox157.json,2,2,0,5,3,Deliver_Action_Data;Request_Action;Request_Data,1,3,0,0,0,0,0,0,0,1,0,0,2,5,0
train,cash-m_inbox159,data/train/cash-m_inbox159.json,2,2,0,4,3,Request_Action;Request_Action_Data,3,0,0,0,2,0,0,0,0,0,0,2,2,6,0
train,cash-m_inbox160,data/train/cash-m_inbox160.json,5,5,0,8,7,Amend_Data;Deliver_Action_Data;Deliver_Meeting_Data;Request_Action_Data,0,3,1,0,2,1,1,0,0,0,0,1,5,11,0
train,cash-m_inbox165,data/train/cash-m_inbox165.json,2,1,1,5,2,Deliver_Action_Data;Deliver_Data,0,2,0,0,1,0,1,0,0,0,0,1,2,50,0
train,cash-m_inbox168,data/train/cash-m_inbox168.json,2,2,0,3,3,Deliver_Data;Request_Action_Data;Request_Data,0,0,0,0,0,0,0,0,0,0,0,0,2,4,0
train,cash-m_inbox17,data/train/cash-m_inbox17.json,2,2,0,5,5,Amend_Data;Deliver_Action_Data;Deliver_Data;Request_Data,0,1,1,0,1,0,0,0,0,2,0,0,2,7,0
train,cash-m_inbox172,data/train/cash-m_inbox172.json,2,2,0,3,3,Deliver_Data;Request_Action_Data;Request_Data,0,0,0,0,1,0,0,0,0,0,0,0,2,4,0
train,cash-m_inbox21,data/train/cash-m_inbox21.json,3,3,0,7,7,Amend_Data;Deliver_Action_Data;Deliver_Data;Request_Action,1,2,3,0,2,3,1,1,0,2,0,0,3,14,0
train,cash-m_inbox218,data/train/cash-m_inbox218.json,2,2,0,3,3,Amend_Data;Deliver_Action_Data;Deliver_Data,0,1,1,0,1,1,0,0,0,1,0,0,2,8,0
train,cash-m_inbox22,data/train/cash-m_inbox22.json,4,4,0,8,8,Amend_Data;Deliver_Action_Data;Deliver_Data;Request_Action,1,2,3,0,2,3,1,1,0,2,0,0,4,14,0
train,cash-m_inbox230,data/train/cash-m_inbox230.json,2,2,0,6,5,Amend_Data;Deliver_Action_Data;Deliver_Data;Request_Data,0,2,1,0,1,0,0,2,0,1,0,1,3,6,0
train,cash-m_inbox272,data/train/cash-m_inbox272.json,2,2,0,9,6,Deliver_Action_Data;Deliver_Meeting_Data;Request_Action;Request_Data,2,4,0,1,1,1,1,0,0,0,0,1,2,6,0
train,cash-m_inbox273,data/train/cash-m_inbox273.json,3,3,0,7,7,Amend_Data;Deliver_Data;Deliver_Meeting_Data;Request_Action;Request_Action_Data;Request_Data,2,0,1,0,2,0,0,0,1,1,1,1,3,9,0
train,cash-m_inbox28,data/train/cash-m_inbox28.json,2,2,0,11,5,Deliver_Action_Data;Deliver_Data;Deliver_Meeting_Data;Request_Action;Request_Data,1,6,0,0,2,0,2,1,0,0,0,1,2,8,0
train,cash-m_inbox286,data/train/cash-m_inbox286.json,2,1,1,2,2,Deliver_Data;Request_Action,1,0,0,0,1,0,0,1,0,0,0,0,2,6,0
train,cash-m_inbox33,data/train/cash-m_inbox33.json,3,3,0,6,5,Deliver_Action_Data;Deliver_Data;Request_Action;Request_Data,1,1,0,0,1,0,0,1,0,1,0,0,3,6,0
train,cash-m_inbox343,data/train/cash-m_inbox343.json,2,2,0,6,3,Deliver_Data;Request_Action,3,0,0,0,0,1,0,1,0,0,0,0,2,9,0
train,cash-m_inbox38,data/train/cash-m_inbox38.json,5,3,2,8,4,Deliver_Action_Data;Deliver_Data;Request_Action,4,1,0,1,3,2,0,2,0,0,0,0,5,20,0
train,cash-m_inbox39,data/train/cash-m_inbox39.json,4,3,1,3,3,Deliver_Data;Request_Action;Request_Data,1,0,0,0,2,1,0,0,0,0,1,1,4,10,0
train,cash-m_inbox63,data/train/cash-m_inbox63.json,3,3,0,7,7,Amend_Data;Deliver_Action_Data;Deliver_Data;Request_Action_Data;Request_Data,0,1,1,0,2,0,0,0,0,3,0,0,3,9,0
train,cash-m_inbox66,data/train/cash-m_inbox66.json,3,3,0,6,3,Deliver_Action_Data;Request_Action_Data,0,4,0,0,1,0,0,0,0,0,0,2,3,6,0
train,cash-m_inbox8,data/train/cash-m_inbox8.json,2,2,0,9,3,Deliver_Action_Data;Deliver_Data;Request_Action,1,7,0,0,1,1,1,0,0,0,0,0,2,5,0
train,cash-m_inbox91,data/train/cash-m_inbox91.json,2,2,0,4,3,Deliver_Data;Request_Action,2,0,0,0,1,1,1,1,0,0,0,0,2,9,0
train,corman-s_inbox25,data/train/corman-s_inbox25.json,2,2,0,10,5,Amend_Data;Deliver_Action_Data;Request_Action,2,7,1,0,1,1,1,0,0,0,1,1,2,9,0
train,corman-s_inbox_40,data/train/corman-s_inbox_40.json,2,2,0,3,3,Deliver_Action_Data;Deliver_Data;Request_Meeting,0,1,0,0,2,0,0,1,0,0,0,0,2,6,0
train,corman-s_inbox_56,data/train/corman-s_inbox_56.json,2,2,0,3,3,Deliver_Action_Data;Deliver_Meeting_Data;Request_Meeting_Data,0,1,0,0,0,0,0,1,0,0,0,1,2,6,0
train,corman-s_inbox_63,data/train/corman-s_inbox_63.json,4,4,0,8,7,Amend_Data;Deliver_Data;Request_Action;Request_Data,1,0,3,1,2,0,1,0,0,3,0,1,4,7,0
train,corman-s_inbox_archives142,data/train/corman-s_inbox_archives142.json,3,3,0,11,5,Deliver_Action_Data;Deliver_Meeting_Data;Request_Action;Request_Meeting,3,6,0,1,1,1,2,0,0,1,1,0,3,26,0
train,corman-s_inbox_archives174,data/train/corman-s_inbox_archives174.json,3,3,0,5,4,Deliver_Data;Request_Action;Request_Meeting,1,0,0,0,2,1,0,0,0,0,1,0,3,19,0
train,corman-s_inbox_archives215,data/train/corman-s_inbox_archives215.json,2,1,1,3,3,Deliver_Action_Data;Deliver_Data;Request_Data,0,1,0,0,1,1,0,1,0,0,0,0,2,6,0
train,corman-s_inbox_archives388,data/train/corman-s_inbox_archives388.json,2,2,0,2,2,Deliver_Data;Request_Data,0,0,0,0,1,0,1,1,0,0,0,1,2,22,0
train,corman-s_inbox_archives445,data/train/corman-s_inbox_archives445.json,3,2,1,5,4,Deliver_Action_Data;Deliver_Meeting_Data;Request_Action,1,2,0,0,1,1,0,0,0,0,0,0,3,8,0
train,corman-s_inbox_archives96,data/train/corman-s_inbox_archives96.json,2,2,0,5,2,Deliver_Action_Data;Deliver_Data,0,3,0,0,2,1,1,1,0,0,0,0,4,51,0
train,corman-s_inbox_kidsave6,data/train/corman-s_inbox_kidsave6.json,2,2,0,2,2,Request_Action;Request_Data,1,0,0,0,1,0,0,0,0,0,0,1,2,4,0
train,corman-s_inbox_twdatarequests7,data/train/corman-s_inbox_twdatarequests7.json,2,2,0,2,2,Deliver_Action_Data;Deliver_Data,0,1,0,0,1,1,0,1,0,0,0,0,2,18,0
train,crandell-s_inbox122,data/train/crandell-s_inbox122.json,2,2,0,5,3,Deliver_Action_Data;Deliver_Data,0,4,0,0,0,0,0,0,0,1,0,0,2,5,0
train,crandell-s_inbox15,data/train/crandell-s_inbox15.json,2,2,0,3,3,Deliver_Action_Data;Deliver_Data,0,1,0,0,1,0,0,0,0,0,0,0,2,6,0
train,crandell-s_inbox158,data/train/crandell-s_inbox158.json,2,2,0,2,2,Deliver_Action_Data;Deliver_Data,0,1,0,0,1,1,0,0,0,2,0,1,2,6,1
train,crandell-s_inbox171,data/train/crandell-s_inbox171.json,3,1,2,5,2,Deliver_Action_Data;Request_Action_Data,0,4,0,0,0,0,0,0,0,0,0,0,3,22,0
train,crandell-s_inbox193,data/train/crandell-s_inbox193.json,2,2,0,2,2,Deliver_Action_Data;Deliver_Data,0,1,0,0,1,1,0,0,0,0,0,0,2,6,0
train,crandell-s_inbox196,data/train/crandell-s_inbox196.json,2,1,1,4,1,Deliver_Action_Data,0,4,0,0,0,0,0,0,0,0,0,0,2,6,0
train,crandell-s_inbox197,data/train/crandell-s_inbox197.json,4,3,1,7,3,Deliver_Action_Data;Request_Action,1,6,0,1,2,1,1,1,0,0,0,0,4,8,0
train,crandell-s_inbox209,data/train/crandell-s_inbox209.json,2,2,0,3,3,Deliver_Action_Data;Deliver_Data;Request_Data,0,1,0,0,0,0,0,0,0,0,0,0,2,4,0
train,crandell-s_inbox218,data/train/crandell-s_inbox218.json,2,2,0,4,3,Deliver_Action_Data;Request_Action;Request_Data,2,1,0,1,1,1,2,0,0,0,0,0,2,6,0
train,crandell-s_inbox24,data/train/crandell-s_inbox24.json,3,2,1,11,2,Deliver_Data,0,0,0,0,0,0,1,0,0,0,0,0,3,8,0
train,crandell-s_inbox241,data/train/crandell-s_inbox241.json,2,2,0,5,5,Deliver_Action_Data;Deliver_Data;Request_Action,1,2,0,0,2,2,0,2,0,0,0,0,2,7,0
train,crandell-s_inbox41,data/train/crandell-s_inbox41.json,3,3,0,4,4,Deliver_Data;Request_Action,2,0,0,0,2,0,1,1,0,0,0,0,3,21,0
train,crandell-s_inbox64,data/train/crandell-s_inbox64.json,2,2,0,8,4,Deliver_Action_Data;Deliver_Data;Request_Action,2,4,0,0,2,0,1,1,0,0,0,0,2,12,0
train,crandell-s_inbox_bankruptcy9,data/train/crandell-s_inbox_bankruptcy9.json,2,2,0,6,5,Deliver_Action_Data;Deliver_Meeting_Data;Request_Action,2,3,0,0,0,1,0,0,0,0,0,2,2,6,0
train,crandell-s_inbox_rto_west8,data/train/crandell-s_inbox_rto_west8.json,3,2,1,3,3,Deliver_Action_Data;Deliver_Data;Request_Action,1,1,0,0,2,0,0,2,0,0,0,0,3,6,0
train,dasovich-j_inbox1079,data/train/dasovich-j_inbox1079.json,2,2,0,9,3,Deliver_Action_Data;Deliver_Data,0,4,0,0,2,1,1,2,0,0,0,0,2,4,0
train,dasovich-j_inbox1570,data/train/dasovich-j_inbox1570.json,3,2,1,3,3,Deliver_Data;Request_Action;Request_Data,1,0,0,0,1,0,0,0,0,0,0,0,3,10,0
train,dasovich-j_inbox1646,data/train/dasovich-j_inbox1646.json,2,1,1,3,3,Amend_Data;Request_Data;Request_Meeting,0,0,1,0,1,1,1,0,0,1,0,0,2,6,0
train,dasovich-j_inbox285,data/train/dasovich-j_inbox285.json,3,3,0,5,3,Deliver_Action_Data;Request_Data,0,4,0,0,1,0,1,0,1,1,1,0,3,13,0
train,dasovich-j_inbox318,data/train/dasovich-j_inbox318.json,2,2,0,1,1,Deliver_Data,0,0,0,0,1,0,0,1,0,0,0,0,2,103,0
train,dasovich-j_inbox445,data/train/dasovich-j_inbox445.json,2,2,0,4,3,Deliver_Action_Data;Deliver_Data,0,2,0,0,1,0,1,0,0,1,1,0,2,12,0
train,dasovich-j_inbox548,data/train/dasovich-j_inbox548.json,5,4,1,4,4,Deliver_Action_Data;Deliver_Data;Request_Data,0,1,0,0,2,0,0,2,0,0,0,0,5,29,0
train,dasovich-j_inbox568,data/train/dasovich-j_inbox568.json,2,2,0,3,3,Deliver_Data;Request_Action,1,0,0,0,2,1,1,2,0,1,1,0,2,143,0
train,dasovich-j_inbox657,data/train/dasovich-j_inbox657.json,3,3,0,10,8,Deliver_Action_Data;Deliver_Data;Deliver_Meeting_Data;Request_Action;Request_Data,2,2,0,1,0,1,0,1,0,1,0,1,3,18,0
train,dasovich-j_inbox659,data/train/dasovich-j_inbox659.json,3,3,0,10,7,Deliver_Action_Data;Deliver_Data;Deliver_Meeting_Data;Request_Data,0,5,0,0,1,0,0,0,0,0,0,1,3,10,0
train,dasovich-j_inbox798,data/train/dasovich-j_inbox798.json,3,2,1,3,3,Deliver_Action_Data;Deliver_Meeting_Data;Request_Action,1,1,0,0,1,0,0,0,0,0,0,1,3,8,0
train,dasovich-j_inbox873,data/train/dasovich-j_inbox873.json,2,2,0,5,3,Deliver_Action_Data;Deliver_Data;Deliver_Meeting_Data,0,2,0,0,1,1,0,1,0,0,0,0,2,9,0
train,dasovich-j_inbox881,data/train/dasovich-j_inbox881.json,2,2,0,6,5,Deliver_Action_Data;Deliver_Data;Deliver_Meeting_Data;Request_Meeting,0,2,0,0,2,0,1,0,0,0,0,0,3,6,0
train,dasovich-j_inbox_direct_access_battle4,data/train/dasovich-j_inbox_direct_access_battle4.json,3,2,1,3,1,Deliver_Data,0,0,0,0,1,0,0,1,0,0,0,0,4,9,0
train,derrick-j_inbox100,data/train/derrick-j_inbox100.json,3,3,0,8,6,Amend_Data;Deliver_Action_Data;Deliver_Data;Request_Action,1,1,1,0,3,1,0,3,1,1,0,0,3,8,0
train,derrick-j_inbox104,data/train/derrick-j_inbox104.json,5,4,1,6,4,Deliver_Action_Data;Deliver_Data;Request_Action;Request_Data,1,1,0,1,2,1,0,0,0,1,0,0,5,15,0
train,derrick-j_inbox111,data/train/derrick-j_inbox111.json,2,2,0,11,5,Deliver_Action_Data;Deliver_Data;Deliver_Meeting_Data;Request_Action,1,7,0,1,1,1,1,1,0,0,1,1,2,8,0
train,derrick-j_inbox132,data/train/derrick-j_inbox132.json,2,1,1,5,2,Deliver_Action_Data;Request_Action,2,3,0,0,1,0,0,0,0,0,0,0,2,4,0
train,derrick-j_inbox138,data/train/derrick-j_inbox138.json,2,2,0,3,3,Deliver_Data;Request_Action;Request_Data,1,0,0,0,1,1,0,0,0,0,0,1,2,6,0
train,derrick-j_inbox150,data/train/derrick-j_inbox150.json,4,4,0,15,9,Deliver_Action_Data;Deliver_Meeting_Data;Request_Action_Data;Request_Data;Request_Meeting,0,9,0,0,1,2,1,1,0,2,0,0,4,9,0
train,derrick-j_inbox151,data/train/derrick-j_inbox151.json,3,3,0,10,8,Deliver_Action_Data;Deliver_Meeting_Data;Request_Action_Data;Request_Data;Request_Meeting,0,5,0,0,1,1,1,0,0,1,0,0,3,8,0
train,derrick-j_inbox153,data/train/derrick-j_inbox153.json,2,2,0,3,3,Deliver_Data;Request_Action_Data;Request_Meeting,0,0,0,0,1,1,0,0,0,0,0,0,2,4,0
train,derrick-j_inbox19,data/train/derrick-j_inbox19.json,2,1,1,7,4,Deliver_Action_Data;Deliver_Data;Deliver_Meeting_Data;Request_Action,1,3,0,0,1,0,0,1,1,1,0,0,2,10,0
train,derrick-j_inbox206,data/train/derrick-j_inbox206.json,3,3,0,5,3,Deliver_Action_Data;Deliver_Data,0,1,0,0,2,1,1,2,0,0,0,0,3,10,0
train,derrick-j_inbox21,data/train/derrick-j_inbox21.json,2,2,0,3,2,Amend_Data;Deliver_Data,0,0,2,0,1,0,0,0,0,1,0,0,2,6,0
train,derrick-j_inbox226,data/train/derrick-j_inbox226.json,2,2,0,5,3,Deliver_Action_Data;Deliver_Data;Request_Action,1,2,0,0,2,0,0,2,0,1,0,1,2,24,0
train,derrick-j_inbox234,data/train/derrick-j_inbox234.json,3,3,0,9,5,Deliver_Action_Data;Deliver_Data;Request_Action,2,4,0,1,1,1,1,1,0,0,0,2,3,19,0
train,derrick-j_inbox32,data/train/derrick-j_inbox32.json,3,2,1,6,5,Deliver_Action_Data;Deliver_Data;Deliver_Meeting_Data;Request_Action;Request_Data,1,2,0,1,0,0,0,1,0,1,0,0,3,7,0
train,derrick-j_inbox40,data/train/derrick-j_inbox40.json,2,2,0,1,1,Deliver_Data,0,0,0,0,1,0,0,1,1,1,0,0,2,6,0
train,derrick-j_inbox99,data/train/derrick-j_inbox99.json,2,1,1,7,2,Deliver_Action_Data;Deliver_Data,0,6,0,0,0,1,1,1,0,0,1,0,2,8,0
train,derrick-j_inbox_101,data/train/derrick-j_inbox_101.json,2,2,0,6,5,Deliver_Action_Data;Deliver_Data;Request_Action;Request_Data,1,2,0,0,1,1,0,1,0,0,0,0,2,9,0
train,derrick-j_inbox_103,data/train/derrick-j_inbox_103.json,2,2,0,4,2,Deliver_Action_Data;Deliver_Data,0,3,0,0,0,0,0,1,0,0,0,0,2,8,0
train,derrick-j_inbox_105,data/train/derrick-j_inbox_105.json,4,3,1,5,3,Deliver_Data;Request_Action,1,0,0,0,1,0,1,2,0,1,0,0,4,32,0
train,derrick-j_inbox_112,data/train/derrick-j_inbox_112.json,4,4,0,3,3,Deliver_Action_Data;Deliver_Data;Request_Action_Data,0,1,0,0,2,1,2,2,0,0,0,0,4,20,0
train,derrick-j_inbox_121,data/train/derrick-j_inbox_121.json,2,2,0,2,2,Deliver_Action_Data;Deliver_Data,0,1,0,0,0,0,0,0,0,0,0,0,2,4,0
train,derrick-j_inbox_152,data/train/derrick-j_inbox_152.json,2,1,1,2,1,Deliver_Data,0,0,0,0,0,0,0,0,0,0,0,0,2,5,0
train,derrick-j_inbox_164,data/train/derrick-j_inbox_164.json,2,2,0,2,2,Deliver_Action_Data;Deliver_Data,0,1,0,0,0,1,0,1,0,0,0,0,2,6,0
train,derrick-j_inbox_18,data/train/derrick-j_inbox_18.json,2,1,1,4,2,Deliver_Meeting_Data;Request_Meeting,0,0,0,0,1,0,0,0,0,1,0,0,2,26,0
train,derrick-j_inbox_216,data/train/derrick-j_inbox_216.json,2,2,0,7,5,Deliver_Action_Data;Deliver_Data;Request_Meeting,0,2,0,0,1,1,0,1,0,0,0,0,2,4,0
train,derrick-j_inbox_228,data/train/derrick-j_inbox_228.json,3,3,0,7,4,Deliver_Action_Data;Deliver_Data;Request_Action,2,3,0,1,1,1,1,1,0,0,0,2,3,36,0
train,derrick-j_inbox_233,data/train/derrick-j_inbox_233.json,3,3,0,7,5,Deliver_Action_Data;Deliver_Data;Request_Action,3,3,0,1,1,1,1,2,0,0,0,2,3,32,0
train,derrick-j_inbox_239,data/train/derrick-j_inbox_239.json,2,2,0,3,3,Deliver_Action_Data;Request_Action_Data;Request_Data,0,1,0,0,1,0,0,0,0,0,0,0,2,6,0
train,derrick-j_inbox_243,data/train/derrick-j_inbox_243.json,2,2,0,2,2,Deliver_Data;Request_Action_Data,0,0,0,0,2,0,0,1,0,0,0,1,2,9,0
train,derrick-j_inbox_26,data/train/derrick-j_inbox_26.json,2,1,1,1,1,Deliver_Data,0,0,0,0,1,0,0,1,0,0,0,0,2,6,0
train,derrick-j_inbox_44,data/train/derrick-j_inbox_44.json,3,2,1,1,1,Deliver_Data,0,0,0,0,0,0,1,1,0,0,1,0,3,29,0
train,derrick-j_inbox_54,data/train/derrick-j_inbox_54.json,2,2,0,4,4,Amend_Data;Deliver_Action_Data;Deliver_Data;Request_Action,1,1,1,1,2,0,0,0,0,0,0,0,2,89,0
train,donoho-l_inbox12,data/train/donoho-l_inbox12.json,2,2,0,8,3,Deliver_Action_Data;Request_Data,0,5,0,0,0,0,0,1,0,1,1,0,2,8,0
train,donoho-l_inbox123,data/train/donoho-l_inbox123.json,2,2,0,5,4,Deliver_Action_Data;Deliver_Data;Request_Action;Request_Data,1,2,0,1,1,1,1,0,0,0,0,0,2,18,0
train,donoho-l_inbox143,data/train/donoho-l_inbox143.json,3,2,1,4,3,Deliver_Action_Data;Deliver_Data;Request_Data,0,1,0,0,2,1,1,2,0,0,0,0,3,11,0
train,donoho-l_inbox146,data/train/donoho-l_inbox146.json,3,3,0,6,5,Amend_Data;Deliver_Data;Request_Action;Request_Data,1,0,1,0,3,0,1,1,0,0,0,0,3,33,0
train,donoho-l_inbox147,data/train/donoho-l_inbox147.json,3,3,0,7,6,Amend_Data;Deliver_Data;Request_Action;Request_Data,1,0,2,1,3,0,1,1,0,0,0,1,3,32,0
train,donoho-l_inbox156,data/train/donoho-l_inbox156.json,3,3,0,6,6,Deliver_Data;Request_Action;Request_Action_Data;Request_Data,2,0,0,0,2,1,2,1,0,2,0,0,3,31,0
train,donoho-l_inbox165,data/train/donoho-l_inbox165.json,2,2,0,6,5,Deliver_Action_Data;Deliver_Data;Request_Action;Request_Data,2,1,0,0,1,0,0,1,0,0,0,0,3,7,0
train,donoho-l_inbox174,data/train/donoho-l_inbox174.json,3,3,0,5,4,Deliver_Action_Data;Deliver_Data;Request_Action;Request_Data,1,1,0,1,0,0,1,1,0,0,0,0,4,10,0
train,donoho-l_inbox176,data/train/donoho-l_inbox176.json,6,3,3,3,3,Deliver_Action_Data;Deliver_Data,0,1,0,0,1,0,0,0,0,0,0,0,6,11,0
train,donoho-l_inbox216,data/train/donoho-l_inbox216.json,2,2,0,1,1,Deliver_Action_Data,0,1,0,0,0,0,1,0,0,1,0,0,2,29,0
train,donoho-l_inbox30,data/train/donoho-l_inbox30.json,2,2,0,7,3,Deliver_Action_Data;Deliver_Data;Deliver_Meeting_Data,0,5,0,0,1,1,0,1,0,0,1,1,2,18,0
train,donoho-l_inbox34,data/train/donoho-l_inbox34.json,2,2,0,2,2,Deliver_Data;Request_Action,1,0,0,0,0,0,0,1,0,0,0,0,2,37,0
train,donoho-l_inbox35,data/train/donoho-l_inbox35.json,2,2,0,6,4,Deliver_Meeting_Data;Request_Action,2,0,0,0,2,0,1,0,0,0,0,0,2,19,0
train,donoho-l_inbox47,data/train/donoho-l_inbox47.json,2,2,0,2,2,Deliver_Meeting_Data;Request_Meeting,0,0,0,0,1,1,0,0,0,0,0,0,2,15,0
train,donoho-l_inbox57,data/train/donoho-l_inbox57.json,2,2,0,8,4,Deliver_Data;Request_Action;Request_Data,1,0,0,0,1,0,1,2,0,0,0,0,2,14,0
train,donoho-l_inbox58,data/train/donoho-l_inbox58.json,2,2,0,1,1,Deliver_Data,0,0,0,0,1,0,0,1,0,0,0,0,2,6,0
train,donoho-l_inbox80,data/train/donoho-l_inbox80.json,3,3,0,6,6,Amend_Data;Deliver_Action_Data;Deliver_Data;Deliver_Meeting_Data;Request_Data,0,1,2,0,2,0,1,0,0,2,0,0,3,6,0
train,donoho-l_inbox9,data/train/donoho-l_inbox9.json,2,2,0,3,3,Amend_Data;Deliver_Data;Request_Action,1,0,1,0,2,0,1,2,0,1,0,0,2,14,0
train,donoho-l_inbox91,data/train/donoho-l_inbox91.json,4,4,0,11,8,Deliver_Action_Data;Deliver_Data;Request_Data,0,6,0,0,4,0,0,2,0,0,1,0,4,8,0
train,donoho-l_inbox_218,data/train/donoho-l_inbox_218.json,2,1,1,4,2,Deliver_Action_Data;Deliver_Meeting_Data,0,3,0,0,0,0,0,0,0,1,0,0,2,6,0
train,donoho-l_inbox_junk_file119,data/train/donoho-l_inbox_junk_file119.json,2,2,0,3,3,Deliver_Action_Data;Deliver_Data;Request_Action,1,1,0,1,0,0,0,1,0,0,0,1,2,36,0
train,donoho-l_inbox_junk_file198,data/train/donoho-l_inbox_junk_file198.json,2,2,0,5,4,Deliver_Action_Data;Deliver_Data;Deliver_Meeting_Data;Request_Meeting,0,1,0,0,1,1,0,1,0,0,0,0,2,6,0
train,donoho-l_inbox_junk_file212,data/train/donoho-l_inbox_junk_file212.json,4,4,0,5,5,Deliver_Action_Data;Deliver_Data;Request_Action;Request_Data,1,1,0,0,1,1,0,2,0,0,0,0,4,13,0
train,donoho-l_inbox_junk_file235,data/train/donoho-l_inbox_junk_file235.json,2,2,0,1,1,Deliver_Data,0,0,0,0,0,0,0,0,0,0,0,0,2,6,0
train,donoho-l_inbox_junk_file237,data/train/donoho-l_inbox_junk_file237.json,2,2,0,1,1,Deliver_Data,0,0,0,0,1,0,0,0,0,0,0,0,2,6,0
train,donoho-l_inbox_junk_file242,data/train/donoho-l_inbox_junk_file242.json,2,2,0,2,2,Amend_Meeting_Data;Deliver_Meeting_Data,0,0,1,0,2,2,0,0,0,0,0,0,2,26,0
train,donoho-l_inbox_junk_file270,data/train/donoho-l_inbox_junk_file270.json,4,4,0,12,9,Deliver_Action_Data;Deliver_Data;Request_Action;Request_Meeting,5,4,0,0,1,2,1,2,0,0,0,0,4,21,0
train,donoho-l_inbox_junk_file331,data/train/donoho-l_inbox_junk_file331.json,3,3,0,14,9,Amend_Data;Deliver_Action_Data;Deliver_Data;Deliver_Meeting_Data;Request_Action;Request_Action_Data;Request_Data,1,5,1,0,2,2,0,1,0,1,0,0,3,10,0
train,donoho-l_inbox_junk_file369,data/train/donoho-l_inbox_junk_file369.json,6,6,0,8,5,Deliver_Action_Data;Deliver_Data;Request_Data,0,4,0,0,2,0,1,2,0,0,0,0,6,9,0
train,donoho-l_inbox_junk_file418,data/train/donoho-l_inbox_junk_file418.json,3,3,0,14,9,Deliver_Action_Data;Deliver_Data;Deliver_Meeting_Data;Request_Action_Data;Request_Data,0,6,0,0,2,2,1,0,0,1,1,2,3,28,0
train,donoho-l_inbox_junk_file547,data/train/donoho-l_inbox_junk_file547.json,4,4,0,3,3,Deliver_Data;Request_Action,2,0,0,0,2,0,0,1,0,0,0,0,4,20,0
train,donoho-l_inbox_junk_file9,data/train/donoho-l_inbox_junk_file9.json,2,2,0,3,3,Deliver_Action_Data;Deliver_Data;Request_Action,1,1,0,1,0,0,0,1,0,1,0,1,2,33,0
train,geaccone-t_inbox129,data/train/geaccone-t_inbox129.json,2,2,0,1,1,Request_Action,1,0,0,0,1,0,1,0,0,0,0,0,2,24,0
train,geaccone-t_inbox139,data/train/geaccone-t_inbox139.json,2,2,0,7,4,Deliver_Action_Data;Request_Action;Request_Data,1,5,0,0,2,1,1,1,0,1,0,0,2,7,0
train,geaccone-t_inbox152,data/train/geaccone-t_inbox152.json,2,2,0,4,3,Deliver_Action_Data;Deliver_Meeting_Data;Request_Data,0,2,0,0,0,0,0,0,0,0,0,1,2,6,0
train,geaccone-t_inbox20,data/train/geaccone-t_inbox20.json,3,3,0,4,4,Amend_Data;Deliver_Action_Data;Deliver_Data;Request_Action_Data,0,1,1,0,2,1,0,0,0,0,0,0,3,8,0
train,geaccone-t_inbox223,data/train/geaccone-t_inbox223.json,2,2,0,1,1,Request_Action,1,0,0,0,1,1,0,0,0,0,0,0,2,7,0
train,geaccone-t_inbox237,data/train/geaccone-t_inbox237.json,8,8,0,12,10,Deliver_Action_Data;Deliver_Meeting_Data;Request_Action;Request_Action_Data;Request_Data,3,5,0,1,4,1,1,1,0,0,0,0,8,18,0
train,geaccone-t_inbox321,data/train/geaccone-t_inbox321.json,3,3,0,10,6,Deliver_Action_Data;Deliver_Data;Request_Action;Request_Meeting,2,5,0,0,2,2,0,2,0,1,0,0,3,22,0
train,geaccone-t_inbox327,data/train/geaccone-t_inbox327.json,2,2,0,3,2,Request_Action;Request_Data,2,0,0,0,2,0,0,0,0,0,0,1,2,9,0
train,geaccone-t_inbox339,data/train/geaccone-t_inbox339.json,2,1,1,1,1,Deliver_Data,0,0,0,0,0,0,0,0,0,0,0,0,2,7,0
train,geaccone-t_inbox36,data/train/geaccone-t_inbox36.json,2,2,0,3,3,Amend_Meeting_Data;Deliver_Action_Data;Request_Meeting,0,1,1,0,2,0,0,0,0,0,0,0,2,32,0
train,geaccone-t_inbox432,data/train/geaccone-t_inbox432.json,2,2,0,2,2,Deliver_Data;Request_Action,1,0,0,0,1,0,0,0,0,0,0,0,2,9,0
train,geaccone-t_inbox465,data/train/geaccone-t_inbox465.json,3,3,0,13,7,Deliver_Action_Data;Deliver_Data;Request_Action;Request_Meeting,4,6,0,0,3,0,0,1,0,0,0,1,3,15,0
train,geaccone-t_inbox49,data/train/geaccone-t_inbox49.json,2,2,0,3,3,Deliver_Action_Data;Deliver_Data,0,1,0,0,2,1,0,2,0,1,0,0,2,8,0
train,geaccone-t_inbox494,data/train/geaccone-t_inbox494.json,2,2,0,5,4,Deliver_Data;Request_Action;Request_Data,3,0,0,0,2,1,1,2,0,0,0,0,2,6,0
train,geaccone-t_inbox495,data/train/geaccone-t_inbox495.json,2,2,0,5,4,Deliver_Data;Request_Action;Request_Data,2,0,0,0,2,0,0,2,0,0,0,0,2,6,0
train,geaccone-t_inbox572,data/train/geaccone-t_inbox572.json,3,3,0,3,3,Deliver_Data;Request_Action;Request_Data,1,0,0,0,1,0,0,0,0,0,0,0,3,8,0
train,geaccone-t_inbox581,data/train/geaccone-t_inbox581.json,3,3,0,3,3,Deliver_Action_Data;Deliver_Data;Request_Action_Data,0,1,0,0,1,0,0,2,0,1,0,0,3,10,0
train,germany-c_inbox10,data/train/germany-c_inbox10.json,2,2,0,2,1,Deliver_Data,0,0,0,0,1,0,0,1,0,0,0,0,2,5,0
train,germany-c_inbox105,data/train/germany-c_inbox105.json,2,2,0,3,2,Deliver_Action_Data;Request_Action,1,2,0,0,1,0,0,0,0,0,1,0,2,10,0
train,germany-c_inbox124,data/train/germany-c_inbox124.json,2,2,0,7,5,Deliver_Action_Data;Request_Action;Request_Data,2,4,0,0,1,1,1,0,0,0,0,0,2,6,0
train,germany-c_inbox144,data/train/germany-c_inbox144.json,2,2,0,6,3,Deliver_Action_Data;Request_Action,1,5,0,0,2,2,1,0,1,1,1,0,2,6,0
train,germany-c_inbox15,data/train/germany-c_inbox15.json,2,2,0,5,5,Amend_Data;Deliver_Action_Data;Deliver_Data;Request_Action_Data,0,2,1,0,1,0,0,0,0,0,0,0,2,6,0
train,germany-c_inbox153,data/train/germany-c_inbox153.json,2,2,0,1,1,Deliver_Data,0,0,0,0,1,0,0,0,0,0,0,0,2,21,0
train,germany-c_inbox185,data/train/germany-c_inbox185.json,2,1,1,5,3,Deliver_Action_Data;Request_Action_Data;Request_Data,0,2,0,0,1,0,0,0,1,1,1,1,2,6,0
train,germany-c_inbox186,data/train/germany-c_inbox186.json,2,2,0,4,4,Deliver_Action_Data;Deliver_Data;Request_Action;Request_Data,1,1,0,0,1,2,0,0,1,1,1,0,2,6,0
train,germany-c_inbox193,data/train/germany-c_inbox193.json,2,2,0,12,6,Deliver_Action_Data;Deliver_Data;Request_Action;Request_Action_Data;Request_Data,2,4,0,1,2,2,1,0,0,0,0,1,2,6,0
train,germany-c_inbox194,data/train/germany-c_inbox194.json,2,2,0,1,1,Deliver_Data,0,0,0,0,1,0,0,0,0,0,0,0,2,22,0
train,germany-c_inbox204,data/train/germany-c_inbox204.json,3,3,0,5,4,Deliver_Action_Data;Deliver_Meeting_Data;Request_Action,2,2,0,0,1,1,1,0,0,0,0,0,3,78,0
train,germany-c_inbox211,data/train/germany-c_inbox211.json,2,1,1,3,3,Deliver_Data;Request_Action;Request_Data,1,0,0,0,1,0,0,0,0,0,0,0,2,6,0
train,germany-c_inbox220,data/train/germany-c_inbox220.json,2,2,0,1,1,Deliver_Data,0,0,0,0,0,0,1,0,0,0,0,0,2,6,0
train,germany-c_inbox236,data/train/germany-c_inbox236.json,3,3,0,3,2,Deliver_Action_Data,0,3,0,0,0,2,0,0,0,0,0,0,3,10,0
train,germany-c_inbox241,data/train/germany-c_inbox241.json,2,2,0,3,2,Deliver_Action_Data,0,3,0,0,0,1,0,0,0,1,0,0,2,28,0
train,germany-c_inbox255,data/train/germany-c_inbox255.json,2,2,0,7,6,Amend_Data;Deliver_Action_Data;Deliver_Data;Request_Data,0,3,1,0,1,0,0,0,1,1,1,0,2,6,0
train,germany-c_inbox256,data/train/germany-c_inbox256.json,3,3,0,3,3,Deliver_Action_Data;Deliver_Data,0,1,0,0,0,0,1,1,0,0,0,0,3,33,0
train,germany-c_inbox258,data/train/germany-c_inbox258.json,2,2,0,3,3,Deliver_Action_Data;Deliver_Data;Request_Action,1,1,0,1,1,0,0,0,0,0,0,0,2,8,0
train,germany-c_inbox262,data/train/germany-c_inbox262.json,2,2,0,3,3,Amend_Data;Deliver_Action_Data;Request_Data,0,1,1,0,2,1,1,0,0,0,0,0,2,6,0
train,germany-c_inbox278,data/train/germany-c_inbox278.json,3,3,0,4,4,Deliver_Data;Request_Data,0,0,0,0,0,1,1,0,0,1,0,0,3,12,0
train,germany-c_inbox28,data/train/germany-c_inbox28.json,5,4,1,1,1,Deliver_Action_Data,0,1,0,0,0,0,0,2,0,2,0,0,5,45,0
train,germany-c_inbox282,data/train/germany-c_inbox282.json,2,2,0,3,2,Deliver_Action_Data;Deliver_Data,0,2,0,0,0,0,1,0,0,1,0,1,2,29,0
train,germany-c_inbox286,data/train/germany-c_inbox286.json,2,2,0,8,3,Deliver_Action_Data;Deliver_Data;Request_Data,0,4,0,0,0,1,0,0,0,0,0,0,2,8,0
train,germany-c_inbox298,data/train/germany-c_inbox298.json,3,3,0,9,4,Deliver_Action_Data;Request_Action,3,6,0,0,0,3,0,0,0,0,0,0,3,5,0
train,germany-c_inbox299,data/train/germany-c_inbox299.json,3,2,1,2,2,Request_Action;Request_Meeting,1,0,0,0,2,1,1,0,0,0,0,0,3,33,0
train,germany-c_inbox308,data/train/germany-c_inbox308.json,2,2,0,5,4,Deliver_Action_Data;Deliver_Data;Request_Action;Request_Data,1,2,0,0,1,0,0,0,1,1,1,0,2,6,0
train,germany-c_inbox319,data/train/germany-c_inbox319.json,4,4,0,9,6,Amend_Data;Deliver_Action_Data;Request_Action;Request_Data,1,3,3,1,1,0,0,1,0,1,0,1,4,8,0
train,germany-c_inbox398,data/train/germany-c_inbox398.json,2,2,0,3,3,Deliver_Action_Data;Request_Action;Request_Data,1,1,0,1,1,1,0,0,0,0,0,0,2,6,0
train,germany-c_inbox43,data/train/germany-c_inbox43.json,3,1,2,3,2,Deliver_Data;Request_Data,0,0,0,0,0,1,0,0,0,0,0,0,3,7,0
train,germany-c_inbox45,data/train/germany-c_inbox45.json,2,2,0,14,6,Deliver_Action_Data;Deliver_Data;Request_Action;Request_Action_Data,1,10,0,0,1,2,0,0,0,0,1,0,2,22,0
train,germany-c_inbox6,data/train/germany-c_inbox6.json,2,2,0,3,3,Deliver_Action_Data;Request_Action,1,2,0,1,0,2,0,0,0,0,0,0,2,14,0
train,germany-c_inbox68,data/train/germany-c_inbox68.json,2,2,0,7,4,Deliver_Action_Data;Deliver_Data;Request_Action_Data;Request_Data,0,3,0,0,1,0,1,1,0,1,0,0,2,6,0
train,germany-c_inbox81,data/train/germany-c_inbox81.json,2,2,0,4,4,Deliver_Action_Data;Deliver_Data;Request_Data;Request_Meeting,0,1,0,0,1,0,0,0,0,0,0,1,2,3,0
train,germany-c_inbox82,data/train/germany-c_inbox82.json,2,2,0,2,2,Request_Action;Request_Data,1,0,0,0,1,0,1,0,0,0,0,0,2,16,0
train,giron-d_inbox136,data/train/giron-d_inbox136.json,3,2,1,5,5,Deliver_Action_Data;Request_Action;Request_Data;Request_Meeting,2,1,0,0,2,1,0,1,1,1,1,0,3,6,0
train,giron-d_inbox187,data/train/giron-d_inbox187.json,2,2,0,11,5,Deliver_Action_Data;Request_Action_Data;Request_Data;Request_Meeting,0,5,0,0,2,0,0,0,1,1,1,0,2,4,0
train,giron-d_inbox256,data/train/giron-d_inbox256.json,4,4,0,3,3,Deliver_Action_Data;Deliver_Data;Request_Data,0,1,0,0,1,2,0,1,0,0,0,2,4,6,0
train,giron-d_inbox265,data/train/giron-d_inbox265.json,2,2,0,5,5,Amend_Meeting_Data;Deliver_Action_Data;Request_Action;Request_Data;Request_Meeting,1,1,1,0,1,2,0,0,0,0,0,0,2,12,0
train,giron-d_inbox306,data/train/giron-d_inbox306.json,2,2,0,2,1,Deliver_Action_Data,0,2,0,0,0,0,0,0,0,0,0,1,2,5,0
train,giron-d_inbox33,data/train/giron-d_inbox33.json,4,3,1,2,2,Deliver_Action_Data;Request_Data,0,1,0,0,0,0,0,0,0,0,0,1,4,8,0
train,giron-d_inbox373,data/train/giron-d_inbox373.json,2,2,0,3,3,Deliver_Action_Data;Deliver_Data;Request_Action,1,1,0,0,1,0,0,1,0,0,0,0,2,10,0
train,giron-d_inbox393,data/train/giron-d_inbox393.json,3,3,0,8,7,Deliver_Action_Data;Deliver_Meeting_Data;Request_Action;Request_Meeting,1,4,0,1,3,0,0,0,1,1,1,0,3,7,0
train,giron-d_inbox424,data/train/giron-d_inbox424.json,3,3,0,4,3,Deliver_Action_Data;Deliver_Data;Request_Action,1,1,0,0,1,0,0,1,0,0,0,0,3,14,0
train,giron-d_inbox43,data/train/giron-d_inbox43.json,2,2,0,2,2,Deliver_Data;Request_Action,1,0,0,0,1,0,0,0,0,0,0,0,2,8,0
train,giron-d_inbox444,data/train/giron-d_inbox444.json,2,1,1,1,1,Deliver_Data,0,0,0,0,1,0,0,0,0,1,0,1,4,5,1
train,giron-d_inbox49,data/train/giron-d_inbox49.json,2,2,0,2,2,Amend_Data;Deliver_Action_Data,0,1,1,0,1,0,0,0,0,0,0,0,2,18,0
train,giron-d_inbox58,data/train/giron-d_inbox58.json,3,3,0,7,5,Deliver_Action_Data;Deliver_Data;Request_Action;Request_Action_Data,3,2,0,1,2,2,0,1,0,0,0,0,3,6,0
train,giron-d_inbox76,data/train/giron-d_inbox76.json,2,1,1,2,2,Amend_Data;Deliver_Data,0,0,1,0,1,0,0,1,0,0,0,0,2,9,0
train,giron-d_inbox8,data/train/giron-d_inbox8.json,2,2,0,2,2,Deliver_Action_Data;Deliver_Data,0,1,0,0,0,0,0,0,0,0,0,0,2,13,0
train,giron-d_inbox82,data/train/giron-d_inbox82.json,2,2,0,4,3,Amend_Data;Deliver_Action_Data;Request_Action,2,1,1,1,1,1,1,2,0,0,0,0,2,9,0
train,giron-d_inbox9,data/train/giron-d_inbox9.json,4,3,1,5,3,Deliver_Action_Data;Request_Action;Request_Data,2,2,0,0,1,1,0,0,0,0,0,0,4,18,0
train,haedicke-m_inbox112,data/train/haedicke-m_inbox112.json,2,2,0,2,2,Deliver_Data;Deliver_Meeting_Data,0,0,0,0,1,0,0,1,0,0,1,0,2,5,0
train,haedicke-m_inbox114,data/train/haedicke-m_inbox114.json,2,2,0,8,3,Deliver_Action_Data;Deliver_Data;Request_Action,1,2,0,0,1,0,0,1,0,0,0,0,2,5,0
train,haedicke-m_inbox178,data/train/haedicke-m_inbox178.json,4,4,0,4,3,Deliver_Action_Data;Deliver_Data;Request_Action,1,2,0,1,1,1,0,0,0,0,0,1,4,8,0
train,haedicke-m_inbox20,data/train/haedicke-m_inbox20.json,3,3,0,9,7,Deliver_Action_Data;Deliver_Data;Request_Action;Request_Data,4,1,0,0,2,0,2,1,0,3,0,0,3,65,0
train,haedicke-m_inbox454,data/train/haedicke-m_inbox454.json,3,2,1,9,3,Deliver_Action_Data;Deliver_Data;Request_Action,2,4,0,1,0,0,1,1,0,0,0,0,3,10,0
train,haedicke-m_inbox462,data/train/haedicke-m_inbox462.json,3,3,0,10,4,Deliver_Action_Data;Deliver_Data;Request_Action,1,1,0,0,1,0,0,1,0,1,1,0,3,8,0
train,haedicke-m_inbox541,data/train/haedicke-m_inbox541.json,2,2,0,1,1,Deliver_Data,0,0,0,0,1,0,0,1,0,0,0,0,2,5,0
train,haedicke-m_inbox582,data/train/haedicke-m_inbox582.json,3,2,1,3,2,Deliver_Action_Data;Deliver_Data,0,2,0,0,1,0,0,0,0,0,0,0,3,8,0
train,haedicke-m_inbox650,data/train/haedicke-m_inbox650.json,2,2,0,5,4,Deliver_Action_Data;Request_Action,2,3,0,0,2,0,1,0,0,0,0,1,2,6,0
train,haedicke-m_inbox651,data/train/haedicke-m_inbox651.json,2,2,0,2,2,Deliver_Data;Request_Data,0,0,0,0,1,0,0,1,0,0,0,0,2,11,0
train,haedicke-m_inbox658,data/train/haedicke-m_inbox658.json,2,1,1,9,3,Deliver_Action_Data;Deliver_Data;Request_Action,1,1,0,0,1,0,0,0,0,0,0,0,3,5,0
train,haedicke-m_inbox685,data/train/haedicke-m_inbox685.json,2,1,1,3,2,Deliver_Data;Request_Action,1,0,0,0,1,0,0,1,0,1,0,0,2,7,0
train,haedicke-m_inbox688,data/train/haedicke-m_inbox688.json,2,2,0,7,3,Amend_Data;Deliver_Action_Data,0,6,1,0,0,1,1,1,0,0,1,0,2,12,0
train,haedicke-m_inbox691,data/train/haedicke-m_inbox691.json,2,2,0,9,4,Deliver_Action_Data;Deliver_Data;Request_Action,3,2,0,0,2,1,0,2,0,0,0,0,2,22,0
train,haedicke-m_inbox_58,data/train/haedicke-m_inbox_58.json,2,2,0,9,4,Deliver_Action_Data;Request_Action;Request_Meeting;Request_Meeting_Data,3,4,0,0,2,1,0,1,0,1,1,0,2,33,0
train,hayslett-r_inbox117,data/train/hayslett-r_inbox117.json,3,3,0,6,6,Deliver_Action_Data;Request_Action;Request_Action_Data;Request_Data,2,2,0,0,2,2,1,0,0,0,0,0,3,6,0
train,hayslett-r_inbox144,data/train/hayslett-r_inbox144.json,3,3,0,4,3,Deliver_Meeting_Data;Request_Action;Request_Data,1,0,0,0,2,0,0,0,0,0,0,0,3,11,0
train,hayslett-r_inbox150,data/train/hayslett-r_inbox150.json,2,2,0,7,4,Deliver_Action_Data;Deliver_Data;Deliver_Meeting_Data,0,1,0,0,1,1,0,0,1,0,0,2,2,7,0
train,hayslett-r_inbox158,data/train/hayslett-r_inbox158.json,2,2,0,4,3,Deliver_Action_Data;Request_Data,0,3,0,0,2,0,0,0,0,1,1,0,2,6,0
train,hayslett-r_inbox170,data/train/hayslett-r_inbox170.json,2,2,0,5,4,Deliver_Action_Data;Deliver_Data;Request_Action;Request_Data,1,1,0,1,1,1,0,1,0,0,0,0,3,6,0
train,hayslett-r_inbox24,data/train/hayslett-r_inbox24.json,3,3,0,8,6,Deliver_Action_Data;Request_Action;Request_Data;Request_Meeting,3,3,0,0,2,2,0,0,0,0,0,0,3,23,0
train,hayslett-r_inbox249,data/train/hayslett-r_inbox249.json,2,2,0,3,3,Deliver_Action_Data;Request_Action;Request_Data,1,1,0,1,1,0,0,1,0,0,0,1,3,6,0
train,hayslett-r_inbox252,data/train/hayslett-r_inbox252.json,2,2,0,1,1,Request_Data,0,0,0,0,0,0,0,1,0,0,0,1,3,12,0
train,hayslett-r_inbox257,data/train/hayslett-r_inbox257.json,3,3,0,2,2,Deliver_Action_Data;Request_Data,0,1,0,0,0,0,0,1,0,0,0,1,4,12,0
train,hayslett-r_inbox34,data/train/hayslett-r_inbox34.json,4,4,0,11,7,Deliver_Action_Data;Deliver_Data;Request_Action;Request_Data;Request_Meeting,2,5,0,0,2,2,0,2,0,1,0,0,4,22,0
train,hayslett-r_inbox43,data/train/hayslett-r_inbox43.json,5,5,0,11,8,Deliver_Action_Data;Deliver_Data;Request_Action;Request_Action_Data;Request_Data,1,2,0,0,1,1,0,0,0,0,0,0,5,12,0
train,hayslett-r_inbox61,data/train/hayslett-r_inbox61.json,2,2,0,5,3,Deliver_Action_Data;Deliver_Data,0,4,0,0,2,2,2,1,0,1,0,0,2,23,0
train,hayslett-r_inbox83,data/train/hayslett-r_inbox83.json,2,1,1,1,1,Deliver_Data,0,0,0,0,0,0,0,0,0,0,0,0,2,9,0
train,hayslett-r_inbox98,data/train/hayslett-r_inbox98.json,2,1,1,1,1,Deliver_Data,0,0,0,0,1,0,0,1,0,0,0,0,2,7,0
train,hayslett-r_inbox_22,data/train/hayslett-r_inbox_22.json,2,1,1,1,1,Deliver_Meeting_Data,0,0,0,0,0,0,0,0,0,0,0,0,2,48,0
train,heard-m_inbox101,data/train/heard-m_inbox101.json,2,2,0,4,4,Deliver_Action_Data;Deliver_Data;Request_Action,1,2,0,1,1,1,0,1,0,0,0,0,2,5,0
train,heard-m_inbox102,data/train/heard-m_inbox102.json,3,2,1,9,4,Deliver_Action_Data;Deliver_Data;Deliver_Meeting_Data;Request_Action,4,3,0,1,2,1,1,1,0,0,0,0,3,9,0
train,heard-m_inbox11,data/train/heard-m_inbox11.json,2,2,0,4,2,Deliver_Action_Data;Deliver_Data,0,2,0,0,0,0,0,0,0,0,0,1,2,97,0
train,heard-m_inbox249,data/train/heard-m_inbox249.json,3,3,0,7,5,Deliver_Action_Data;Deliver_Meeting_Data;Request_Action;Request_Meeting,1,4,0,1,1,1,0,1,0,0,0,0,3,6,0
train,heard-m_inbox89,data/train/heard-m_inbox89.json,2,2,0,0,0,,0,0,0,0,0,0,0,0,0,0,0,0,2,9,0
train,heard-m_inbox_118,data/train/heard-m_inbox_118.json,2,2,0,6,5,Deliver_Action_Data;Deliver_Data;Deliver_Meeting_Data;Request_Action,1,2,0,1,1,1,1,0,0,0,0,0,2,30,0
train,heard-m_inbox_160,data/train/heard-m_inbox_160.json,3,3,0,9,7,Deliver_Action_Data;Deliver_Data;Request_Action;Request_Data,1,3,0,1,2,2,2,1,0,0,0,0,3,7,0
train,heard-m_inbox_179,data/train/heard-m_inbox_179.json,2,2,0,6,5,Amend_Data;Deliver_Action_Data;Request_Action,3,2,1,0,2,0,0,0,0,1,0,0,2,7,0
train,heard-m_inbox_190,data/train/heard-m_inbox_190.json,3,1,2,2,1,Deliver_Data,0,0,0,0,0,0,0,0,0,0,0,0,3,18,0
train,heard-m_inbox_23,data/train/heard-m_inbox_23.json,3,3,0,7,4,Deliver_Action_Data;Deliver_Data;Request_Action;Request_Data,2,3,0,0,1,0,0,2,0,0,1,0,3,8,0
train,heard-m_inbox_236,data/train/heard-m_inbox_236.json,2,2,0,10,4,Deliver_Action_Data;Deliver_Data;Request_Data,0,5,0,0,1,0,0,2,0,0,1,1,2,6,0
train,heard-m_inbox_242,data/train/heard-m_inbox_242.json,3,3,0,4,4,Request_Action;Request_Data,1,0,0,0,2,0,0,0,0,0,0,0,3,8,0
train,heard-m_inbox_252,data/train/heard-m_inbox_252.json,2,2,0,6,4,Deliver_Action_Data;Request_Action;Request_Data,1,4,0,0,0,0,0,0,0,0,0,0,2,6,0
train,heard-m_inbox_256,data/train/heard-m_inbox_256.json,4,4,0,4,4,Amend_Data;Deliver_Data;Request_Action,1,0,1,0,2,1,0,1,0,0,0,1,4,12,0
train,heard-m_inbox_289,data/train/heard-m_inbox_289.json,3,2,1,15,8,Deliver_Action_Data;Deliver_Meeting_Data;Request_Action;Request_Data;Request_Meeting;Request_Meeting_Data,2,5,0,0,1,1,0,0,0,0,0,1,3,6,0
train,heard-m_inbox_296,data/train/heard-m_inbox_296.json,3,3,0,6,5,Deliver_Action_Data;Deliver_Data;Request_Action,2,2,0,0,2,0,1,1,0,0,0,0,3,8,0
train,heard-m_inbox_316,data/train/heard-m_inbox_316.json,2,2,0,3,3,Deliver_Action_Data;Deliver_Data,0,2,0,0,1,0,0,0,0,1,0,0,2,21,0
train,heard-m_inbox_32,data/train/heard-m_inbox_32.json,3,3,0,3,2,Request_Action;Request_Data,1,0,0,0,2,1,0,1,0,0,0,0,3,8,0
train,heard-m_inbox_48,data/train/heard-m_inbox_48.json,6,6,0,13,9,Deliver_Action_Data;Deliver_Data;Request_Action;Request_Action_Data,1,6,0,1,5,2,0,0,0,0,0,1,6,17,0
train,heard-m_inbox_60,data/train/heard-m_inbox_60.json,2,2,0,2,2,Request_Action_Data;Request_Data,0,0,0,0,1,0,0,0,0,0,0,0,2,9,0
train,heard-m_inbox_70,data/train/heard-m_inbox_70.json,3,3,0,5,5,Deliver_Action_Data;Deliver_Data;Request_Action,2,2,0,0,2,0,0,1,1,0,0,0,3,13,0
train,heard-m_inbox_90,data/train/heard-m_inbox_90.json,3,3,0,3,3,Deliver_Action_Data;Request_Action_Data,0,2,0,0,1,0,0,0,0,0,0,0,3,8,0
train,heard-m_inbox_master_netting1,data/train/heard-m_inbox_master_netting1.json,2,2,0,4,3,Deliver_Action_Data;Request_Action;Request_Data,1,1,0,0,1,0,1,1,0,0,0,1,2,46,0
train,heard-m_inbox_master_netting136,data/train/heard-m_inbox_master_netting136.json,2,2,0,1,1,Request_Data,0,0,0,0,1,0,0,0,0,1,0,0,2,6,0
train,heard-m_inbox_master_netting151,data/train/heard-m_inbox_master_netting151.json,4,4,0,6,4,Amend_Data;Deliver_Data,0,0,3,0,3,1,0,2,1,2,1,1,4,14,0
train,heard-m_inbox_master_netting196,data/train/heard-m_inbox_master_netting196.json,2,2,0,4,2,Request_Action;Request_Data,2,0,0,0,1,0,0,1,0,0,0,1,2,68,0
train,heard-m_inbox_master_netting287,data/train/heard-m_inbox_master_netting287.json,2,2,0,7,5,Deliver_Action_Data;Deliver_Data;Deliver_Meeting_Data;Request_Action,2,3,0,0,2,0,1,0,0,2,0,1,2,80,0
train,heard-m_inbox_master_netting291,data/train/heard-m_inbox_master_netting291.json,2,2,0,5,3,Amend_Data;Deliver_Action_Data;Request_Action,1,3,1,1,2,1,1,1,0,2,0,0,2,80,0
train,heard-m_inbox_master_netting50,data/train/heard-m_inbox_master_netting50.json,3,3,0,7,6,Deliver_Data;Deliver_Meeting_Data;Request_Action;Request_Action_Data;Request_Meeting,2,0,0,0,3,1,0,0,0,0,0,0,3,9,0
train,heard-m_inbox_master_netting59,data/train/heard-m_inbox_master_netting59.json,2,2,0,2,2,Deliver_Action_Data,0,2,0,0,1,1,0,0,0,0,0,0,2,6,0
train,heard-m_inbox_master_netting64,data/train/heard-m_inbox_master_netting64.json,4,4,0,5,5,Deliver_Action_Data;Request_Action;Request_Action_Data;Request_Data,1,2,0,1,1,1,1,0,0,0,0,0,4,10,0
train,hernandez-j_inbox108,data/train/hernandez-j_inbox108.json,2,2,0,3,2,Deliver_Action_Data;Request_Data,0,1,0,0,1,1,0,0,0,1,0,0,2,24,0
train,hernandez-j_inbox109,data/train/hernandez-j_inbox109.json,2,2,0,10,4,Deliver_Action_Data;Deliver_Meeting_Data;Request_Data,0,6,0,0,2,2,0,0,0,0,0,0,2,24,0
train,hernandez-j_inbox112,data/train/hernandez-j_inbox112.json,2,2,0,6,3,Deliver_Action_Data;Request_Data,0,3,0,0,2,1,0,0,0,0,0,0,2,24,0
train,hernandez-j_inbox20,data/train/hernandez-j_inbox20.json,2,1,1,1,1,Deliver_Data,0,0,0,0,1,0,0,1,1,1,0,0,3,36,0
train,hernandez-j_inbox235,data/train/hernandez-j_inbox235.json,2,2,0,7,3,Deliver_Action_Data;Deliver_Data;Request_Action,1,5,0,0,2,1,1,0,0,0,0,0,2,40,0
train,hernandez-j_inbox242,data/train/hernandez-j_inbox242.json,2,2,0,5,3,Deliver_Action_Data;Request_Action,3,2,0,0,2,0,0,0,0,0,0,0,2,23,0
train,hernandez-j_inbox244,data/train/hernandez-j_inbox244.json,3,3,0,6,3,Deliver_Action_Data;Request_Action,2,4,0,0,1,0,1,0,0,0,0,1,3,16,0
train,hernandez-j_inbox268,data/train/hernandez-j_inbox268.json,4,4,0,17,12,Deliver_Action_Data;Deliver_Data;Deliver_Meeting_Data;Request_Action;Request_Meeting,4,7,0,0,4,0,0,3,0,0,0,1,4,11,0
train,hernandez-j_inbox272,data/train/hernandez-j_inbox272.json,5,5,0,48,5,Deliver_Action_Data;Deliver_Data;Request_Action,2,2,0,1,3,0,1,2,0,0,0,0,5,28,0
train,hernandez-j_inbox294,data/train/hernandez-j_inbox294.json,3,2,1,2,1,Deliver_Data,0,0,0,0,1,0,0,1,1,1,0,0,3,8,0
train,hernandez-j_inbox297,data/train/hernandez-j_inbox297.json,2,2,0,4,3,Deliver_Action_Data;Deliver_Data,0,2,0,0,1,0,0,0,0,1,0,1,2,5,1
train,hernandez-j_inbox31,data/train/hernandez-j_inbox31.json,2,1,1,2,2,Deliver_Data;Request_Action,1,0,0,0,1,0,0,0,0,0,0,0,2,24,0
train,hernandez-j_inbox328,data/train/hernandez-j_inbox328.json,2,2,0,2,1,Request_Action,2,0,0,0,1,0,0,1,0,0,1,0,2,7,0
train,hernandez-j_inbox341,data/train/hernandez-j_inbox341.json,3,2,1,2,2,Deliver_Action_Data;Deliver_Data,0,1,0,0,1,0,1,1,0,0,0,0,3,27,0
train,hernandez-j_inbox343,data/train/hernandez-j_inbox343.json,2,2,0,2,2,Deliver_Data,0,0,0,0,1,0,0,0,0,1,0,1,2,5,1
train,hernandez-j_inbox7,data/train/hernandez-j_inbox7.json,2,2,0,6,5,Deliver_Action_Data;Deliver_Data;Request_Action;Request_Meeting,2,1,0,0,2,0,0,2,0,0,0,0,2,24,0
train,hernandez-j_inbox72,data/train/hernandez-j_inbox72.json,3,3,0,16,11,Deliver_Action_Data;Deliver_Data;Deliver_Meeting_Data;Request_Action;Request_Action_Data;Request_Data,4,6,0,0,2,0,2,0,0,1,0,0,3,8,0
train,hernandez-j_inbox87,data/train/hernandez-j_inbox87.json,2,2,0,3,3,Amend_Data;Deliver_Action_Data;Deliver_Data,0,1,1,0,2,1,0,0,0,1,0,0,2,6,0
train,hernandez-j_inbox_171,data/train/hernandez-j_inbox_171.json,2,2,0,1,1,Deliver_Action_Data,0,1,0,0,1,0,0,0,0,1,0,0,2,11,0
train,hodge-j_inbox121,data/train/hodge-j_inbox121.json,2,2,0,2,2,Deliver_Action_Data,0,2,0,0,0,0,1,1,0,0,0,1,2,6,0
train,hodge-j_inbox217,data/train/hodge-j_inbox217.json,2,1,1,2,2,Deliver_Action_Data;Deliver_Meeting_Data,0,1,0,0,0,0,0,0,1,0,0,0,2,5,0
train,hodge-j_inbox260,data/train/hodge-j_inbox260.json,2,1,1,4,3,Deliver_Action_Data;Deliver_Data;Request_Action,1,2,0,0,1,0,0,1,0,0,0,1,2,5,0
train,hodge-j_inbox338,data/train/hodge-j_inbox338.json,3,3,0,7,6,Deliver_Action_Data;Deliver_Data;Request_Action;Request_Action_Data;Request_Data,1,2,0,0,1,0,2,1,1,1,1,0,3,7,0
train,hodge-j_inbox417,data/train/hodge-j_inbox417.json,2,2,0,12,6,Deliver_Data;Request_Action;Request_Data;Request_Meeting,5,0,0,0,2,2,0,2,0,0,0,0,2,10,0
train,hodge-j_inbox424,data/train/hodge-j_inbox424.json,2,2,0,7,6,Deliver_Action_Data;Deliver_Data;Request_Action;Request_Meeting,2,1,0,0,2,0,1,2,0,0,0,0,2,8,0
train,hodge-j_inbox469,data/train/hodge-j_inbox469.json,2,2,0,4,4,Deliver_Action_Data;Deliver_Data,0,2,0,0,1,1,1,1,1,1,0,1,3,5,0
train,hodge-j_inbox48,data/train/hodge-j_inbox48.json,3,3,0,6,4,Deliver_Action_Data;Request_Action,2,4,0,1,1,0,0,0,0,0,0,0,3,35,0
train,hodge-j_inbox487,data/train/hodge-j_inbox487.json,2,2,0,1,1,Deliver_Data,0,0,0,0,0,0,1,0,0,0,0,0,2,6,0
train,hodge-j_inbox488,data/train/hodge-j_inbox488.json,3,3,0,3,3,Deliver_Data;Request_Action;Request_Data,1,0,0,0,2,2,0,2,0,1,0,0,3,7,0
train,hodge-j_inbox492,data/train/hodge-j_inbox492.json,2,2,0,4,2,Deliver_Action_Data;Request_Action,2,2,0,0,1,0,0,0,0,1,0,0,2,54,0
train,hodge-j_inbox505,data/train/hodge-j_inbox505.json,3,3,0,2,2,Deliver_Data,0,0,0,0,1,0,0,0,0,1,0,0,3,9,0
train,hodge-j_inbox521,data/train/hodge-j_inbox521.json,2,2,0,11,6,Deliver_Action_Data;Deliver_Data;Request_Action;Request_Data,3,4,0,0,2,1,0,1,0,0,0,0,2,8,0
train,hodge-j_inbox532,data/train/hodge-j_inbox532.json,2,1,1,2,2,Amend_Meeting_Data;Request_Meeting,0,0,1,0,1,1,1,0,0,0,0,0,2,38,0
train,hodge-j_inbox546,data/train/hodge-j_inbox546.json,2,1,1,1,1,Deliver_Data,0,0,0,0,1,0,0,1,0,0,0,0,2,88,0
train,hodge-j_inbox659,data/train/hodge-j_inbox659.json,3,3,0,5,4,Deliver_Action_Data;Deliver_Data;Request_Action,1,1,0,0,2,0,1,1,1,1,2,0,3,8,0
train,hodge-j_inbox666,data/train/hodge-j_inbox666.json,2,2,0,6,2,Deliver_Action_Data;Request_Action,1,5,0,0,1,1,0,1,1,1,1,0,2,25,0
train,jones-t_inbox144,data/train/jones-t_inbox144.json,3,3,0,11,7,Deliver_Action_Data;Deliver_Data;Deliver_Meeting_Data;Request_Action;Request_Data,1,7,0,0,2,0,0,1,0,0,0,0,3,6,0
train,jones-t_inbox241,data/train/jones-t_inbox241.json,4,4,0,9,7,Deliver_Action_Data;Request_Action;Request_Action_Data;Request_Data,3,3,0,0,2,0,0,1,0,0,0,1,4,8,0
train,jones-t_inbox268,data/train/jones-t_inbox268.json,6,6,0,8,7,Deliver_Action_Data;Deliver_Meeting_Data;Request_Action;Request_Data;Request_Meeting,1,3,0,1,3,1,2,1,0,0,1,1,6,14,0
train,jones-t_inbox350,data/train/jones-t_inbox350.json,2,1,1,1,1,Deliver_Data,0,0,0,0,1,0,0,1,0,0,0,1,2,5,0
train,jones-t_inbox388,data/train/jones-t_inbox388.json,3,3,0,2,2,Deliver_Action_Data;Request_Action_Data,0,1,0,0,0,1,1,1,0,0,0,0,3,6,0
train,jones-t_inbox403,data/train/jones-t_inbox403.json,2,2,0,6,3,Deliver_Action_Data;Request_Action;Request_Data,2,3,0,0,1,2,0,1,0,0,0,0,2,6,0
train,jones-t_inbox596,data/train/jones-t_inbox596.json,5,5,0,8,6,Deliver_Action_Data;Deliver_Data;Request_Action;Request_Data,2,3,0,1,3,2,2,0,0,0,1,0,5,14,0
train,jones-t_inbox722,data/train/jones-t_inbox722.json,2,2,0,6,3,Deliver_Action_Data;Deliver_Data;Request_Action,1,2,0,0,2,0,0,0,0,0,0,0,2,74,0
train,jones-t_inbox753,data/train/jones-t_inbox753.json,2,2,0,4,4,Amend_Data;Deliver_Data;Request_Action,2,0,1,0,2,0,1,1,0,1,0,0,2,6,0
train,jones-t_inbox769,data/train/jones-t_inbox769.json,2,2,0,3,3,Deliver_Action_Data;Request_Action;Request_Action_Data,1,1,0,1,1,0,1,0,0,0,0,0,2,9,0
train,jones-t_inbox77,data/train/jones-t_inbox77.json,2,2,0,4,3,Deliver_Action_Data;Request_Action,1,3,0,1,2,1,0,1,0,0,0,0,2,21,0
train,jones-t_inbox852,data/train/jones-t_inbox852.json,4,3,1,3,3,Deliver_Action_Data;Deliver_Data;Request_Data,0,1,0,0,2,1,0,1,0,0,0,0,4,11,0
train,jones-t_inbox888,data/train/jones-t_inbox888.json,4,4,0,8,6,Deliver_Action_Data;Deliver_Meeting_Data;Request_Action;Request_Action_Data;Request_Data,1,1,0,1,3,0,0,1,1,1,1,1,4,11,0
train,jones-t_inbox894,data/train/jones-t_inbox894.json,2,2,0,10,6,Amend_Data;Deliver_Action_Data;Deliver_Data;Deliver_Meeting_Data;Request_Action,3,1,3,0,2,1,0,2,1,2,1,1,2,5,0
train,jones-t_inbox939,data/train/jones-t_inbox939.json,3,3,0,3,3,Deliver_Action_Data;Request_Data,0,1,0,0,0,1,0,0,0,0,0,0,3,11,0
train,jones-t_inbox941,data/train/jones-t_inbox941.json,5,4,1,5,5,Deliver_Data;Request_Action;Request_Data,1,0,0,0,1,1,0,0,0,0,0,0,5,8,0
train,jones-t_inbox974,data/train/jones-t_inbox974.json,5,5,0,11,9,Deliver_Action_Data;Deliver_Data;Request_Action;Request_Data;Request_Meeting,1,6,0,1,1,1,0,1,0,1,0,0,5,8,0
train,kaminski-v_inbox114,data/train/kaminski-v_inbox114.json,2,2,0,2,2,Amend_Data;Deliver_Data,0,0,1,0,0,0,0,0,0,0,0,0,2,6,0
train,kaminski-v_inbox116,data/train/kaminski-v_inbox116.json,2,1,1,3,1,Deliver_Data,0,0,0,0,1,0,0,1,0,0,0,0,2,6,0
train,kaminski-v_inbox121,data/train/kaminski-v_inbox121.json,2,2,0,1,1,Request_Action_Data,0,0,0,0,0,0,1,0,0,0,0,0,2,5,0
train,kaminski-v_inbox139,data/train/kaminski-v_inbox139.json,3,2,1,7,3,Deliver_Action_Data;Request_Action,5,2,0,0,2,2,0,0,0,0,0,0,3,6,0
train,kaminski-v_inbox188,data/train/kaminski-v_inbox188.json,2,1,1,4,2,Deliver_Action_Data;Deliver_Data,0,2,0,0,0,0,0,0,0,0,0,0,2,7,0
train,kaminski-v_inbox205,data/train/kaminski-v_inbox205.json,5,5,0,12,9,Deliver_Action_Data;Deliver_Data;Deliver_Meeting_Data;Request_Action;Request_Data;Request_Meeting;Request_Meeting_Data,1,2,0,0,4,1,1,0,0,0,0,0,5,14,0
train,kaminski-v_inbox21,data/train/kaminski-v_inbox21.json,2,2,0,5,5,Deliver_Data;Deliver_Meeting_Data;Request_Action;Request_Meeting,1,0,0,0,2,0,1,0,0,0,0,1,2,4,0
train,kaminski-v_inbox254,data/train/kaminski-v_inbox254.json,5,5,0,17,11,Deliver_Action_Data;Deliver_Data;Request_Action;Request_Action_Data;Request_Meeting,4,8,0,1,3,0,1,0,0,0,1,0,5,8,0
train,kaminski-v_inbox270,data/train/kaminski-v_inbox270.json,4,4,0,7,6,Deliver_Action_Data;Deliver_Data;Request_Action;Request_Meeting,1,2,0,0,3,0,0,1,0,0,0,0,4,9,0
train,kaminski-v_inbox272,data/train/kaminski-v_inbox272.json,2,2,0,11,6,Deliver_Action_Data;Deliver_Data;Deliver_Meeting_Data;Request_Action;Request_Data;Request_Meeting,1,5,0,0,2,1,0,0,0,1,0,0,2,4,0
train,kaminski-v_inbox295,data/train/kaminski-v_inbox295.json,2,2,0,6,5,Deliver_Data;Deliver_Meeting_Data;Request_Action,1,0,0,0,2,0,1,0,0,0,0,1,2,6,0
train,kaminski-v_inbox330,data/train/kaminski-v_inbox330.json,2,2,0,5,5,Amend_Data;Deliver_Action_Data;Request_Action;Request_Meeting,2,1,1,0,1,0,1,0,0,2,0,0,2,6,0
train,kaminski-v_inbox399,data/train/kaminski-v_inbox399.json,3,3,0,8,4,Deliver_Action_Data;Request_Action;Request_Data,1,6,0,0,1,0,0,0,0,0,0,2,3,6,0
train,kaminski-v_inbox411,data/train/kaminski-v_inbox411.json,2,2,0,8,5,Deliver_Action_Data;Deliver_Meeting_Data;Request_Action;Request_Meeting,1,5,0,1,1,1,0,0,0,0,0,0,2,8,0
train,kaminski-v_inbox426,data/train/kaminski-v_inbox426.json,2,1,1,1,1,Deliver_Data,0,0,0,0,1,1,0,1,0,0,0,1,2,21,0
train,kaminski-v_inbox453,data/train/kaminski-v_inbox453.json,2,2,0,11,4,Deliver_Action_Data;Deliver_Data;Request_Action,2,7,0,0,1,0,0,0,0,1,0,1,2,8,0
train,kaminski-v_inbox56,data/train/kaminski-v_inbox56.json,3,3,0,4,4,Amend_Meeting_Data;Deliver_Data;Request_Meeting;Request_Meeting_Data,0,0,1,0,0,1,0,0,0,0,0,0,3,6,0
train,kaminski-v_inbox687,data/train/kaminski-v_inbox687.json,4,4,0,14,9,Deliver_Action_Data;Deliver_Meeting_Data;Request_Action;Request_Meeting,2,8,0,1,3,1,1,0,0,0,0,0,4,7,0
train,kaminski-v_inbox_111,data/train/kaminski-v_inbox_111.json,3,2,1,1,1,Deliver_Data,0,0,0,0,1,1,0,0,0,0,0,0,3,16,0
train,kaminski-v_inbox_128,data/train/kaminski-v_inbox_128.json,2,2,0,2,2,Deliver_Data,0,0,0,0,0,0,0,2,0,0,0,0,2,10,0
train,kaminski-v_inbox_183,data/train/kaminski-v_inbox_183.json,2,2,0,3,3,Deliver_Data;Request_Data,0,0,0,0,1,1,0,1,0,0,0,0,2,18,0
train,kaminski-v_inbox_204,data/train/kaminski-v_inbox_204.json,4,4,0,13,7,Deliver_Action_Data;Deliver_Data;Request_Action_Data;Request_Data,0,9,0,0,2,1,0,1,0,0,0,0,4,10,0
train,kaminski-v_inbox_229,data/train/kaminski-v_inbox_229.json,2,2,0,5,4,Amend_Data;Deliver_Data;Request_Action,1,0,1,0,2,1,0,2,0,1,0,0,2,4,0
train,kaminski-v_inbox_230,data/train/kaminski-v_inbox_230.json,2,2,0,6,4,Deliver_Action_Data;Deliver_Data;Request_Action_Data;Request_Data,0,2,0,0,2,1,0,1,0,0,0,0,2,6,0
train,kaminski-v_inbox_233,data/train/kaminski-v_inbox_233.json,2,2,0,3,3,Amend_Data;Amend_Meeting_Data;Request_Action,1,0,2,1,2,1,0,0,0,2,0,0,2,4,0
train,kaminski-v_inbox_234,data/train/kaminski-v_inbox_234.json,4,3,1,9,6,Deliver_Action_Data;Deliver_Data;Request_Action;Request_Data,1,4,0,1,2,1,0,0,0,0,1,2,4,11,0
train,kaminski-v_inbox_247,data/train/kaminski-v_inbox_247.json,4,4,0,12,9,Deliver_Action_Data;Deliver_Data;Deliver_Meeting_Data;Request_Action;Request_Data,4,4,0,1,2,0,1,1,0,0,0,1,4,13,0
train,kaminski-v_inbox_248,data/train/kaminski-v_inbox_248.json,3,3,0,10,6,Deliver_Action_Data;Deliver_Data;Request_Action,5,2,0,0,2,0,0,1,0,0,0,1,3,13,0
train,kaminski-v_inbox_264,data/train/kaminski-v_inbox_264.json,2,2,0,4,4,Amend_Data;Deliver_Action_Data;Deliver_Meeting_Data,0,2,1,0,0,0,0,0,0,2,0,0,2,6,0
train,kaminski-v_inbox_68,data/train/kaminski-v_inbox_68.json,3,2,1,2,2,Deliver_Action_Data;Request_Data,0,1,0,0,0,0,0,0,0,0,0,0,3,6,0
train,kaminski-v_inbox_82,data/train/kaminski-v_inbox_82.json,2,2,0,7,3,Deliver_Action_Data;Deliver_Data,0,5,0,0,1,0,0,0,0,0,0,0,2,6,0
train,kaminski-v_inbox_83,data/train/kaminski-v_inbox_83.json,3,3,0,6,3,Deliver_Action_Data;Deliver_Data,0,4,0,0,1,0,0,0,0,0,0,1,3,7,0
train,kaminski-v_inbox_88,data/train/kaminski-v_inbox_88.json,3,3,0,4,4,Deliver_Action_Data;Request_Action,2,2,0,1,1,1,0,1,1,2,1,0,3,45,0
train,kaminski-v_inbox_97,data/train/kaminski-v_inbox_97.json,2,2,0,9,3,Deliver_Action_Data;Deliver_Data,0,8,0,0,1,1,0,2,0,0,0,0,2,7,0
train,keiser-k_inbox105,data/train/keiser-k_inbox105.json,2,2,0,10,4,Amend_Data;Deliver_Action_Data;Deliver_Data;Request_Action,1,1,7,1,1,2,0,1,0,1,0,1,2,8,0
train,keiser-k_inbox128,data/train/keiser-k_inbox128.json,2,2,0,4,3,Deliver_Action_Data;Deliver_Data;Request_Data,0,2,0,0,1,1,0,0,0,0,0,0,2,6,0
train,keiser-k_inbox13,data/train/keiser-k_inbox13.json,2,1,1,10,3,Deliver_Action_Data;Deliver_Data;Request_Action,4,5,0,0,1,1,1,1,0,1,0,0,2,11,0
train,keiser-k_inbox148,data/train/keiser-k_inbox148.json,4,4,0,9,6,Amend_Data;Deliver_Action_Data;Deliver_Data;Request_Action,4,1,3,1,2,1,0,1,0,2,0,0,4,49,0
train,keiser-k_inbox159,data/train/keiser-k_inbox159.json,2,2,0,3,2,Request_Action;Request_Action_Data,2,0,0,0,1,1,1,0,0,0,0,0,2,27,0
train,keiser-k_inbox16,data/train/keiser-k_inbox16.json,4,4,0,5,5,Deliver_Action_Data;Deliver_Data;Request_Data,0,1,0,0,4,2,1,1,0,1,1,0,4,14,0
train,keiser-k_inbox244,data/train/keiser-k_inbox244.json,4,4,0,10,7,Amend_Data;Deliver_Action_Data;Deliver_Data;Request_Data,0,6,1,0,2,0,0,0,0,1,0,0,4,12,0
train,keiser-k_inbox245,data/train/keiser-k_inbox245.json,4,4,0,12,9,Amend_Data;Deliver_Action_Data;Deliver_Data;Request_Action;Request_Data;Request_Meeting,3,1,2,1,4,2,1,1,0,0,0,0,4,22,0
train,keiser-k_inbox296,data/train/keiser-k_inbox296.json,2,2,0,2,2,Deliver_Action_Data;Request_Action,1,1,0,0,0,0,0,0,0,0,0,0,2,6,0
train,keiser-k_inbox307,data/train/keiser-k_inbox307.json,5,5,0,7,7,Deliver_Action_Data;Deliver_Data;Request_Action;Request_Data,2,1,0,0,2,2,0,1,0,0,0,0,5,10,0
train,keiser-k_inbox358,data/train/keiser-k_inbox358.json,3,3,0,4,4,Deliver_Action_Data;Deliver_Data;Request_Data,0,1,0,0,1,1,1,1,0,2,0,0,3,6,0
train,keiser-k_inbox372,data/train/keiser-k_inbox372.json,2,2,0,2,2,Deliver_Data;Request_Data,0,0,0,0,0,0,0,1,0,0,0,0,2,5,0
train,keiser-k_inbox41,data/train/keiser-k_inbox41.json,3,3,0,6,4,Deliver_Action_Data;Request_Action,3,3,0,0,2,1,0,0,0,1,0,1,3,7,0
train,keiser-k_inbox5,data/train/keiser-k_inbox5.json,2,2,0,6,4,Deliver_Action_Data;Deliver_Data;Request_Action,3,2,0,1,1,0,1,1,0,0,0,0,2,6,0
train,lavorato-j_inbox103,data/train/lavorato-j_inbox103.json,4,4,0,8,5,Deliver_Action_Data;Deliver_Meeting_Data;Request_Action;Request_Meeting,1,4,0,0,1,1,0,0,0,0,0,0,4,8,0
train,lavorato-j_inbox111,data/train/lavorato-j_inbox111.json,3,3,0,5,2,Deliver_Action_Data,0,5,0,0,0,0,0,0,0,0,0,0,3,8,0
train,lavorato-j_inbox114,data/train/lavorato-j_inbox114.json,3,2,1,2,2,Deliver_Data;Request_Action,1,0,0,0,1,0,0,1,1,1,0,0,3,6,0
train,lavorato-j_inbox122,data/train/lavorato-j_inbox122.json,2,2,0,1,1,Request_Meeting,0,0,0,0,0,0,0,0,0,0,0,0,2,6,0
train,lavorato-j_inbox15,data/train/lavorato-j_inbox15.json,2,2,0,15,5,Deliver_Action_Data;Deliver_Meeting_Data;Request_Action,5,9,0,0,0,1,0,0,0,1,0,2,2,6,0
train,lavorato-j_inbox192,data/train/lavorato-j_inbox192.json,3,3,0,8,6,Deliver_Action_Data;Deliver_Data;Request_Meeting,0,4,0,0,2,1,0,2,0,0,0,0,3,7,0
train,lavorato-j_inbox196,data/train/lavorato-j_inbox196.json,3,3,0,10,7,Deliver_Action_Data;Deliver_Data;Request_Data,0,5,0,0,2,1,3,1,0,0,0,0,3,9,0
train,lavorato-j_inbox203,data/train/lavorato-j_inbox203.json,6,5,1,6,5,Deliver_Action_Data;Request_Action;Request_Action_Data;Request_Data,2,2,0,0,2,0,1,0,0,0,1,0,6,14,0
train,lavorato-j_inbox205,data/train/lavorato-j_inbox205.json,2,1,1,1,1,Request_Data,0,0,0,0,1,0,0,0,0,0,0,0,2,7,0
train,lavorato-j_inbox220,data/train/lavorato-j_inbox220.json,2,1,1,1,1,Deliver_Action_Data,0,1,0,0,0,0,0,0,0,1,0,0,2,6,0
train,lavorato-j_inbox221,data/train/lavorato-j_inbox221.json,2,1,1,4,3,Deliver_Action_Data;Request_Action_Data;Request_Meeting,0,2,0,0,1,0,0,0,0,0,0,0,2,6,0
train,lavorato-j_inbox222,data/train/lavorato-j_inbox222.json,2,2,0,3,2,Deliver_Action_Data;Deliver_Data,0,1,0,0,0,0,1,0,0,0,0,0,2,6,0
train,lavorato-j_inbox229,data/train/lavorato-j_inbox229.json,2,2,0,1,1,Deliver_Data,0,0,0,0,0,0,0,1,0,0,0,0,2,7,0
train,lavorato-j_inbox233,data/train/lavorato-j_inbox233.json,2,1,1,1,1,Deliver_Data,0,0,0,0,0,0,0,1,0,0,0,0,2,7,0
train,lavorato-j_inbox235,data/train/lavorato-j_inbox235.json,2,1,1,1,1,Deliver_Data,0,0,0,0,0,0,0,0,0,0,0,0,2,10,0
train,lavorato-j_inbox240,data/train/lavorato-j_inbox240.json,3,3,0,9,7,Deliver_Action_Data;Deliver_Data;Request_Action;Request_Action_Data,4,2,0,0,3,1,1,0,0,0,0,1,3,48,0
train,lavorato-j_inbox241,data/train/lavorato-j_inbox241.json,2,2,0,3,2,Deliver_Action_Data;Deliver_Data,0,2,0,0,0,0,1,0,0,0,0,0,2,3,0
train,lavorato-j_inbox244,data/train/lavorato-j_inbox244.json,2,2,0,4,3,Deliver_Action_Data;Deliver_Data;Request_Action,1,2,0,1,1,0,0,0,0,0,0,0,2,4,0
train,lavorato-j_inbox250,data/train/lavorato-j_inbox250.json,2,2,0,3,2,Deliver_Data;Deliver_Meeting_Data,0,0,0,0,0,0,0,1,1,0,0,0,2,53,0
train,lavorato-j_inbox260,data/train/lavorato-j_inbox260.json,4,4,0,9,5,Deliver_Action_Data;Deliver_Meeting_Data;Request_Action;Request_Data,1,5,0,0,3,0,0,0,1,1,0,0,4,6,0
train,lavorato-j_inbox261,data/train/lavorato-j_inbox261.json,2,2,0,8,4,Deliver_Action_Data;Deliver_Meeting_Data;Request_Action;Request_Data,1,5,0,0,2,0,0,0,1,1,0,0,2,6,0
train,lavorato-j_inbox265,data/train/lavorato-j_inbox265.json,2,2,0,2,2,Deliver_Data,0,0,0,0,0,0,0,0,0,0,1,0,2,9,0
train,lavorato-j_inbox291,data/train/lavorato-j_inbox291.json,3,3,0,4,4,Deliver_Action_Data;Deliver_Data;Request_Action_Data,0,1,0,0,0,0,0,0,0,0,0,0,3,6,0
train,lavorato-j_inbox292,data/train/lavorato-j_inbox292.json,3,3,0,2,2,Deliver_Data,0,0,0,0,0,0,0,0,0,0,0,0,3,6,0
train,lavorato-j_inbox300,data/train/lavorato-j_inbox300.json,2,2,0,3,3,Deliver_Action_Data;Deliver_Data,0,1,0,0,1,1,0,1,0,0,0,0,2,9,0
train,lavorato-j_inbox306,data/train/lavorato-j_inbox306.json,3,3,0,8,6,Deliver_Action_Data;Deliver_Data;Deliver_Meeting_Data;Request_Action;Request_Data,1,3,0,1,2,0,0,1,0,0,0,0,3,6,0
train,lavorato-j_inbox343,data/train/lavorato-j_inbox343.json,6,6,0,8,6,Deliver_Action_Data;Deliver_Data;Request_Data,0,4,0,0,2,2,1,0,0,0,0,0,6,8,0
train,lavorato-j_inbox349,data/train/lavorato-j_inbox349.json,2,1,1,4,2,Deliver_Action_Data;Deliver_Data,0,3,0,0,0,1,1,0,0,0,0,0,2,6,0
train,lavorato-j_inbox354,data/train/lavorato-j_inbox354.json,2,2,0,1,1,Deliver_Data,0,0,0,0,0,0,0,0,0,0,0,0,2,5,0
train,lavorato-j_inbox356,data/train/lavorato-j_inbox356.json,2,2,0,2,2,Deliver_Action_Data;Deliver_Data,0,1,0,0,0,0,0,0,0,0,0,0,2,5,0
train,lavorato-j_inbox88,data/train/lavorato-j_inbox88.json,2,2,0,11,4,Deliver_Action_Data;Request_Action,2,9,0,0,1,0,1,0,0,0,1,0,2,6,0
train,lavorato-j_inbox97,data/train/lavorato-j_inbox97.json,4,4,0,16,7,Deliver_Action_Data;Request_Action,4,12,0,0,1,1,1,1,0,0,1,0,4,11,0
train,lavorato-j_inbox99,data/train/lavorato-j_inbox99.json,2,2,0,13,5,Amend_Action_Data;Deliver_Action_Data;Deliver_Data;Request_Action,2,6,1,0,2,0,1,0,0,0,0,0,2,6,0
train,lay-k_inbox1118,data/train/lay-k_inbox1118.json,2,2,0,5,3,Deliver_Action_Data;Deliver_Data;Request_Meeting,0,2,0,0,0,0,1,0,0,1,0,0,2,8,0
train,lay-k_inbox1656,data/train/lay-k_inbox1656.json,2,2,0,7,3,Deliver_Action_Data;Deliver_Data;Request_Action,1,5,0,0,1,1,1,0,0,0,1,1,2,3,0
train,lay-k_inbox1699,data/train/lay-k_inbox1699.json,2,2,0,5,4,Deliver_Action_Data;Deliver_Data;Request_Action_Data,0,2,0,0,1,1,0,0,1,1,1,0,2,4,0
train,lay-k_inbox1742,data/train/lay-k_inbox1742.json,2,2,0,3,3,Amend_Meeting_Data;Deliver_Data;Deliver_Meeting_Data,0,0,1,0,2,0,1,0,0,0,2,0,2,111,0
train,lay-k_inbox1744,data/train/lay-k_inbox1744.json,2,2,0,11,6,Deliver_Action_Data;Request_Action;Request_Data,2,7,0,0,2,0,1,0,0,0,0,1,2,6,0
train,lay-k_inbox1814,data/train/lay-k_inbox1814.json,2,2,0,3,3,Deliver_Action_Data;Deliver_Data,0,1,0,0,0,0,0,2,0,0,0,0,2,17,0
train,lay-k_inbox1821,data/train/lay-k_inbox1821.json,2,2,0,8,2,Deliver_Action_Data;Deliver_Meeting_Data,0,7,0,0,1,1,1,0,0,1,0,1,2,4,0
train,lay-k_inbox1830,data/train/lay-k_inbox1830.json,2,2,0,9,3,Deliver_Action_Data;Deliver_Meeting_Data,0,8,0,0,1,1,0,0,0,1,0,1,2,4,0
train,lay-k_inbox269,data/train/lay-k_inbox269.json,2,2,0,11,4,Deliver_Action_Data;Deliver_Meeting_Data;Request_Action,1,9,0,1,1,0,1,0,0,0,1,0,2,4,0
train,lay-k_inbox313,data/train/lay-k_inbox313.json,2,2,0,9,6,Deliver_Action_Data;Deliver_Data;Deliver_Meeting_Data;Request_Meeting_Data,0,4,0,0,2,0,0,1,0,0,0,1,2,15,0
train,lay-k_inbox454,data/train/lay-k_inbox454.json,3,3,0,8,5,Deliver_Action_Data;Request_Action;Request_Data;Request_Meeting,1,4,0,1,2,1,0,0,0,0,0,0,3,10,0
train,lay-k_inbox532,data/train/lay-k_inbox532.json,2,1,1,2,2,Deliver_Data;Request_Action,1,0,0,0,0,0,0,0,0,0,0,0,2,2,0
train,lay-k_inbox594,data/train/lay-k_inbox594.json,2,2,0,3,1,Deliver_Action_Data,0,3,0,0,0,0,0,0,0,0,0,0,2,28,0
train,lay-k_inbox644,data/train/lay-k_inbox644.json,3,2,1,5,5,Deliver_Action_Data;Deliver_Meeting_Data;Request_Action;Request_Meeting_Data,2,1,0,0,2,1,1,0,1,1,1,1,3,14,0
train,lay-k_inbox703,data/train/lay-k_inbox703.json,4,4,0,3,3,Deliver_Action_Data;Request_Action,2,1,0,1,1,0,0,0,0,0,0,0,4,5,0
train,lay-k_inbox811,data/train/lay-k_inbox811.json,3,3,0,8,8,Deliver_Action_Data;Deliver_Data;Request_Action;Request_Data,2,3,0,0,2,0,1,0,0,0,0,0,3,8,0
train,lay-k_inbox843,data/train/lay-k_inbox843.json,2,2,0,6,3,Deliver_Action_Data;Request_Action_Data,0,4,0,0,0,1,1,1,0,0,0,0,2,4,0
train,lay-k_inbox_104,data/train/lay-k_inbox_104.json,2,2,0,5,4,Deliver_Action_Data;Deliver_Meeting_Data;Request_Action,2,2,0,0,2,1,0,0,0,0,0,0,2,2,0
train,lay-k_inbox_1054,data/train/lay-k_inbox_1054.json,2,1,1,4,1,Deliver_Data,0,0,0,0,1,0,0,0,0,0,0,0,2,5,0
train,lay-k_inbox_1096,data/train/lay-k_inbox_1096.json,3,3,0,6,5,Deliver_Action_Data;Deliver_Data;Deliver_Meeting_Data;Request_Action;Request_Meeting,2,1,0,1,3,1,0,2,0,0,0,0,3,9,0
train,lay-k_inbox_127,data/train/lay-k_inbox_127.json,3,3,0,5,4,Deliver_Action_Data;Deliver_Data;Deliver_Meeting_Data,0,2,0,0,2,1,0,2,0,0,0,0,3,10,0
train,lay-k_inbox_171,data/train/lay-k_inbox_171.json,2,2,0,11,6,Deliver_Action_Data;Deliver_Data;Request_Action,3,5,0,0,2,0,0,1,0,0,1,0,3,5,0
train,lay-k_inbox_1715,data/train/lay-k_inbox_1715.json,2,1,1,0,0,,0,0,0,0,1,0,1,0,0,0,0,0,2,4,0
train,lay-k_inbox_1772,data/train/lay-k_inbox_1772.json,2,2,0,3,3,Deliver_Action_Data;Deliver_Data,0,1,0,0,2,0,0,0,0,0,0,0,2,3,0
train,lay-k_inbox_1823,data/train/lay-k_inbox_1823.json,2,2,0,9,3,Deliver_Action_Data;Deliver_Meeting_Data,0,8,0,0,1,1,0,0,0,1,0,1,2,4,0
train,lay-k_inbox_217,data/train/lay-k_inbox_217.json,2,1,1,3,3,Deliver_Data;Deliver_Meeting_Data;Request_Action,1,0,0,0,1,1,0,0,0,0,0,1,2,4,0
train,lay-k_inbox_248,data/train/lay-k_inbox_248.json,3,3,0,6,5,Deliver_Action_Data;Deliver_Meeting_Data;Request_Action;Request_Meeting,1,1,0,0,2,1,0,0,0,0,0,1,3,7,0
train,lay-k_inbox_264,data/train/lay-k_inbox_264.json,2,2,0,9,4,Deliver_Action_Data;Deliver_Data;Request_Action,1,7,0,1,1,0,1,0,0,0,1,0,2,4,0
train,lay-k_inbox_317,data/train/lay-k_inbox_317.json,2,1,1,5,2,Deliver_Action_Data;Request_Action_Data,0,4,0,0,1,1,0,0,0,0,1,0,2,4,0
train,lay-k_inbox_474,data/train/lay-k_inbox_474.json,2,2,0,10,5,Deliver_Action_Data;Deliver_Data;Deliver_Meeting_Data;Request_Action,1,4,0,1,1,0,1,1,0,0,0,1,2,5,0
train,lay-k_inbox_556,data/train/lay-k_inbox_556.json,2,2,0,2,2,Deliver_Data;Request_Action,1,0,0,0,1,1,0,1,0,0,0,0,2,10,0
train,lay-k_inbox_603,data/train/lay-k_inbox_603.json,2,2,0,5,3,Deliver_Data;Deliver_Meeting_Data,0,0,0,0,1,2,0,1,0,0,0,0,2,4,0
train,lay-k_inbox_669,data/train/lay-k_inbox_669.json,2,2,0,5,4,Deliver_Action_Data;Request_Data,0,3,0,0,0,0,0,1,0,1,0,0,2,4,0
train,lay-k_inbox_827,data/train/lay-k_inbox_827.json,2,1,1,0,0,,0,0,0,0,1,0,1,0,0,0,0,0,2,4,0
train,lay-k_inbox_939,data/train/lay-k_inbox_939.json,2,2,0,2,2,Deliver_Action_Data;Request_Action,1,1,0,1,1,0,1,0,0,0,0,0,2,8,0
train,lokey-t_inbox114,data/train/lokey-t_inbox114.json,2,2,0,2,2,Deliver_Action_Data;Request_Action,1,1,0,0,1,0,0,0,0,0,0,1,2,27,0
train,lokey-t_inbox151,data/train/lokey-t_inbox151.json,2,2,0,8,5,Deliver_Action_Data;Deliver_Data;Request_Action;Request_Data,3,3,0,0,1,0,1,1,0,0,0,0,2,113,0
train,lokey-t_inbox158,data/train/lokey-t_inbox158.json,2,2,0,3,2,Amend_Meeting_Data,0,0,3,0,1,1,2,0,0,1,1,0,2,97,0
train,lokey-t_inbox163,data/train/lokey-t_inbox163.json,4,4,0,7,7,Amend_Meeting_Data;Deliver_Action_Data;Deliver_Meeting_Data;Request_Action,2,1,3,0,1,2,1,0,0,0,0,0,4,26,0
train,lokey-t_inbox17,data/train/lokey-t_inbox17.json,2,2,0,4,3,Deliver_Action_Data;Deliver_Data,0,3,0,0,1,0,0,1,0,0,0,0,2,4,0
train,lokey-t_inbox193,data/train/lokey-t_inbox193.json,2,1,1,1,1,Deliver_Data,0,0,0,0,1,0,0,1,0,1,0,1,2,70,0
train,lokey-t_inbox49,data/train/lokey-t_inbox49.json,2,2,0,6,3,Deliver_Action_Data;Deliver_Data;Request_Action,3,2,0,1,1,0,0,0,0,0,0,0,2,4,0
train,lokey-t_inbox612,data/train/lokey-t_inbox612.json,2,1,1,3,2,Deliver_Action_Data;Deliver_Data,0,2,0,0,1,0,0,0,0,1,0,0,2,4,0
train,lokey-t_inbox688,data/train/lokey-t_inbox688.json,2,2,0,3,3,Deliver_Meeting_Data;Request_Action;Request_Meeting,1,0,0,0,1,0,0,1,0,1,0,0,3,13,0
train,lokey-t_inbox703,data/train/lokey-t_inbox703.json,3,3,0,10,7,Deliver_Action_Data;Deliver_Data;Deliver_Meeting_Data;Request_Meeting,0,6,0,0,2,1,0,0,0,0,0,0,3,20,0
train,lokey-t_inbox713,data/train/lokey-t_inbox713.json,3,3,0,12,8,Deliver_Action_Data;Deliver_Data;Request_Action;Request_Action_Data;Request_Data,3,5,0,0,2,1,0,0,0,2,0,0,3,6,0
train,lokey-t_inbox747,data/train/lokey-t_inbox747.json,2,2,0,4,4,Deliver_Data;Request_Action;Request_Data,2,0,0,0,1,0,0,0,0,0,0,0,2,28,0
train,lokey-t_inbox761,data/train/lokey-t_inbox761.json,4,3,1,5,4,Deliver_Data;Request_Action;Request_Action_Data;Request_Meeting,1,0,0,0,2,0,1,1,0,0,1,0,4,70,0
train,lokey-t_inbox791,data/train/lokey-t_inbox791.json,2,1,1,2,2,Deliver_Data;Request_Meeting,0,0,0,0,1,0,0,1,0,0,0,0,2,10,0
train,lokey-t_inbox806,data/train/lokey-t_inbox806.json,2,2,0,9,6,Amend_Data;Deliver_Action_Data;Deliver_Meeting_Data;Request_Action;Request_Action_Data;Request_Meeting,2,2,1,0,1,2,0,0,0,0,0,0,2,12,0
train,lokey-t_inbox809,data/train/lokey-t_inbox809.json,3,3,0,10,7,Deliver_Action_Data;Deliver_Data;Request_Action;Request_Data,2,5,0,1,2,1,0,1,0,0,0,0,3,15,0
train,lokey-t_inbox951,data/train/lokey-t_inbox951.json,3,3,0,9,5,Deliver_Action_Data;Deliver_Meeting_Data;Request_Action_Data;Request_Meeting;Request_Meeting_Data,0,5,0,0,2,2,2,0,0,0,0,0,3,15,0
train,lokey-t_inbox_145,data/train/lokey-t_inbox_145.json,2,1,1,0,0,,0,0,0,0,0,0,0,0,0,0,0,0,2,40,0
train,lokey-t_inbox_169,data/train/lokey-t_inbox_169.json,2,2,0,4,4,Amend_Data;Deliver_Data;Request_Action_Data,0,0,2,0,1,0,0,1,0,1,0,0,2,20,0
train,lokey-t_inbox_179,data/train/lokey-t_inbox_179.json,2,2,0,3,1,Amend_Data,0,0,3,0,1,0,0,0,0,0,0,0,2,7,0
train,lokey-t_inbox_244,data/train/lokey-t_inbox_244.json,2,2,0,4,3,Deliver_Action_Data;Deliver_Data;Request_Data,0,2,0,0,0,0,0,0,0,0,0,0,2,4,0
train,lokey-t_inbox_282,data/train/lokey-t_inbox_282.json,3,2,1,2,2,Deliver_Data;Request_Action,1,0,0,0,2,0,0,1,0,0,0,0,3,28,0
train,lokey-t_inbox_37,data/train/lokey-t_inbox_37.json,2,2,0,1,1,Request_Meeting_Data,0,0,0,0,0,0,0,0,0,0,0,0,2,81,0
train,lokey-t_inbox_62,data/train/lokey-t_inbox_62.json,2,2,0,4,4,Deliver_Action_Data;Deliver_Data;Request_Meeting,0,2,0,0,1,0,1,0,0,0,1,0,2,4,0
train,lokey-t_inbox_648,data/train/lokey-t_inbox_648.json,2,2,0,5,2,Deliver_Action_Data;Request_Meeting,0,4,0,0,2,0,0,0,0,0,0,0,2,3,0
train,lokey-t_inbox_682,data/train/lokey-t_inbox_682.json,2,2,0,8,3,Deliver_Action_Data;Request_Action,1,7,0,1,1,2,0,0,0,0,0,0,2,3,0
train,lokey-t_inbox_705,data/train/lokey-t_inbox_705.json,2,2,0,5,3,Deliver_Action_Data;Request_Action;Request_Data,1,3,0,1,0,0,0,0,0,0,0,0,2,4,0
train,lokey-t_inbox_722,data/train/lokey-t_inbox_722.json,3,3,0,4,4,Deliver_Data;Request_Action,1,0,0,0,2,0,1,0,1,2,0,1,3,49,0
train,lokey-t_inbox_744,data/train/lokey-t_inbox_744.json,3,3,0,2,2,Deliver_Data;Request_Data,0,0,0,0,1,1,0,1,0,0,0,0,3,15,0
train,lokey-t_inbox_757,data/train/lokey-t_inbox_757.json,3,3,0,6,5,Deliver_Action_Data;Deliver_Data;Request_Action;Request_Action_Data,1,2,0,0,3,0,2,1,0,0,2,1,3,69,0
train,lokey-t_inbox_814,data/train/lokey-t_inbox_814.json,3,3,0,7,5,Deliver_Action_Data;Deliver_Data;Request_Action;Request_Data,2,3,0,1,1,0,0,1,0,1,0,0,3,19,0
train,lokey-t_inbox_921,data/train/lokey-t_inbox_921.json,3,3,0,4,3,Deliver_Action_Data;Deliver_Data;Request_Action_Data,0,2,0,0,2,0,0,1,0,1,0,0,3,7,0
train,lokey-t_inbox_971,data/train/lokey-t_inbox_971.json,3,3,0,7,4,Deliver_Action_Data;Deliver_Data;Request_Action,1,5,0,0,2,0,1,1,0,0,2,2,3,11,0
train,mann-k_inbox100,data/train/mann-k_inbox100.json,2,2,0,6,4,Deliver_Meeting_Data;Request_Action_Data;Request_Data;Request_Meeting_Data,0,0,0,0,2,0,0,1,0,0,0,0,3,6,0
train,mann-k_inbox122,data/train/mann-k_inbox122.json,2,2,0,10,4,Deliver_Action_Data;Deliver_Data;Request_Data,0,7,0,0,2,1,1,2,0,0,1,1,2,6,0
train,mann-k_inbox125,data/train/mann-k_inbox125.json,2,2,0,2,2,Deliver_Action_Data;Request_Data,0,1,0,0,1,0,0,1,0,0,0,1,3,6,0
train,mann-k_inbox167,data/train/mann-k_inbox167.json,2,2,0,7,4,Deliver_Action_Data;Deliver_Data,0,2,0,0,2,1,1,0,0,0,0,1,2,7,0
train,mann-k_inbox179,data/train/mann-k_inbox179.json,2,2,0,3,2,Deliver_Data;Request_Data,0,0,0,0,1,0,0,1,0,0,0,0,3,6,0
train,mann-k_inbox214,data/train/mann-k_inbox214.json,2,2,0,6,2,Deliver_Action_Data;Request_Action,1,5,0,0,1,1,0,0,0,0,0,0,2,4,0
train,mann-k_inbox248,data/train/mann-k_inbox248.json,3,3,0,6,6,Deliver_Action_Data;Deliver_Data,0,3,0,0,3,2,0,1,0,1,0,1,3,9,0
train,mann-k_inbox257,data/train/mann-k_inbox257.json,3,3,0,4,4,Deliver_Action_Data;Deliver_Data;Request_Action;Request_Data,1,1,0,0,1,0,1,1,0,0,0,0,3,6,0
train,mann-k_inbox260,data/train/mann-k_inbox260.json,2,2,0,6,6,Deliver_Action_Data;Deliver_Meeting_Data;Request_Action;Request_Data,2,2,0,0,2,1,0,1,1,1,1,0,3,4,0
train,mann-k_inbox29,data/train/mann-k_inbox29.json,3,3,0,3,3,Deliver_Action_Data;Request_Action_Data;Request_Data,0,1,0,0,0,0,0,0,0,1,0,2,3,6,0
train,mann-k_inbox303,data/train/mann-k_inbox303.json,2,2,0,3,3,Deliver_Action_Data;Deliver_Meeting_Data;Request_Meeting,0,1,0,0,1,0,0,1,1,1,1,0,3,4,0
train,mann-k_inbox309,data/train/mann-k_inbox309.json,3,2,1,6,5,Deliver_Action_Data;Request_Action;Request_Action_Data;Request_Data,1,3,0,1,1,1,0,0,0,1,0,1,3,10,0
train,mann-k_inbox32,data/train/mann-k_inbox32.json,7,6,1,2,2,Deliver_Action_Data,0,2,0,0,0,0,0,0,0,0,0,0,7,39,0
train,mann-k_inbox48,data/train/mann-k_inbox48.json,2,2,0,5,3,Deliver_Action_Data;Deliver_Meeting_Data;Request_Data,0,3,0,0,0,1,0,1,0,0,0,0,3,6,0
train,mann-k_inbox86,data/train/mann-k_inbox86.json,2,2,0,1,1,Request_Data,0,0,0,0,0,0,0,1,0,0,0,0,3,6,0
train,mann-k_inbox92,data/train/mann-k_inbox92.json,2,2,0,4,3,Deliver_Action_Data;Request_Action,1,3,0,0,0,0,0,0,0,0,0,0,2,6,0
train,mann-k_inbox97,data/train/mann-k_inbox97.json,4,3,1,8,6,Deliver_Action_Data;Deliver_Data;Request_Action;Request_Meeting,1,3,0,0,1,1,1,0,0,0,0,0,4,10,0
train,martin-t_inbox10,data/train/martin-t_inbox10.json,4,3,1,6,4,Deliver_Action_Data;Deliver_Data;Request_Data,0,4,0,0,1,0,0,0,0,0,0,0,4,10,0
train,martin-t_inbox132,data/train/martin-t_inbox132.json,2,2,0,2,2,Deliver_Data;Request_Data,0,0,0,0,1,0,0,1,0,0,0,0,2,6,0
train,martin-t_inbox138,data/train/martin-t_inbox138.json,2,1,1,2,2,Deliver_Action_Data;Deliver_Data,0,1,0,0,1,1,0,1,0,0,0,0,2,16,0
train,martin-t_inbox170,data/train/martin-t_inbox170.json,2,2,0,4,3,Deliver_Action_Data;Deliver_Data;Request_Action,1,2,0,0,0,0,0,0,0,0,0,0,2,10,0
train,martin-t_inbox177,data/train/martin-t_inbox177.json,3,3,0,7,4,Deliver_Action_Data;Request_Meeting;Request_Meeting_Data,0,5,0,0,2,1,0,1,0,0,1,0,3,6,0
train,martin-t_inbox179,data/train/martin-t_inbox179.json,2,2,0,12,4,Deliver_Action_Data;Request_Action;Request_Action_Data,3,8,0,0,1,0,1,1,1,1,1,1,2,17,0
train,martin-t_inbox211,data/train/martin-t_inbox211.json,4,4,0,8,7,Deliver_Action_Data;Deliver_Meeting_Data;Request_Action;Request_Meeting;Request_Meeting_Data,1,4,0,0,2,3,0,0,0,0,1,2,4,48,0
train,martin-t_inbox247,data/train/martin-t_inbox247.json,5,5,0,8,7,Amend_Meeting_Data;Deliver_Action_Data;Deliver_Meeting_Data;Request_Action;Request_Data,2,3,1,1,2,3,0,0,0,0,1,0,5,69,0
train,martin-t_inbox283,data/train/martin-t_inbox283.json,4,4,0,10,7,Amend_Data;Deliver_Action_Data;Deliver_Data;Request_Action,1,3,2,1,3,1,2,3,0,1,0,0,4,23,0
train,martin-t_inbox299,data/train/martin-t_inbox299.json,3,2,1,2,1,Deliver_Data,0,0,0,0,1,0,0,1,0,0,0,0,3,8,0
train,martin-t_inbox366,data/train/martin-t_inbox366.json,2,2,0,3,2,Deliver_Action_Data;Request_Action,1,2,0,1,1,0,0,0,0,0,0,0,2,6,0
train,martin-t_inbox414,data/train/martin-t_inbox414.json,2,2,0,5,5,Deliver_Action_Data;Deliver_Meeting_Data;Request_Action,2,1,0,0,2,0,2,1,0,0,0,0,2,28,0
train,martin-t_inbox429,data/train/martin-t_inbox429.json,2,2,0,7,2,Deliver_Action_Data;Deliver_Data,0,4,0,0,1,1,1,0,0,1,0,0,2,8,0
train,martin-t_inbox487,data/train/martin-t_inbox487.json,3,3,0,11,10,Deliver_Action_Data;Deliver_Data;Deliver_Meeting_Data;Request_Action;Request_Action_Data;Request_Data;Request_Meeting,1,3,0,1,2,1,0,0,0,0,0,1,3,6,0
train,martin-t_inbox_144,data/train/martin-t_inbox_144.json,3,3,0,5,3,Deliver_Action_Data;Deliver_Data;Request_Action,3,1,0,1,3,0,1,1,0,0,0,0,3,6,0
train,martin-t_inbox_175,data/train/martin-t_inbox_175.json,2,2,0,3,2,Deliver_Action_Data;Deliver_Data,0,1,0,0,0,0,0,1,0,0,0,0,2,7,0
train,martin-t_inbox_206,data/train/martin-t_inbox_206.json,3,3,0,5,4,Amend_Meeting_Data;Deliver_Action_Data;Deliver_Meeting_Data;Request_Action,1,2,1,1,1,2,0,0,0,0,1,0,3,69,0
train,martin-t_inbox_208,data/train/martin-t_inbox_208.json,4,3,1,4,1,Deliver_Action_Data,0,4,0,0,0,1,0,0,0,0,1,0,4,25,0
train,martin-t_inbox_225,data/train/martin-t_inbox_225.json,2,2,0,3,3,Deliver_Action_Data;Request_Action;Request_Action_Data,1,1,0,0,2,1,0,0,0,0,0,0,2,4,0
train,martin-t_inbox_277,data/train/martin-t_inbox_277.json,2,2,0,4,3,Deliver_Action_Data;Deliver_Data;Request_Action,2,1,0,1,2,2,0,1,0,1,0,1,2,6,0
train,martin-t_inbox_296,data/train/martin-t_inbox_296.json,2,2,0,5,4,Amend_Data;Deliver_Data;Request_Action,1,0,2,0,2,0,1,1,0,1,0,0,2,23,0
train,martin-t_inbox_318,data/train/martin-t_inbox_318.json,3,3,0,3,3,Deliver_Action_Data;Deliver_Data;Request_Data,0,1,0,0,0,0,0,0,0,0,0,0,3,6,0
train,martin-t_inbox_349,data/train/martin-t_inbox_349.json,2,2,0,5,5,Amend_Data;Deliver_Action_Data;Deliver_Data;Deliver_Meeting_Data;Request_Meeting,0,1,1,0,2,0,0,0,0,0,0,0,2,7,0
train,martin-t_inbox_37,data/train/martin-t_inbox_37.json,3,1,2,7,2,Deliver_Action_Data;Deliver_Meeting_Data,0,4,0,0,1,1,1,0,0,0,0,0,3,9,0
train,martin-t_inbox_386,data/train/martin-t_inbox_386.json,3,3,0,5,3,Deliver_Action_Data;Request_Action_Data;Request_Data,0,2,0,0,0,0,0,0,0,0,0,0,3,7,0
train,martin-t_inbox_411,data/train/martin-t_inbox_411.json,2,2,0,2,2,Deliver_Data,0,0,0,0,2,1,0,0,0,0,0,0,2,71,0
train,martin-t_inbox_426,data/train/martin-t_inbox_426.json,3,3,0,6,4,Deliver_Action_Data;Request_Action,2,4,0,0,2,1,2,0,0,0,0,0,3,19,0
train,martin-t_inbox_461,data/train/martin-t_inbox_461.json,2,2,0,3,3,Deliver_Action_Data;Request_Data,0,1,0,0,1,0,0,0,0,0,0,0,2,66,0
train,martin-t_inbox_474,data/train/martin-t_inbox_474.json,3,2,1,4,4,Deliver_Action_Data;Deliver_Data;Deliver_Meeting_Data;Request_Action,1,1,0,1,1,0,0,1,0,0,0,0,3,8,0
train,martin-t_inbox_485,data/train/martin-t_inbox_485.json,3,2,1,11,6,Deliver_Action_Data;Deliver_Meeting_Data;Request_Action;Request_Meeting;Request_Meeting_Data,1,7,0,1,1,2,0,0,0,0,0,1,3,7,0
train,martin-t_inbox_56,data/train/martin-t_inbox_56.json,2,2,0,9,5,Deliver_Action_Data;Deliver_Data;Request_Action;Request_Data,2,4,0,0,2,2,1,1,0,0,0,0,2,34,0
train,martin-t_inbox_92,data/train/martin-t_inbox_92.json,2,2,0,3,2,Deliver_Action_Data;Deliver_Data,0,2,0,0,1,0,0,0,0,0,0,0,2,6,0
train,mccarty-d_inbox11,data/train/mccarty-d_inbox11.json,4,4,0,7,5,Amend_Data;Deliver_Action_Data;Deliver_Data;Request_Action,4,1,1,0,2,1,0,0,0,0,0,1,4,8,0
train,mccarty-d_inbox28,data/train/mccarty-d_inbox28.json,2,2,0,8,5,Deliver_Action_Data;Request_Action;Request_Action_Data,3,4,0,0,2,0,1,0,0,0,0,0,2,9,0
train,mccarty-d_inbox29,data/train/mccarty-d_inbox29.json,3,3,0,9,6,Deliver_Action_Data;Request_Action;Request_Action_Data,3,5,0,1,2,0,1,0,0,0,0,0,3,9,0
train,mccarty-d_inbox3,data/train/mccarty-d_inbox3.json,3,1,2,1,1,Deliver_Action_Data,0,1,0,0,0,0,0,1,0,0,0,0,3,8,0
train,mccarty-d_inbox5,data/train/mccarty-d_inbox5.json,2,2,0,4,3,Deliver_Action_Data;Deliver_Data,0,1,0,0,2,2,0,2,0,1,0,0,2,13,0
train,mccarty-d_inbox6,data/train/mccarty-d_inbox6.json,2,2,0,12,6,Deliver_Action_Data;Deliver_Data;Request_Action;Request_Action_Data,6,4,0,0,2,0,1,0,0,1,1,1,2,8,0
train,mccarty-d_inbox70,data/train/mccarty-d_inbox70.json,2,2,0,5,2,Deliver_Action_Data;Deliver_Data,0,4,0,0,1,1,0,0,0,0,1,0,2,6,0
train,mccarty-d_inbox71,data/train/mccarty-d_inbox71.json,3,3,0,6,3,Deliver_Action_Data;Deliver_Data;Request_Data,0,4,0,0,1,1,0,0,0,0,1,0,3,10,0
train,mccarty-d_inbox74,data/train/mccarty-d_inbox74.json,3,3,0,2,2,Deliver_Data;Request_Data,0,0,0,0,2,0,0,1,0,0,0,0,3,6,0
train,mccarty-d_inbox83,data/train/mccarty-d_inbox83.json,2,2,0,10,4,Deliver_Action_Data;Deliver_Data;Deliver_Meeting_Data,0,5,0,0,2,2,1,1,0,0,0,1,2,6,0
train,mccarty-d_inbox9,data/train/mccarty-d_inbox9.json,2,2,0,8,4,Deliver_Data;Deliver_Meeting_Data;Request_Data,0,0,0,0,2,1,0,1,0,0,0,0,2,16,0
train,mccarty-d_inbox91,data/train/mccarty-d_inbox91.json,2,2,0,14,7,Deliver_Action_Data;Deliver_Meeting_Data;Request_Action;Request_Meeting;Request_Meeting_Data,2,7,0,0,1,2,0,0,0,0,0,0,2,6,0
train,mccarty-d_inbox95,data/train/mccarty-d_inbox95.json,2,2,0,6,4,Deliver_Action_Data;Deliver_Data;Request_Action,3,2,0,0,2,1,1,1,0,0,0,0,2,42,0
train,mccarty-d_inbox96,data/train/mccarty-d_inbox96.json,4,4,0,17,10,Deliver_Action_Data;Deliver_Data;Deliver_Meeting_Data;Request_Action;Request_Data;Request_Meeting;Request_Meeting_Data,2,8,0,1,3,2,0,0,0,0,0,0,4,10,0
train,mccarty-d_inbox_2001_prc_ets_mid_year9,data/train/mccarty-d_inbox_2001_prc_ets_mid_year9.json,2,2,0,1,1,Deliver_Data,0,0,0,0,1,0,1,1,1,0,0,0,2,23,0
train,mccarty-d_inbox_7,data/train/mccarty-d_inbox_7.json,2,2,0,4,3,Deliver_Data;Request_Action;Request_Action_Data,1,0,0,0,2,0,0,0,0,0,0,0,2,6,0
train,mccarty-d_inbox_9,data/train/mccarty-d_inbox_9.json,2,2,0,1,1,Deliver_Data,0,0,0,0,1,0,1,1,1,0,0,0,2,23,0
train,mccarty-d_inbox_alaska_gas10,data/train/mccarty-d_inbox_alaska_gas10.json,2,2,0,6,2,Deliver_Action_Data,0,6,0,0,2,1,1,1,0,0,0,0,2,6,0
train,mccarty-d_inbox_alaska_gas107,data/train/mccarty-d_inbox_alaska_gas107.json,3,3,0,8,5,Deliver_Action_Data;Request_Action;Request_Data,1,4,0,1,1,0,1,0,0,0,0,0,3,10,0
train,mccarty-d_inbox_alaska_gas111,data/train/mccarty-d_inbox_alaska_gas111.json,2,2,0,15,7,Deliver_Action_Data;Deliver_Data;Deliver_Meeting_Data;Request_Data;Request_Meeting_Data,0,5,0,0,2,1,0,1,0,0,0,0,2,6,0
train,mccarty-d_inbox_alaska_gas113,data/train/mccarty-d_inbox_alaska_gas113.json,2,2,0,5,2,Deliver_Action_Data;Deliver_Data,0,4,0,0,2,0,0,2,0,0,0,0,2,9,0
train,mccarty-d_inbox_alaska_gas152,data/train/mccarty-d_inbox_alaska_gas152.json,2,2,0,11,5,Deliver_Action_Data;Deliver_Data;Deliver_Meeting_Data;Request_Action,1,5,0,0,2,1,1,1,0,0,0,0,2,9,0
train,mccarty-d_inbox_alaska_gas2,data/train/mccarty-d_inbox_alaska_gas2.json,2,2,0,1,1,Deliver_Action_Data,0,1,0,0,0,0,0,1,0,0,0,0,2,13,0
train,mccarty-d_inbox_alaska_gas29,data/train/mccarty-d_inbox_alaska_gas29.json,2,2,0,7,3,Deliver_Action_Data;Deliver_Data;Request_Data,0,4,0,0,2,0,1,2,0,0,0,0,2,21,0
train,mccarty-d_inbox_alaska_gas4,data/train/mccarty-d_inbox_alaska_gas4.json,2,2,0,4,3,Deliver_Action_Data;Deliver_Data,0,3,0,0,1,0,0,1,1,1,0,0,2,12,0
train,mccarty-d_inbox_alaska_gas_103,data/train/mccarty-d_inbox_alaska_gas_103.json,3,3,0,11,7,Amend_Data;Deliver_Action_Data;Deliver_Data;Request_Action;Request_Data,2,5,2,0,2,2,1,1,0,0,1,0,3,28,0
train,mccarty-d_inbox_alaska_gas_110,data/train/mccarty-d_inbox_alaska_gas_110.json,2,2,0,6,4,Deliver_Action_Data;Deliver_Data;Request_Data,0,2,0,0,2,1,1,2,0,1,1,1,2,7,0
train,mccarty-d_inbox_alaska_gas_13,data/train/mccarty-d_inbox_alaska_gas_13.json,2,2,0,8,6,Deliver_Action_Data;Deliver_Data;Deliver_Meeting_Data;Request_Data,0,3,0,0,2,0,1,2,0,0,0,1,2,11,0
train,mccarty-d_inbox_alaska_gas_20,data/train/mccarty-d_inbox_alaska_gas_20.json,2,2,0,4,4,Deliver_Action_Data;Deliver_Data;Deliver_Meeting_Data,0,1,0,0,2,0,0,0,0,2,0,0,2,14,0
train,mccarty-d_inbox_alaska_gas_25,data/train/mccarty-d_inbox_alaska_gas_25.json,2,2,0,3,2,Amend_Data;Deliver_Action_Data,0,2,1,0,1,0,1,0,1,1,1,1,2,12,0
train,mccarty-d_inbox_presentations3,data/train/mccarty-d_inbox_presentations3.json,2,2,0,4,3,Deliver_Data;Request_Action,2,0,0,0,1,0,0,0,0,0,0,0,2,6,0
train,mccarty-d_inbox_stupid_things1,data/train/mccarty-d_inbox_stupid_things1.json,2,1,1,2,2,Deliver_Action_Data;Deliver_Meeting_Data,0,1,0,0,0,0,1,1,0,1,0,0,2,4,0
train,mclaughlin-e_inbox104,data/train/mclaughlin-e_inbox104.json,3,3,0,7,6,Deliver_Action_Data;Deliver_Data;Request_Data,0,2,0,0,2,1,2,2,0,1,1,0,3,108,0
train,mclaughlin-e_inbox105,data/train/mclaughlin-e_inbox105.json,2,2,0,5,3,Deliver_Action_Data;Request_Action,2,3,0,0,1,1,1,1,0,0,0,1,2,6,0
train,mclaughlin-e_inbox117,data/train/mclaughlin-e_inbox117.json,2,1,1,1,1,Deliver_Data,0,0,0,0,0,0,0,0,0,0,0,0,2,6,0
train,mclaughlin-e_inbox131,data/train/mclaughlin-e_inbox131.json,2,2,0,3,3,Deliver_Action_Data;Request_Action;Request_Action_Data,1,1,0,0,1,0,0,0,0,0,0,0,2,6,0
train,mclaughlin-e_inbox156,data/train/mclaughlin-e_inbox156.json,2,2,0,4,3,Deliver_Action_Data;Deliver_Data;Request_Action,2,1,0,0,2,0,0,0,0,0,0,0,2,6,0
train,mclaughlin-e_inbox159,data/train/mclaughlin-e_inbox159.json,2,1,1,4,3,Deliver_Action_Data;Deliver_Data;Request_Action,2,1,0,0,1,0,0,1,0,1,0,0,2,8,0
train,mclaughlin-e_inbox163,data/train/mclaughlin-e_inbox163.json,2,2,0,11,5,Amend_Data;Deliver_Action_Data;Deliver_Meeting_Data;Request_Action,3,6,1,1,2,2,1,1,0,1,1,0,2,16,0
train,mclaughlin-e_inbox166,data/train/mclaughlin-e_inbox166.json,2,2,0,6,4,Deliver_Action_Data;Deliver_Data;Request_Action,2,3,0,1,1,0,0,2,0,1,0,0,2,9,0
train,mclaughlin-e_inbox174,data/train/mclaughlin-e_inbox174.json,2,2,0,7,5,Deliver_Action_Data;Deliver_Data;Request_Action;Request_Data,3,2,0,0,2,1,0,0,0,0,0,0,2,21,0
train,mclaughlin-e_inbox178,data/train/mclaughlin-e_inbox178.json,2,2,0,3,3,Deliver_Action_Data;Deliver_Data;Request_Action,1,1,0,1,1,0,0,0,0,0,0,0,2,7,0
train,mclaughlin-e_inbox184,data/train/mclaughlin-e_inbox184.json,3,2,1,5,3,Deliver_Action_Data;Deliver_Data,0,2,0,0,1,1,1,1,0,2,0,0,3,28,0
train,mclaughlin-e_inbox187,data/train/mclaughlin-e_inbox187.json,2,2,0,5,5,Amend_Meeting_Data;Deliver_Data;Request_Action;Request_Meeting,2,0,1,0,2,2,1,0,1,0,1,0,2,21,0
train,mclaughlin-e_inbox202,data/train/mclaughlin-e_inbox202.json,3,3,0,4,3,Deliver_Action_Data;Deliver_Data;Request_Action,1,1,0,0,0,0,0,0,0,0,0,0,3,87,0
train,mclaughlin-e_inbox204,data/train/mclaughlin-e_inbox204.json,2,2,0,1,1,Deliver_Action_Data,0,1,0,0,0,0,0,0,0,0,0,0,2,87,0
train,mclaughlin-e_inbox209,data/train/mclaughlin-e_inbox209.json,2,2,0,3,2,Deliver_Action_Data;Deliver_Data,0,1,0,0,0,0,0,0,0,0,0,0,2,87,0
train,mclaughlin-e_inbox218,data/train/mclaughlin-e_inbox218.json,3,3,0,2,2,Deliver_Data;Request_Meeting,0,0,0,0,2,0,0,1,0,0,0,0,3,11,0
train,mclaughlin-e_inbox219,data/train/mclaughlin-e_inbox219.json,3,3,0,3,2,Deliver_Data;Request_Action_Data,0,0,0,0,1,0,0,0,0,0,0,0,3,11,0
train,mclaughlin-e_inbox220,data/train/mclaughlin-e_inbox220.json,2,1,1,1,1,Deliver_Data,0,0,0,0,1,0,0,1,0,0,0,0,2,6,0
train,mclaughlin-e_inbox221,data/train/mclaughlin-e_inbox221.json,2,1,1,0,0,,0,0,0,0,0,0,0,0,0,0,0,0,2,6,0
train,mclaughlin-e_inbox34,data/train/mclaughlin-e_inbox34.json,2,2,0,2,2,Deliver_Action_Data;Request_Action,1,1,0,1,1,0,0,1,0,0,0,0,2,6,0
train,mclaughlin-e_inbox395,data/train/mclaughlin-e_inbox395.json,2,2,0,5,4,Amend_Data;Deliver_Action_Data;Request_Action;Request_Action_Data,1,2,1,0,2,1,0,0,0,0,0,1,2,68,0
train,mclaughlin-e_inbox404,data/train/mclaughlin-e_inbox404.json,2,2,0,6,4,Deliver_Action_Data;Deliver_Meeting_Data;Request_Meeting,0,4,0,0,2,0,0,0,0,0,0,1,2,6,0
train,mclaughlin-e_inbox422,data/train/mclaughlin-e_inbox422.json,2,2,0,4,4,Deliver_Data;Request_Data;Request_Meeting,0,0,0,0,1,0,1,0,0,0,0,0,2,7,0
train,mclaughlin-e_inbox423,data/train/mclaughlin-e_inbox423.json,6,4,2,5,4,Deliver_Data;Request_Data,0,0,0,0,1,0,0,1,0,0,1,0,6,8,0
train,mclaughlin-e_inbox446,data/train/mclaughlin-e_inbox446.json,3,3,0,5,4,Deliver_Data;Request_Action;Request_Data,1,0,0,0,3,0,0,0,0,0,0,0,3,6,0
train,mclaughlin-e_inbox455,data/train/mclaughlin-e_inbox455.json,3,3,0,5,5,Amend_Data;Deliver_Action_Data;Deliver_Data;Deliver_Meeting_Data;Request_Data,0,1,1,0,1,0,0,0,0,2,0,1,3,6,0
train,mclaughlin-e_inbox457,data/train/mclaughlin-e_inbox457.json,2,2,0,5,3,Deliver_Action_Data;Request_Action,1,4,0,1,1,0,0,1,0,0,1,1,2,14,0
train,mclaughlin-e_inbox5,data/train/mclaughlin-e_inbox5.json,2,2,0,3,3,Request_Action;Request_Meeting_Data,2,0,0,0,1,1,0,0,0,0,0,0,2,11,0
train,mclaughlin-e_inbox87,data/train/mclaughlin-e_inbox87.json,2,2,0,4,3,Deliver_Action_Data;Deliver_Data,0,1,0,0,1,1,1,2,0,0,0,1,2,169,0
train,mclaughlin-e_inbox91,data/train/mclaughlin-e_inbox91.json,2,2,0,7,3,Deliver_Data;Request_Action;Request_Meeting,1,0,0,0,1,0,0,0,0,0,0,0,2,12,0
train,mclaughlin-e_inbox_134,data/train/mclaughlin-e_inbox_134.json,3,3,0,10,6,Deliver_Action_Data;Request_Action;Request_Data,3,4,0,0,2,1,1,0,0,0,0,0,3,14,0
train,mclaughlin-e_inbox_183,data/train/mclaughlin-e_inbox_183.json,2,2,0,4,4,Request_Action;Request_Action_Data;Request_Data,2,0,0,0,2,0,2,0,0,0,0,1,2,24,0
train,mclaughlin-e_inbox_78,data/train/mclaughlin-e_inbox_78.json,3,3,0,10,5,Amend_Data;Deliver_Data;Request_Action;Request_Data,1,0,2,0,2,1,0,1,0,2,0,0,3,8,0
train,mims-thurston-p_inbox105,data/train/mims-thurston-p_inbox105.json,3,3,0,11,7,Amend_Data;Deliver_Action_Data;Deliver_Data;Request_Action;Request_Action_Data,4,2,1,0,2,0,1,2,0,2,0,1,4,7,0
train,mims-thurston-p_inbox127,data/train/mims-thurston-p_inbox127.json,2,2,0,2,1,Request_Action,2,0,0,0,1,0,0,0,0,0,0,0,2,6,0
train,mims-thurston-p_inbox133,data/train/mims-thurston-p_inbox133.json,2,1,1,7,3,Deliver_Action_Data;Deliver_Data;Request_Action,2,3,0,0,1,1,1,0,0,0,0,0,2,6,0
train,mims-thurston-p_inbox155,data/train/mims-thurston-p_inbox155.json,2,0,2,0,0,,0,0,0,0,0,0,0,0,0,0,0,0,2,5,0
train,mims-thurston-p_inbox157,data/train/mims-thurston-p_inbox157.json,3,3,0,5,4,Deliver_Data;Request_Data,0,0,0,0,0,1,0,0,0,0,0,0,3,6,0
train,mims-thurston-p_inbox18,data/train/mims-thurston-p_inbox18.json,3,2,1,7,4,Deliver_Action_Data;Deliver_Data;Request_Action;Request_Data,2,2,0,0,2,1,1,2,0,0,0,0,3,54,0
train,mims-thurston-p_inbox180,data/train/mims-thurston-p_inbox180.json,2,2,0,6,5,Deliver_Action_Data;Request_Action;Request_Data,2,2,0,0,2,2,0,0,0,0,0,0,2,13,0
train,mims-thurston-p_inbox222,data/train/mims-thurston-p_inbox222.json,4,3,1,16,7,Deliver_Action_Data;Deliver_Data;Request_Action;Request_Action_Data,3,6,0,0,2,0,1,0,0,0,1,0,4,12,0
train,mims-thurston-p_inbox272,data/train/mims-thurston-p_inbox272.json,2,2,0,13,4,Deliver_Action_Data;Request_Action,4,9,0,0,2,2,0,1,0,0,1,0,2,10,0
train,mims-thurston-p_inbox282,data/train/mims-thurston-p_inbox282.json,2,2,0,8,4,Deliver_Action_Data;Deliver_Data;Request_Action,1,3,0,1,2,0,1,1,0,1,0,0,2,6,0
train,mims-thurston-p_inbox324,data/train/mims-thurston-p_inbox324.json,2,2,0,2,1,Deliver_Action_Data,0,2,0,0,0,0,0,0,0,0,0,0,2,6,0
train,mims-thurston-p_inbox34,data/train/mims-thurston-p_inbox34.json,2,2,0,1,1,Deliver_Action_Data,0,1,0,0,1,1,0,0,0,0,0,1,2,6,0
train,mims-thurston-p_inbox348,data/train/mims-thurston-p_inbox348.json,2,2,0,10,4,Deliver_Action_Data;Deliver_Meeting_Data;Request_Action,3,6,0,1,1,1,1,2,1,1,0,0,2,7,0
train,mims-thurston-p_inbox39,data/train/mims-thurston-p_inbox39.json,3,3,0,4,3,Deliver_Action_Data;Request_Data,0,1,0,0,2,1,0,1,1,1,1,0,3,6,0
train,mims-thurston-p_inbox48,data/train/mims-thurston-p_inbox48.json,2,2,0,4,2,Deliver_Action_Data;Request_Action,1,3,0,0,2,1,1,0,1,1,2,0,2,5,0
train,mims-thurston-p_inbox59,data/train/mims-thurston-p_inbox59.json,3,2,1,2,2,Deliver_Data;Request_Action,1,0,0,0,1,0,0,1,0,0,0,0,3,18,0
train,mims-thurston-p_inbox89,data/train/mims-thurston-p_inbox89.json,2,2,0,9,5,Deliver_Action_Data;Deliver_Data;Request_Action;Request_Action_Data;Request_Data,3,3,0,0,2,1,0,0,1,1,1,1,2,4,0
train,mims-thurston-p_inbox_103,data/train/mims-thurston-p_inbox_103.json,2,1,1,1,1,Deliver_Data,0,0,0,0,1,1,0,1,0,0,1,0,2,6,0
train,mims-thurston-p_inbox_122,data/train/mims-thurston-p_inbox_122.json,4,3,1,6,3,Deliver_Action_Data;Request_Data,0,5,0,0,1,0,0,0,0,1,0,1,4,7,0
train,mims-thurston-p_inbox_169,data/train/mims-thurston-p_inbox_169.json,2,2,0,2,2,Deliver_Action_Data;Request_Action,1,1,0,1,1,1,0,0,0,0,0,0,2,6,0
train,mims-thurston-p_inbox_20,data/train/mims-thurston-p_inbox_20.json,2,1,1,3,2,Deliver_Data;Request_Action,2,0,0,0,1,0,0,1,0,0,0,0,2,45,0
train,mims-thurston-p_inbox_203,data/train/mims-thurston-p_inbox_203.json,3,3,0,6,6,Deliver_Action_Data;Deliver_Data;Request_Action;Request_Data;Request_Meeting,1,2,0,1,2,1,0,0,0,1,0,1,3,8,0
train,mims-thurston-p_inbox_224,data/train/mims-thurston-p_inbox_224.json,2,2,0,5,4,Amend_Data;Deliver_Action_Data;Deliver_Data,0,2,1,0,2,1,1,1,0,0,0,0,2,8,0
train,mims-thurston-p_inbox_235,data/train/mims-thurston-p_inbox_235.json,3,3,0,4,4,Deliver_Data;Request_Data,0,0,0,0,2,0,0,2,0,0,0,0,3,3,0
train,mims-thurston-p_inbox_280,data/train/mims-thurston-p_inbox_280.json,2,1,1,1,1,Deliver_Data,0,0,0,0,1,0,0,0,1,1,0,1,2,5,1
train,mims-thurston-p_inbox_283,data/train/mims-thurston-p_inbox_283.json,2,0,2,0,0,,0,0,0,0,0,0,0,0,0,0,0,0,2,6,0
train,mims-thurston-p_inbox_288,data/train/mims-thurston-p_inbox_288.json,2,2,0,3,2,Deliver_Action_Data;Deliver_Meeting_Data,0,2,0,0,1,1,2,0,0,0,0,0,2,8,0
train,mims-thurston-p_inbox_307,data/train/mims-thurston-p_inbox_307.json,2,1,1,1,1,Request_Action,1,0,0,0,1,1,0,0,0,0,0,0,2,40,0
train,mims-thurston-p_inbox_322,data/train/mims-thurston-p_inbox_322.json,3,3,0,0,0,,0,0,0,0,0,0,0,0,0,0,0,0,3,16,0
train,mims-thurston-p_inbox_325,data/train/mims-thurston-p_inbox_325.json,4,3,1,3,2,Deliver_Action_Data;Request_Data,0,2,0,0,0,0,0,0,0,0,0,0,4,6,0
train,mims-thurston-p_inbox_345,data/train/mims-thurston-p_inbox_345.json,2,1,1,1,1,Deliver_Data,0,0,0,0,0,0,0,1,0,0,0,0,2,10,0
train,mims-thurston-p_inbox_42,data/train/mims-thurston-p_inbox_42.json,3,3,0,6,6,Deliver_Action_Data;Deliver_Data;Deliver_Meeting_Data;Request_Action;Request_Meeting,1,1,0,0,2,0,0,1,1,1,1,0,3,56,0
train,mims-thurston-p_inbox_67,data/train/mims-thurston-p_inbox_67.json,2,2,0,4,3,Deliver_Action_Data;Deliver_Data;Request_Action,1,2,0,0,1,0,1,1,0,0,0,0,2,33,0
train,mims-thurston-p_inbox_71,data/train/mims-thurston-p_inbox_71.json,2,1,1,1,1,Deliver_Data,0,0,0,0,1,0,0,1,0,0,0,0,2,4,0
train,nemec-g_inbox1036,data/train/nemec-g_inbox1036.json,2,2,0,9,4,Deliver_Action_Data;Deliver_Data,0,7,0,0,2,2,0,1,0,2,1,1,2,7,0
train,nemec-g_inbox1040,data/train/nemec-g_inbox1040.json,5,5,0,11,7,Amend_Data;Deliver_Action_Data;Deliver_Data;Deliver_Meeting_Data;Request_Action,3,4,1,0,3,3,1,2,0,1,0,2,5,9,0
train,nemec-g_inbox1129,data/train/nemec-g_inbox1129.json,2,2,0,8,6,Amend_Data;Deliver_Action_Data;Deliver_Data;Request_Action;Request_Meeting,1,4,1,1,1,1,1,1,0,1,0,0,2,9,0
train,nemec-g_inbox113,data/train/nemec-g_inbox113.json,5,5,0,9,7,Amend_Data;Deliver_Action_Data;Deliver_Data;Request_Action;Request_Data;Request_Meeting,1,2,1,1,3,0,0,2,0,2,0,1,5,12,0
train,nemec-g_inbox1221,data/train/nemec-g_inbox1221.json,2,2,0,1,1,Deliver_Data,0,0,0,0,1,1,0,1,0,0,0,0,2,6,0
train,nemec-g_inbox1268,data/train/nemec-g_inbox1268.json,3,3,0,8,7,Deliver_Action_Data;Deliver_Meeting_Data;Request_Action;Request_Data;Request_Meeting,1,3,0,0,1,2,0,0,1,1,1,1,3,6,0
train,nemec-g_inbox1288,data/train/nemec-g_inbox1288.json,2,2,0,8,6,Deliver_Action_Data;Deliver_Data;Request_Action;Request_Action_Data;Request_Data,1,4,0,1,1,2,0,1,0,1,0,0,2,5,0
train,nemec-g_inbox133,data/train/nemec-g_inbox133.json,3,1,2,6,2,Deliver_Action_Data;Deliver_Data,0,2,0,0,1,1,1,1,0,0,0,0,3,12,0
train,nemec-g_inbox1344,data/train/nemec-g_inbox1344.json,2,1,1,2,2,Deliver_Data;Request_Action,1,0,0,0,0,0,1,0,0,0,0,0,2,5,0
train,nemec-g_inbox1679,data/train/nemec-g_inbox1679.json,2,2,0,7,5,Deliver_Action_Data;Request_Action;Request_Data,4,2,0,0,2,0,2,2,0,1,0,0,2,12,0
train,nemec-g_inbox1721,data/train/nemec-g_inbox1721.json,2,2,0,12,5,Deliver_Action_Data;Deliver_Data;Request_Action;Request_Data,1,6,0,1,2,2,1,1,0,0,0,1,2,12,0
train,nemec-g_inbox1742,data/train/nemec-g_inbox1742.json,3,2,1,6,5,Deliver_Action_Data;Deliver_Data;Request_Action;Request_Meeting,1,2,0,0,2,0,0,1,0,0,1,0,3,7,0
train,nemec-g_inbox183,data/train/nemec-g_inbox183.json,2,2,0,4,4,Amend_Data;Deliver_Data;Request_Action,1,0,1,0,1,0,1,1,0,1,0,1,2,10,0
train,nemec-g_inbox257,data/train/nemec-g_inbox257.json,2,2,0,8,5,Amend_Data;Deliver_Action_Data;Deliver_Data;Request_Action,2,3,1,1,2,1,0,2,0,0,0,1,2,5,0
train,nemec-g_inbox27,data/train/nemec-g_inbox27.json,3,3,0,9,6,Deliver_Action_Data;Request_Action;Request_Data,2,5,0,0,2,1,0,0,0,0,0,0,3,6,0
train,nemec-g_inbox311,data/train/nemec-g_inbox311.json,3,3,0,8,7,Deliver_Action_Data;Deliver_Data;Deliver_Meeting_Data;Request_Action,2,2,0,0,3,1,1,3,0,0,0,1,3,6,0
train,nemec-g_inbox321,data/train/nemec-g_inbox321.json,2,2,0,6,4,Deliver_Action_Data;Deliver_Meeting_Data;Request_Action;Request_Data,1,3,0,0,1,0,0,0,0,0,0,0,2,6,0
train,nemec-g_inbox409,data/train/nemec-g_inbox409.json,3,3,0,4,3,Deliver_Action_Data;Request_Meeting,0,2,0,0,1,1,0,0,0,0,0,0,3,6,0
train,nemec-g_inbox431,data/train/nemec-g_inbox431.json,5,5,0,6,5,Request_Meeting,0,0,0,0,5,0,0,0,0,0,0,0,2,5,0
train,nemec-g_inbox62,data/train/nemec-g_inbox62.json,2,2,0,4,2,Deliver_Action_Data;Deliver_Data,0,2,0,0,1,0,0,0,0,0,0,0,2,6,0
train,nemec-g_inbox856,data/train/nemec-g_inbox856.json,2,2,0,14,4,Deliver_Action_Data;Deliver_Data;Deliver_Meeting_Data,0,11,0,0,2,1,2,1,0,1,0,0,2,6,0
train,nemec-g_inbox889,data/train/nemec-g_inbox889.json,2,2,0,1,1,Deliver_Data,0,0,0,0,1,0,0,1,0,0,0,0,2,6,0
train,nemec-g_inbox896,data/train/nemec-g_inbox896.json,3,3,0,10,7,Deliver_Action_Data;Deliver_Data;Request_Action;Request_Data,2,6,0,0,1,0,0,0,0,0,0,0,3,6,0
train,nemec-g_inbox906,data/train/nemec-g_inbox906.json,3,3,0,6,4,Deliver_Action_Data;Deliver_Data;Request_Action_Data,0,3,0,0,3,1,1,0,0,0,0,0,3,9,0
train,nemec-g_inbox910,data/train/nemec-g_inbox910.json,2,2,0,5,5,Deliver_Action_Data;Deliver_Data;Request_Action;Request_Action_Data;Request_Meeting,1,1,0,0,1,1,0,1,0,0,0,0,2,8,0
train,nemec-g_inbox971,data/train/nemec-g_inbox971.json,2,2,0,1,1,Deliver_Data,0,0,0,0,1,0,1,1,0,0,0,0,2,6,0
train,nemec-g_inbox979,data/train/nemec-g_inbox979.json,2,2,0,6,5,Deliver_Data;Deliver_Meeting_Data;Request_Action;Request_Data,1,0,0,0,2,0,1,1,0,1,0,0,2,36,0
train,nemec-g_inbox986,data/train/nemec-g_inbox986.json,3,3,0,5,5,Deliver_Action_Data;Deliver_Data;Request_Action;Request_Meeting,2,1,0,0,3,1,1,1,0,0,0,1,3,8,0
train,nemec-g_inbox998,data/train/nemec-g_inbox998.json,4,4,0,8,7,Deliver_Action_Data;Deliver_Data;Request_Action,4,1,0,0,3,3,0,2,0,1,0,0,4,6,0
train,nemec-g_inbox_21,data/train/nemec-g_inbox_21.json,3,3,0,11,8,Deliver_Action_Data;Deliver_Data;Request_Action;Request_Action_Data;Request_Data,4,3,0,1,2,0,0,0,0,0,0,2,3,7,0
train,nemec-g_inbox_56,data/train/nemec-g_inbox_56.json,2,2,0,6,5,Deliver_Action_Data;Deliver_Data;Deliver_Meeting_Data;Request_Action,2,1,0,0,2,1,0,1,0,1,0,1,2,6,0
train,parks-j_inbox153,data/train/parks-j_inbox153.json,4,4,0,7,5,Deliver_Action_Data;Deliver_Meeting_Data;Request_Action;Request_Meeting,1,1,0,0,1,1,0,0,0,0,0,0,4,17,0
train,parks-j_inbox244,data/train/parks-j_inbox244.json,3,3,0,2,2,Deliver_Action_Data;Request_Action_Data,0,1,0,0,0,0,2,0,0,0,0,0,3,6,0
train,parks-j_inbox303,data/train/parks-j_inbox303.json,2,2,0,7,4,Deliver_Action_Data;Deliver_Data;Request_Action,2,1,0,1,1,0,0,0,1,1,1,0,2,4,0
train,parks-j_inbox357,data/train/parks-j_inbox357.json,4,4,0,4,3,Deliver_Action_Data;Request_Action;Request_Data,1,2,0,1,2,0,0,0,0,0,0,1,4,11,0
train,parks-j_inbox43,data/train/parks-j_inbox43.json,3,3,0,3,3,Deliver_Meeting_Data;Request_Data,0,0,0,0,0,0,0,0,0,0,0,0,3,21,0
train,parks-j_inbox432,data/train/parks-j_inbox432.json,3,3,0,10,7,Deliver_Action_Data;Deliver_Data;Deliver_Meeting_Data;Request_Action;Request_Data,1,6,0,1,3,0,1,1,0,0,0,1,3,7,0
train,parks-j_inbox454,data/train/parks-j_inbox454.json,2,1,1,7,1,Deliver_Data,0,0,0,0,1,1,0,0,0,0,1,0,2,4,0
train,parks-j_inbox572,data/train/parks-j_inbox572.json,3,3,0,8,4,Deliver_Action_Data;Deliver_Data;Request_Action,1,5,0,1,2,1,2,0,1,1,1,0,3,42,0
train,parks-j_inbox736,data/train/parks-j_inbox736.json,3,3,0,3,3,Deliver_Action_Data;Request_Action;Request_Data,1,1,0,1,0,0,0,0,0,0,0,0,3,12,0
train,parks-j_inbox751,data/train/parks-j_inbox751.json,2,2,0,3,3,Deliver_Action_Data;Request_Action_Data;Request_Data,0,1,0,0,0,1,1,0,0,0,0,0,2,6,0
train,rapp-b_inbox116,data/train/rapp-b_inbox116.json,3,3,0,13,6,Amend_Data;Deliver_Action_Data;Deliver_Data;Request_Action,2,2,2,0,1,0,1,0,0,1,0,0,3,12,0
train,rapp-b_inbox150,data/train/rapp-b_inbox150.json,2,2,0,2,2,Deliver_Data,0,0,0,0,1,0,0,2,0,0,0,0,2,12,0
train,rapp-b_inbox162,data/train/rapp-b_inbox162.json,2,2,0,2,2,Deliver_Data,0,0,0,0,1,0,0,0,0,0,0,0,2,8,0
train,rapp-b_inbox166,data/train/rapp-b_inbox166.json,2,2,0,2,1,Deliver_Data,0,0,0,0,1,0,0,1,0,0,0,0,2,6,0
train,rapp-b_inbox171,data/train/rapp-b_inbox171.json,2,2,0,4,3,Deliver_Action_Data;Deliver_Data;Deliver_Meeting_Data,0,2,0,0,1,1,0,0,0,0,0,0,2,6,0
train,rapp-b_inbox186,data/train/rapp-b_inbox186.json,2,2,0,10,3,Deliver_Action_Data;Deliver_Data,0,2,0,0,1,0,1,1,0,0,0,0,2,15,0
train,rapp-b_inbox187,data/train/rapp-b_inbox187.json,2,2,0,8,6,Amend_Data;Deliver_Action_Data;Deliver_Data;Request_Action;Request_Data,1,2,2,1,1,1,1,1,0,1,1,0,2,33,0
train,rapp-b_inbox201,data/train/rapp-b_inbox201.json,7,7,0,10,9,Amend_Meeting_Data;Deliver_Meeting_Data;Request_Meeting;Request_Meeting_Data,0,0,1,0,2,1,0,0,0,0,1,0,7,15,0
train,rapp-b_inbox273,data/train/rapp-b_inbox273.json,5,5,0,13,8,Amend_Data;Deliver_Action_Data;Deliver_Data;Request_Action,2,3,6,1,4,2,3,1,0,2,0,1,5,13,0
train,rapp-b_inbox287,data/train/rapp-b_inbox287.json,3,3,0,4,2,Deliver_Action_Data;Deliver_Meeting_Data,0,3,0,0,1,0,0,0,0,0,0,1,3,6,0
train,rapp-b_inbox292,data/train/rapp-b_inbox292.json,2,2,0,2,2,Deliver_Meeting_Data,0,0,0,0,1,2,1,0,0,0,0,0,2,6,0
train,rapp-b_inbox322,data/train/rapp-b_inbox322.json,5,5,0,9,8,Amend_Meeting_Data;Deliver_Action_Data;Deliver_Data;Request_Meeting;Request_Meeting_Data,0,2,2,0,3,0,1,3,0,0,0,0,5,9,0
train,rapp-b_inbox333,data/train/rapp-b_inbox333.json,2,2,0,5,4,Deliver_Action_Data;Deliver_Data;Request_Action;Request_Data,2,1,0,0,1,1,1,1,0,0,0,1,2,9,0
train,rapp-b_inbox383,data/train/rapp-b_inbox383.json,3,3,0,12,6,Deliver_Action_Data;Deliver_Data;Request_Action;Request_Data,2,7,0,0,0,1,0,1,0,1,0,0,3,9,0
train,rapp-b_inbox385,data/train/rapp-b_inbox385.json,3,3,0,11,6,Deliver_Action_Data;Deliver_Data;Request_Data,0,5,0,0,0,0,0,0,0,0,0,0,3,12,0
train,rapp-b_inbox402,data/train/rapp-b_inbox402.json,2,2,0,7,3,Deliver_Action_Data;Request_Action_Data;Request_Data,0,3,0,0,0,1,0,0,0,0,0,0,2,6,0
train,rapp-b_inbox411,data/train/rapp-b_inbox411.json,2,2,0,6,2,Deliver_Data;Request_Action,5,0,0,0,1,0,1,1,0,0,0,1,2,16,0
train,rapp-b_inbox_118,data/train/rapp-b_inbox_118.json,2,2,0,2,2,Deliver_Data,0,0,0,0,1,0,0,1,0,0,0,0,2,15,0
train,rapp-b_inbox_155,data/train/rapp-b_inbox_155.json,2,2,0,8,6,Deliver_Action_Data;Deliver_Meeting_Data;Request_Meeting,0,2,0,0,2,2,0,0,0,0,1,0,2,21,0
train,rapp-b_inbox_163,data/train/rapp-b_inbox_163.json,2,2,0,1,1,Deliver_Data,0,0,0,0,1,0,0,1,0,0,0,0,2,16,0
train,rapp-b_inbox_211,data/train/rapp-b_inbox_211.json,2,2,0,2,2,Deliver_Action_Data;Request_Data,0,1,0,0,1,0,0,1,0,0,0,1,2,8,0
train,rapp-b_inbox_241,data/train/rapp-b_inbox_241.json,3,3,0,4,4,Deliver_Action_Data;Deliver_Data,0,1,0,0,1,0,0,0,0,0,0,0,3,18,0
train,rapp-b_inbox_271,data/train/rapp-b_inbox_271.json,2,2,0,3,3,Deliver_Action_Data;Deliver_Data,0,1,0,0,1,0,0,2,0,0,0,0,2,19,0
train,rapp-b_inbox_293,data/train/rapp-b_inbox_293.json,3,3,0,4,2,Deliver_Action_Data,0,4,0,0,1,1,2,0,1,1,0,1,3,13,0
train,rapp-b_inbox_304,data/train/rapp-b_inbox_304.json,2,2,0,3,3,Amend_Data;Deliver_Action_Data;Deliver_Data,0,1,1,0,1,1,0,1,0,1,0,1,2,15,0
train,rapp-b_inbox_315,data/train/rapp-b_inbox_315.json,3,3,0,3,3,Deliver_Data;Request_Action;Request_Data,1,0,0,0,1,0,0,1,0,0,0,0,3,23,0
train,rapp-b_inbox_323,data/train/rapp-b_inbox_323.json,6,6,0,10,9,Amend_Meeting_Data;Deliver_Action_Data;Deliver_Data;Deliver_Meeting_Data;Request_Meeting;Request_Meeting_Data,0,2,2,0,3,0,1,3,0,0,0,0,6,10,0
train,rapp-b_inbox_348,data/train/rapp-b_inbox_348.json,3,3,0,5,5,Deliver_Data;Request_Action;Request_Data,2,0,0,0,3,1,2,1,0,1,0,1,3,23,0
train,rapp-b_inbox_380,data/train/rapp-b_inbox_380.json,2,2,0,4,4,Deliver_Action_Data;Request_Action;Request_Data,2,1,0,0,0,1,0,0,0,1,0,0,2,9,0
train,rapp-b_inbox_387,data/train/rapp-b_inbox_387.json,4,4,0,7,6,Deliver_Action_Data;Request_Action;Request_Action_Data;Request_Data,1,2,0,0,2,0,0,0,0,0,0,0,4,15,0
train,reitmeyer-j_inbox101,data/train/reitmeyer-j_inbox101.json,3,3,0,7,6,Deliver_Action_Data;Request_Action;Request_Action_Data;Request_Meeting,3,2,0,0,1,3,2,0,0,0,0,0,3,25,0
train,reitmeyer-j_inbox102,data/train/reitmeyer-j_inbox102.json,2,2,0,5,4,Deliver_Action_Data;Request_Action;Request_Action_Data;Request_Meeting,2,1,0,0,1,2,1,0,0,0,0,0,2,24,0
train,reitmeyer-j_inbox104,data/train/reitmeyer-j_inbox104.json,3,3,0,6,5,Deliver_Action_Data;Deliver_Data;Deliver_Meeting_Data;Request_Action_Data,0,3,0,0,1,0,0,0,0,0,0,0,3,7,0
train,reitmeyer-j_inbox117,data/train/reitmeyer-j_inbox117.json,3,3,0,3,3,Deliver_Action_Data;Request_Action,2,1,0,0,1,0,0,1,0,0,0,0,3,9,0
train,reitmeyer-j_inbox127,data/train/reitmeyer-j_inbox127.json,3,3,0,6,3,Deliver_Data;Request_Data,0,0,0,0,1,0,0,0,1,1,1,0,3,9,0
train,reitmeyer-j_inbox128,data/train/reitmeyer-j_inbox128.json,2,1,1,0,0,,0,0,0,0,1,0,0,0,0,0,0,0,2,23,0
train,reitmeyer-j_inbox132,data/train/reitmeyer-j_inbox132.json,2,1,1,1,1,Deliver_Data,0,0,0,0,1,0,0,0,0,0,0,0,2,3,0
train,reitmeyer-j_inbox135,data/train/reitmeyer-j_inbox135.json,2,2,0,10,6,Deliver_Action_Data;Deliver_Data;Deliver_Meeting_Data;Request_Action;Request_Meeting,1,6,0,0,2,1,1,1,0,0,1,0,2,6,0
train,reitmeyer-j_inbox141,data/train/reitmeyer-j_inbox141.json,2,2,0,2,2,Deliver_Data,0,0,0,0,1,1,0,0,0,0,0,0,2,9,0
train,reitmeyer-j_inbox151,data/train/reitmeyer-j_inbox151.json,3,3,0,5,5,Deliver_Action_Data;Request_Action,2,3,0,1,2,1,0,0,0,0,0,0,3,7,0
train,reitmeyer-j_inbox152,data/train/reitmeyer-j_inbox152.json,2,2,0,2,1,Deliver_Action_Data,0,2,0,0,1,1,0,0,0,0,0,0,2,6,0
train,reitmeyer-j_inbox154,data/train/reitmeyer-j_inbox154.json,2,2,0,4,3,Deliver_Action_Data;Request_Action;Request_Data,1,2,0,1,1,1,0,1,0,0,0,0,2,6,0
train,reitmeyer-j_inbox216,data/train/reitmeyer-j_inbox216.json,7,5,2,4,4,Deliver_Action_Data;Deliver_Data;Request_Action,2,1,0,0,2,0,0,2,0,1,1,1,7,35,0
train,reitmeyer-j_inbox23,data/train/reitmeyer-j_inbox23.json,3,3,0,8,5,Deliver_Action_Data;Request_Action;Request_Data;Request_Meeting,1,5,0,1,2,1,0,0,0,0,0,0,3,27,0
train,reitmeyer-j_inbox24,data/train/reitmeyer-j_inbox24.json,4,4,0,5,4,Deliver_Action_Data;Deliver_Data;Request_Action,2,2,0,0,2,2,1,0,0,0,0,1,4,6,0
train,reitmeyer-j_inbox322,data/train/reitmeyer-j_inbox322.json,2,1,1,9,3,Deliver_Action_Data;Request_Action;Request_Data,1,6,0,0,1,1,1,1,0,0,0,0,2,4,0
train,reitmeyer-j_inbox365,data/train/reitmeyer-j_inbox365.json,2,2,0,12,5,Deliver_Action_Data;Deliver_Meeting_Data;Request_Action,7,4,0,0,2,0,0,1,0,0,0,0,2,12,0
train,reitmeyer-j_inbox382,data/train/reitmeyer-j_inbox382.json,3,2,1,4,2,Deliver_Action_Data;Request_Action,2,2,0,0,0,0,0,0,0,0,0,1,3,9,0
train,reitmeyer-j_inbox432,data/train/reitmeyer-j_inbox432.json,4,4,0,7,6,Deliver_Action_Data;Deliver_Data;Request_Action;Request_Action_Data;Request_Data,1,3,0,0,0,0,1,0,0,0,0,0,4,11,0
train,reitmeyer-j_inbox440,data/train/reitmeyer-j_inbox440.json,2,2,0,4,4,Deliver_Meeting_Data;Request_Action;Request_Data,2,0,0,0,1,0,0,1,0,0,1,0,2,6,0
train,reitmeyer-j_inbox453,data/train/reitmeyer-j_inbox453.json,2,2,0,3,2,Deliver_Action_Data;Deliver_Data,0,1,0,0,1,2,0,1,0,0,0,0,2,8,0
train,reitmeyer-j_inbox47,data/train/reitmeyer-j_inbox47.json,2,2,0,6,2,Deliver_Action_Data,0,6,0,0,2,2,2,0,0,1,0,0,2,16,0
train,reitmeyer-j_inbox48,data/train/reitmeyer-j_inbox48.json,2,1,1,12,3,Deliver_Data;Deliver_Meeting_Data;Request_Data,0,0,0,0,1,0,0,0,0,0,0,0,2,3,0
train,reitmeyer-j_inbox56,data/train/reitmeyer-j_inbox56.json,2,2,0,3,3,Deliver_Meeting_Data;Request_Action,2,0,0,0,2,1,0,0,1,0,0,0,2,7,0
train,reitmeyer-j_inbox61,data/train/reitmeyer-j_inbox61.json,2,2,0,4,3,Deliver_Action_Data;Deliver_Data;Request_Action,1,2,0,0,1,0,1,0,0,1,0,0,2,7,0
train,reitmeyer-j_inbox63,data/train/reitmeyer-j_inbox63.json,2,2,0,3,3,Deliver_Action_Data;Deliver_Data,0,2,0,0,1,0,0,0,0,0,0,0,2,11,0
train,reitmeyer-j_inbox71,data/train/reitmeyer-j_inbox71.json,2,1,1,1,1,Deliver_Data,0,0,0,0,1,0,0,0,1,1,0,1,2,4,1
train,reitmeyer-j_inbox76,data/train/reitmeyer-j_inbox76.json,3,3,0,9,6,Deliver_Action_Data;Deliver_Data;Deliver_Meeting_Data;Request_Action;Request_Data,2,1,0,0,0,1,0,0,0,1,0,0,3,6,0
train,reitmeyer-j_inbox82,data/train/reitmeyer-j_inbox82.json,2,1,1,2,2,Deliver_Action_Data;Deliver_Data,0,1,0,0,0,0,0,1,0,0,0,0,2,16,0
train,reitmeyer-j_inbox87,data/train/reitmeyer-j_inbox87.json,2,2,0,4,3,Deliver_Action_Data;Request_Action,2,2,0,0,1,0,0,1,0,2,0,0,2,4,0
train,reitmeyer-j_inbox93,data/train/reitmeyer-j_inbox93.json,2,2,0,3,2,Deliver_Action_Data;Request_Data,0,2,0,0,0,0,0,0,0,0,0,0,2,9,0
train,reitmeyer-j_inbox98,data/train/reitmeyer-j_inbox98.json,3,3,0,4,4,Deliver_Action_Data;Deliver_Meeting_Data;Request_Action_Data,0,2,0,0,1,0,0,0,0,0,0,0,3,7,0
train,reitmeyer-j_inbox_113,data/train/reitmeyer-j_inbox_113.json,2,2,0,3,3,Amend_Data;Deliver_Action_Data,0,2,1,0,1,0,0,0,0,0,0,0,2,8,0
train,reitmeyer-j_inbox_52,data/train/reitmeyer-j_inbox_52.json,3,3,0,10,7,Deliver_Action_Data;Deliver_Meeting_Data;Request_Action;Request_Meeting,4,3,0,0,2,1,1,0,0,0,0,0,3,12,0
train,sager-e_inbox114,data/train/sager-e_inbox114.json,2,2,0,4,2,Deliver_Data;Request_Data,0,0,0,0,2,1,0,1,0,0,0,0,2,4,0
train,sager-e_inbox116,data/train/sager-e_inbox116.json,2,2,0,4,3,Deliver_Data;Request_Action;Request_Meeting,1,0,0,0,2,1,2,0,0,0,0,0,2,15,0
train,sager-e_inbox16,data/train/sager-e_inbox16.json,2,1,1,2,2,Deliver_Meeting_Data;Request_Action,1,0,0,0,1,0,0,0,0,0,0,0,2,5,0
train,sager-e_inbox165,data/train/sager-e_inbox165.json,3,3,0,5,3,Deliver_Data;Request_Action,1,0,0,0,0,0,0,0,0,0,0,0,3,27,0
train,sager-e_inbox201,data/train/sager-e_inbox201.json,3,3,0,8,5,Deliver_Action_Data;Deliver_Data;Request_Action;Request_Data,3,1,0,1,2,0,1,1,0,1,0,0,3,14,0
train,sager-e_inbox202,data/train/sager-e_inbox202.json,2,2,0,5,3,Deliver_Action_Data;Deliver_Data,0,1,0,0,2,0,0,1,0,0,0,0,2,7,0
train,sager-e_inbox381,data/train/sager-e_inbox381.json,2,2,0,4,4,Deliver_Action_Data;Deliver_Data;Request_Action,2,1,0,0,2,2,0,0,0,1,0,0,2,7,0
train,sager-e_inbox407,data/train/sager-e_inbox407.json,3,3,0,8,3,Deliver_Action_Data;Deliver_Data;Request_Action,1,1,0,1,2,0,1,1,0,0,0,0,3,7,0
train,sager-e_inbox409,data/train/sager-e_inbox409.json,2,1,1,3,1,Deliver_Data,0,0,0,0,0,0,0,0,0,0,0,0,2,13,0
train,sager-e_inbox413,data/train/sager-e_inbox413.json,2,2,0,7,4,Deliver_Action_Data;Deliver_Data;Deliver_Meeting_Data,0,2,0,0,1,0,0,1,0,0,0,0,2,20,0
train,sager-e_inbox428,data/train/sager-e_inbox428.json,2,2,0,6,3,Deliver_Action_Data;Request_Action;Request_Action_Data,1,4,0,0,1,1,1,0,0,1,0,1,2,6,0
train,sager-e_inbox429,data/train/sager-e_inbox429.json,2,2,0,3,2,Deliver_Action_Data;Deliver_Data,0,2,0,0,1,0,0,0,0,1,0,0,2,4,0
train,sager-e_inbox445,data/train/sager-e_inbox445.json,2,2,0,2,2,Amend_Meeting_Data;Request_Meeting,0,0,1,0,1,1,1,0,0,1,0,0,2,55,0
train,sager-e_inbox448,data/train/sager-e_inbox448.json,2,2,0,10,5,Deliver_Action_Data;Deliver_Data;Request_Action,4,5,0,0,2,1,1,1,0,1,0,1,2,24,0
train,sager-e_inbox457,data/train/sager-e_inbox457.json,2,2,0,1,1,Deliver_Data,0,0,0,0,1,0,0,1,0,0,0,0,2,9,0
train,sager-e_inbox463,data/train/sager-e_inbox463.json,2,2,0,6,5,Deliver_Action_Data;Request_Action;Request_Data,2,3,0,0,2,1,1,1,0,1,0,0,2,6,0
train,sager-e_inbox471,data/train/sager-e_inbox471.json,2,2,0,4,2,Deliver_Action_Data;Deliver_Meeting_Data,0,2,0,0,1,1,1,0,0,0,0,0,2,9,0
train,sager-e_inbox478,data/train/sager-e_inbox478.json,2,2,0,4,3,Deliver_Action_Data;Deliver_Data,0,3,0,0,0,1,1,0,0,0,0,0,2,6,0
train,sager-e_inbox479,data/train/sager-e_inbox479.json,2,2,0,7,6,Deliver_Action_Data;Deliver_Data;Request_Action,2,2,0,0,0,2,0,0,0,0,1,0,2,18,0
train,sager-e_inbox50,data/train/sager-e_inbox50.json,2,2,0,2,2,Deliver_Action_Data;Deliver_Data,0,1,0,0,1,0,0,0,0,0,0,0,2,8,0
train,sager-e_inbox520,data/train/sager-e_inbox520.json,2,2,0,13,5,Deliver_Action_Data;Deliver_Data;Request_Action;Request_Data,1,9,0,1,2,2,0,1,0,0,0,1,2,8,0
train,sager-e_inbox522,data/train/sager-e_inbox522.json,3,3,0,14,6,Deliver_Action_Data;Deliver_Data;Request_Action;Request_Action_Data;Request_Data,1,9,0,1,2,2,0,1,0,0,0,1,3,11,0
train,sager-e_inbox533,data/train/sager-e_inbox533.json,2,2,0,2,2,Deliver_Action_Data;Request_Action_Data,0,1,0,0,2,0,1,0,0,0,0,0,2,15,0
train,sager-e_inbox747,data/train/sager-e_inbox747.json,2,1,1,0,0,,0,0,0,0,0,0,0,1,0,0,0,0,2,6,0
train,sager-e_inbox761,data/train/sager-e_inbox761.json,2,2,0,5,4,Deliver_Action_Data;Deliver_Meeting_Data;Request_Action,2,2,0,1,1,2,0,0,0,0,0,1,2,5,0
train,sager-e_inbox768,data/train/sager-e_inbox768.json,2,2,0,4,3,Deliver_Action_Data;Deliver_Data;Request_Action,1,1,0,0,2,1,0,1,0,1,0,0,2,12,0
train,sager-e_inbox773,data/train/sager-e_inbox773.json,2,2,0,2,2,Deliver_Action_Data;Deliver_Data,0,1,0,0,0,0,0,0,0,0,0,0,2,8,0
train,sager-e_inbox775,data/train/sager-e_inbox775.json,4,2,2,2,2,Request_Action;Request_Data,1,0,0,0,0,0,0,0,0,0,0,0,4,11,0
train,sager-e_inbox788,data/train/sager-e_inbox788.json,2,2,0,8,4,Deliver_Action_Data;Deliver_Data;Request_Action,2,5,0,0,1,1,1,1,0,0,1,1,2,12,0
train,sager-e_inbox843,data/train/sager-e_inbox843.json,5,5,0,8,8,Amend_Data;Deliver_Action_Data;Deliver_Data;Request_Data;Request_Meeting,0,3,1,0,2,2,0,1,0,1,1,0,5,19,0
train,sager-e_inbox857,data/train/sager-e_inbox857.json,3,3,0,8,7,Deliver_Action_Data;Deliver_Data;Deliver_Meeting_Data;Request_Action_Data,0,4,0,0,2,1,1,1,0,0,1,0,3,6,0
train,sager-e_inbox967,data/train/sager-e_inbox967.json,2,2,0,3,3,Amend_Meeting_Data;Deliver_Action_Data;Deliver_Data,0,1,1,0,1,0,1,2,0,0,0,0,2,67,0
train,sager-e_inbox997,data/train/sager-e_inbox997.json,2,2,0,4,4,Deliver_Action_Data;Deliver_Data;Request_Data,0,1,0,0,2,0,1,1,0,0,0,0,2,6,0
train,salisbury-h_inbox1024,data/train/salisbury-h_inbox1024.json,2,1,1,3,2,Deliver_Action_Data;Deliver_Data,0,2,0,0,1,1,1,1,0,1,0,0,2,9,0
train,salisbury-h_inbox1056,data/train/salisbury-h_inbox1056.json,2,1,1,1,1,Deliver_Data,0,0,0,0,0,0,0,0,0,0,0,0,2,18,0
train,salisbury-h_inbox1111,data/train/salisbury-h_inbox1111.json,2,2,0,4,3,Deliver_Action_Data;Deliver_Data,0,1,0,0,2,0,1,1,0,0,1,0,2,9,0
train,salisbury-h_inbox1116,data/train/salisbury-h_inbox1116.json,2,2,0,5,4,Deliver_Action_Data;Deliver_Data;Request_Action,3,1,0,0,2,0,0,0,0,0,0,0,2,5,0
train,salisbury-h_inbox170,data/train/salisbury-h_inbox170.json,2,1,1,3,2,Deliver_Action_Data;Deliver_Data,0,1,0,0,1,0,0,0,0,0,0,0,2,4,0
train,salisbury-h_inbox19,data/train/salisbury-h_inbox19.json,3,3,0,4,3,Deliver_Action_Data;Request_Action,1,3,0,1,1,0,1,0,0,0,0,0,3,9,0
train,salisbury-h_inbox268,data/train/salisbury-h_inbox268.json,3,3,0,8,3,Deliver_Action_Data;Request_Data,0,3,0,0,0,1,1,1,1,0,0,0,3,53,0
train,salisbury-h_inbox325,data/train/salisbury-h_inbox325.json,2,2,0,9,5,Deliver_Action_Data;Deliver_Meeting_Data;Request_Action;Request_Meeting,2,4,0,0,2,2,0,0,0,0,0,0,2,68,0
train,salisbury-h_inbox471,data/train/salisbury-h_inbox471.json,3,3,0,6,5,Deliver_Action_Data;Request_Action;Request_Data,2,3,0,0,1,0,1,1,0,1,1,0,3,6,0
train,salisbury-h_inbox728,data/train/salisbury-h_inbox728.json,2,2,0,8,4,Deliver_Action_Data;Deliver_Meeting_Data;Request_Action,1,6,0,0,2,2,1,0,0,2,1,0,2,9,0
train,salisbury-h_inbox815,data/train/salisbury-h_inbox815.json,4,4,0,5,3,Deliver_Data;Request_Action;Request_Data,2,0,0,0,1,2,2,0,0,0,0,1,4,10,0
train,salisbury-h_inbox842,data/train/salisbury-h_inbox842.json,3,3,0,5,4,Amend_Data;Deliver_Action_Data;Deliver_Data;Request_Action,1,2,1,1,1,0,0,0,0,1,0,1,3,8,0
train,salisbury-h_inbox858,data/train/salisbury-h_inbox858.json,2,2,0,8,5,Deliver_Action_Data;Deliver_Data;Request_Action,2,5,0,0,2,0,2,0,0,0,0,0,2,28,0
train,salisbury-h_inbox_132,data/train/salisbury-h_inbox_132.json,2,1,1,2,2,Deliver_Data;Request_Action,1,0,0,0,1,0,0,1,0,0,0,0,2,22,0
train,salisbury-h_inbox_656,data/train/salisbury-h_inbox_656.json,2,2,0,7,1,Deliver_Action_Data,0,7,0,0,1,0,1,0,0,0,0,1,2,6,0
train,schoolcraft-d_inbox21,data/train/schoolcraft-d_inbox21.json,3,3,0,5,4,Deliver_Action_Data;Deliver_Data;Request_Action;Request_Action_Data,1,2,0,1,1,2,0,0,0,1,0,1,3,6,1
train,schoolcraft-d_inbox35,data/train/schoolcraft-d_inbox35.json,3,2,1,9,5,Deliver_Action_Data;Deliver_Data;Request_Action,2,4,0,0,2,1,1,1,1,1,0,0,,,0
train,schoolcraft-d_inbox39,data/train/schoolcraft-d_inbox39.json,2,2,0,6,6,Deliver_Action_Data;Deliver_Data;Deliver_Meeting_Data;Request_Data,0,2,0,0,1,1,0,1,0,0,0,0,2,9,0
train,schoolcraft-d_inbox47,data/train/schoolcraft-d_inbox47.json,2,2,0,5,4,Deliver_Action_Data;Deliver_Meeting_Data;Request_Action,1,3,0,0,2,1,0,0,0,1,1,0,2,8,0
train,schoolcraft-d_inbox52,data/train/schoolcraft-d_inbox52.json,2,2,0,4,3,Deliver_Action_Data;Deliver_Data,0,3,0,0,0,0,0,1,0,1,0,0,2,31,0
train,schoolcraft-d_inbox54,data/train/schoolcraft-d_inbox54.json,2,1,1,1,1,Deliver_Data,0,0,0,0,0,0,0,1,0,0,0,0,2,5,0
train,schoolcraft-d_inbox68,data/train/schoolcraft-d_inbox68.json,3,3,0,2,2,Amend_Meeting_Data;Deliver_Meeting_Data,0,0,1,0,1,0,0,0,0,0,1,0,3,34,0
train,schoolcraft-d_inbox89,data/train/schoolcraft-d_inbox89.json,2,1,1,2,1,Deliver_Action_Data,0,2,0,0,1,0,0,1,0,0,0,0,2,31,0
train,schoolcraft-d_inbox_10,data/train/schoolcraft-d_inbox_10.json,3,3,0,6,5,Deliver_Action_Data;Deliver_Data;Request_Action,1,2,0,1,2,2,2,0,0,0,0,0,3,9,0
train,schoolcraft-d_inbox_16,data/train/schoolcraft-d_inbox_16.json,2,2,0,3,2,Deliver_Action_Data,0,3,0,0,0,0,0,0,0,1,0,0,2,6,0
train,schoolcraft-d_inbox_199,data/train/schoolcraft-d_inbox_199.json,2,1,1,7,5,Deliver_Action_Data;Deliver_Meeting_Data;Request_Action;Request_Data;Request_Meeting_Data,1,2,0,0,1,1,1,0,0,0,0,0,2,22,0
train,schoolcraft-d_inbox_316,data/train/schoolcraft-d_inbox_316.json,2,2,0,5,2,Amend_Data;Request_Data,0,0,3,0,1,0,0,0,0,1,0,0,2,6,0
train,schoolcraft-d_inbox_34,data/train/schoolcraft-d_inbox_34.json,2,2,0,8,4,Deliver_Action_Data;Deliver_Data;Request_Action,2,4,0,0,2,1,1,1,1,1,0,0,2,4,0
train,schoolcraft-d_inbox_49,data/train/schoolcraft-d_inbox_49.json,2,1,1,1,1,Request_Action,1,0,0,0,1,0,0,0,0,0,0,0,2,16,0
train,schoolcraft-d_inbox_53,data/train/schoolcraft-d_inbox_53.json,3,2,1,4,2,Deliver_Action_Data,0,4,0,0,1,0,0,0,0,1,0,1,3,10,0
train,schoolcraft-d_inbox_559,data/train/schoolcraft-d_inbox_559.json,3,3,0,5,5,Deliver_Action_Data;Deliver_Data;Request_Action_Data;Request_Data,0,2,0,0,1,0,1,0,0,0,0,1,3,12,0
train,schoolcraft-d_inbox_61,data/train/schoolcraft-d_inbox_61.json,5,1,4,0,0,,0,0,0,0,0,0,0,0,0,0,0,0,5,14,0
train,schoolcraft-d_inbox_72,data/train/schoolcraft-d_inbox_72.json,2,2,0,4,2,Deliver_Action_Data,0,4,0,0,1,0,2,0,0,1,0,0,2,5,0
train,schoolcraft-d_inbox_82,data/train/schoolcraft-d_inbox_82.json,3,3,0,6,5,Deliver_Action_Data;Deliver_Meeting_Data;Request_Action,1,1,0,1,1,2,1,0,0,0,0,0,3,12,0
train,schoolcraft-d_inbox_92,data/train/schoolcraft-d_inbox_92.json,2,1,1,1,1,Deliver_Data,0,0,0,0,1,0,0,1,0,0,0,0,2,23,0
train,schoolcraft-d_inbox_junk204,data/train/schoolcraft-d_inbox_junk204.json,2,2,0,12,5,Amend_Data;Deliver_Action_Data;Deliver_Data;Request_Action,3,7,1,1,1,0,1,0,0,1,0,2,2,36,0
train,schoolcraft-d_inbox_junk223,data/train/schoolcraft-d_inbox_junk223.json,2,2,0,6,3,Deliver_Action_Data;Deliver_Data,0,4,0,0,2,1,1,1,0,0,0,0,2,8,0
train,schoolcraft-d_inbox_junk268,data/train/schoolcraft-d_inbox_junk268.json,3,3,0,3,2,Deliver_Action_Data;Deliver_Data,0,2,0,0,1,0,1,0,0,0,0,1,3,33,0
train,schoolcraft-d_inbox_junk280,data/train/schoolcraft-d_inbox_junk280.json,2,1,1,1,1,Deliver_Data,0,0,0,0,1,0,0,1,0,0,0,0,2,26,0
train,schoolcraft-d_inbox_junk289,data/train/schoolcraft-d_inbox_junk289.json,3,3,0,15,7,Deliver_Action_Data;Request_Action;Request_Data,7,7,0,0,2,1,0,0,0,0,0,1,3,8,0
train,schoolcraft-d_inbox_junk366,data/train/schoolcraft-d_inbox_junk366.json,2,1,1,1,1,Deliver_Data,0,0,0,0,1,0,0,1,0,0,0,0,2,23,0
train,schoolcraft-d_inbox_junk452,data/train/schoolcraft-d_inbox_junk452.json,3,3,0,9,6,Deliver_Action_Data;Deliver_Data;Request_Action;Request_Data;Request_Meeting,3,2,0,0,2,1,0,0,0,0,0,0,3,11,0
train,schoolcraft-d_inbox_junk513,data/train/schoolcraft-d_inbox_junk513.json,2,2,0,6,2,Deliver_Action_Data,0,6,0,0,1,1,0,1,0,1,0,1,2,26,0
train,schoolcraft-d_inbox_junk541,data/train/schoolcraft-d_inbox_junk541.json,2,0,2,0,0,,0,0,0,0,0,0,0,0,0,0,0,0,2,28,0
train,schoolcraft-d_inbox_junk594,data/train/schoolcraft-d_inbox_junk594.json,2,2,0,2,2,Deliver_Data,0,0,0,0,1,0,1,0,0,1,0,0,2,15,0
train,schoolcraft-d_inbox_junk648,data/train/schoolcraft-d_inbox_junk648.json,5,5,0,19,10,Deliver_Action_Data;Deliver_Data;Deliver_Meeting_Data;Request_Action;Request_Data,6,8,0,0,3,1,0,0,0,0,0,1,5,17,0
train,schoolcraft-d_inbox_junk76,data/train/schoolcraft-d_inbox_junk76.json,2,1,1,3,1,Deliver_Action_Data,0,3,0,0,1,0,1,0,0,0,0,1,2,7,0
train,scott-s_inbox126,data/train/scott-s_inbox126.json,4,2,2,2,2,Deliver_Data;Request_Action,1,0,0,0,1,1,0,1,0,0,0,0,4,33,0
train,scott-s_inbox261,data/train/scott-s_inbox261.json,2,2,0,5,4,Deliver_Action_Data;Request_Action,2,3,0,0,2,1,0,0,0,0,0,0,2,17,0
train,scott-s_inbox_101,data/train/scott-s_inbox_101.json,2,1,1,2,1,Deliver_Action_Data,0,2,0,0,1,1,0,0,0,0,0,0,2,24,0
train,scott-s_inbox_124,data/train/scott-s_inbox_124.json,2,1,1,1,1,Deliver_Meeting_Data,0,0,0,0,1,0,0,0,0,0,0,0,2,31,1
train,scott-s_inbox_129,data/train/scott-s_inbox_129.json,2,1,1,6,2,Deliver_Action_Data;Deliver_Data,0,3,0,0,0,0,0,1,0,1,0,1,2,7,0
train,scott-s_inbox_153,data/train/scott-s_inbox_153.json,3,1,2,2,1,Deliver_Data,0,0,0,0,0,0,0,0,0,0,0,0,3,21,0
train,scott-s_inbox_172,data/train/scott-s_inbox_172.json,2,2,0,7,4,Deliver_Action_Data;Deliver_Data;Request_Action,2,4,0,1,1,0,0,0,0,0,0,0,2,63,0
train,scott-s_inbox_239,data/train/scott-s_inbox_239.json,2,2,0,8,4,Deliver_Action_Data;Deliver_Meeting_Data;Request_Action,2,5,0,1,1,1,2,0,0,0,0,0,2,21,0
train,scott-s_inbox_272,data/train/scott-s_inbox_272.json,2,2,0,8,5,Deliver_Action_Data;Request_Action;Request_Data,1,4,0,0,2,1,2,0,0,0,0,0,2,6,0
train,scott-s_inbox_298,data/train/scott-s_inbox_298.json,3,1,2,5,1,Deliver_Action_Data,0,5,0,0,1,0,1,1,0,0,0,1,3,15,0
train,scott-s_inbox_378,data/train/scott-s_inbox_378.json,2,2,0,2,2,Deliver_Action_Data;Deliver_Data,0,1,0,0,0,0,0,0,0,0,0,0,2,50,0
train,scott-s_inbox_384,data/train/scott-s_inbox_384.json,4,2,2,10,5,Deliver_Action_Data;Deliver_Data;Request_Data;Request_Meeting,0,6,0,0,2,1,0,0,0,0,0,2,4,7,1
train,scott-s_inbox_39,data/train/scott-s_inbox_39.json,3,2,1,1,1,Deliver_Action_Data,0,1,0,0,1,0,0,0,1,1,0,0,3,6,0
train,scott-s_inbox_390,data/train/scott-s_inbox_390.json,3,3,0,8,7,Amend_Action_Data;Deliver_Action_Data;Request_Action;Request_Action_Data;Request_Data,2,3,1,1,2,0,1,0,0,0,0,1,3,12,0
train,scott-s_inbox_409,data/train/scott-s_inbox_409.json,3,2,1,5,5,Deliver_Action_Data;Deliver_Data;Deliver_Meeting_Data;Request_Data,0,1,0,0,2,0,2,1,0,0,0,2,3,7,1
train,scott-s_inbox_429,data/train/scott-s_inbox_429.json,2,2,0,3,2,Deliver_Action_Data;Request_Action_Data,0,2,0,0,1,2,0,0,0,0,0,0,2,6,0
train,scott-s_inbox_61,data/train/scott-s_inbox_61.json,3,3,0,10,3,Deliver_Action_Data;Deliver_Data;Request_Action,1,8,0,0,1,0,0,0,0,0,0,0,3,36,1
train,shackleton-s_inbox1090,data/train/shackleton-s_inbox1090.json,5,5,0,15,13,Amend_Data;Deliver_Action_Data;Deliver_Data;Deliver_Meeting_Data;Request_Action;Request_Action_Data;Request_Data,4,2,1,0,4,0,0,1,0,0,0,0,5,6,0
train,shackleton-s_inbox209,data/train/shackleton-s_inbox209.json,3,3,0,6,4,Deliver_Action_Data;Deliver_Data;Deliver_Meeting_Data;Request_Action,1,2,0,0,3,2,1,0,0,0,1,1,3,9,0
train,shackleton-s_inbox216,data/train/shackleton-s_inbox216.json,3,3,0,8,7,Deliver_Data;Request_Action;Request_Action_Data;Request_Data;Request_Meeting,2,0,0,0,3,0,0,2,1,1,1,0,3,22,0
train,shackleton-s_inbox298,data/train/shackleton-s_inbox298.json,3,3,0,12,9,Deliver_Action_Data;Deliver_Data;Deliver_Meeting_Data;Request_Action;Request_Action_Data;Request_Data,1,6,0,0,2,2,0,1,0,1,1,1,3,7,0
train,shackleton-s_inbox312,data/train/shackleton-s_inbox312.json,2,2,0,6,3,Deliver_Action_Data;Deliver_Data;Request_Action,2,3,0,0,1,0,0,1,0,0,1,0,2,6,0
train,shackleton-s_inbox341,data/train/shackleton-s_inbox341.json,2,2,0,11,6,Deliver_Action_Data;Deliver_Data;Request_Action;Request_Action_Data;Request_Data,1,7,0,1,2,2,0,1,1,1,0,0,2,9,0
train,shackleton-s_inbox442,data/train/shackleton-s_inbox442.json,2,2,0,6,4,Deliver_Action_Data;Request_Action;Request_Data,3,2,0,1,2,0,0,1,0,0,0,0,2,12,0
train,shackleton-s_inbox480,data/train/shackleton-s_inbox480.json,2,2,0,5,5,Deliver_Action_Data;Deliver_Data;Request_Action,2,2,0,0,2,0,0,1,0,0,0,2,2,5,0
train,shackleton-s_inbox499,data/train/shackleton-s_inbox499.json,2,2,0,3,3,Deliver_Action_Data;Request_Data;Request_Meeting,0,1,0,0,1,0,0,0,0,0,0,0,2,9,0
train,shackleton-s_inbox522,data/train/shackleton-s_inbox522.json,2,2,0,10,4,Deliver_Action_Data;Deliver_Data;Request_Action,1,6,0,0,2,1,0,0,0,0,0,1,2,6,0
train,shackleton-s_inbox532,data/train/shackleton-s_inbox532.json,3,2,1,4,3,Deliver_Action_Data;Deliver_Data,0,3,0,0,0,1,0,0,0,0,0,1,3,6,0
train,shackleton-s_inbox542,data/train/shackleton-s_inbox542.json,3,3,0,5,3,Deliver_Action_Data;Deliver_Data;Request_Data,0,3,0,0,2,0,0,0,0,0,0,1,3,12,0
train,shackleton-s_inbox617,data/train/shackleton-s_inbox617.json,3,2,1,7,4,Deliver_Action_Data;Deliver_Data;Deliver_Meeting_Data,0,4,0,0,0,0,1,1,0,0,0,0,3,6,0
train,shackleton-s_inbox619,data/train/shackleton-s_inbox619.json,2,1,1,3,3,Deliver_Data;Request_Action;Request_Data,1,0,0,0,1,1,1,0,0,0,0,0,2,4,0
train,shackleton-s_inbox677,data/train/shackleton-s_inbox677.json,2,2,0,2,2,Request_Meeting;Request_Meeting_Data,0,0,0,0,0,0,1,0,0,0,0,0,2,6,0
train,shackleton-s_inbox688,data/train/shackleton-s_inbox688.json,2,2,0,11,3,Deliver_Action_Data;Deliver_Data;Request_Data,0,9,0,0,1,1,0,2,0,0,0,0,2,6,0
train,shackleton-s_inbox700,data/train/shackleton-s_inbox700.json,2,2,0,5,5,Deliver_Action_Data;Request_Action;Request_Data;Request_Meeting,1,2,0,0,2,0,1,0,0,0,0,0,2,9,0
train,skilling-j_inbox1096,data/train/skilling-j_inbox1096.json,2,1,1,4,3,Deliver_Data;Request_Action;Request_Meeting,1,0,0,0,1,0,0,0,0,0,1,0,2,4,0
train,skilling-j_inbox1158,data/train/skilling-j_inbox1158.json,4,3,1,0,0,,0,0,0,0,0,0,0,0,0,0,0,0,4,9,0
train,skilling-j_inbox1367,data/train/skilling-j_inbox1367.json,2,2,0,3,2,Deliver_Action_Data,0,3,0,0,0,0,0,0,0,0,0,2,2,5,0
train,skilling-j_inbox1385,data/train/skilling-j_inbox1385.json,3,3,0,11,4,Deliver_Action_Data;Deliver_Data;Deliver_Meeting_Data;Request_Meeting,0,2,0,0,2,0,0,0,0,1,0,0,3,6,0
train,skilling-j_inbox1398,data/train/skilling-j_inbox1398.json,5,5,0,5,5,Deliver_Action_Data;Deliver_Data;Request_Action_Data,0,2,0,0,2,0,2,1,0,0,0,0,5,11,0
train,skilling-j_inbox1448,data/train/skilling-j_inbox1448.json,2,2,0,8,3,Deliver_Action_Data;Deliver_Data;Deliver_Meeting_Data,0,6,0,0,1,2,1,0,0,0,0,1,2,4,0
train,skilling-j_inbox163,data/train/skilling-j_inbox163.json,2,2,0,4,4,Deliver_Action_Data;Deliver_Data;Request_Action,2,1,0,0,0,0,0,1,0,0,0,0,2,4,0
train,skilling-j_inbox183,data/train/skilling-j_inbox183.json,2,1,1,3,2,Deliver_Action_Data;Deliver_Data,0,2,0,0,1,1,0,0,0,0,0,0,2,4,0
train,skilling-j_inbox231,data/train/skilling-j_inbox231.json,3,3,0,3,3,Deliver_Action_Data;Deliver_Meeting_Data;Request_Meeting,0,1,0,0,2,2,0,0,0,0,1,0,3,6,0
train,skilling-j_inbox2480,data/train/skilling-j_inbox2480.json,2,2,0,1,1,Deliver_Action_Data,0,1,0,0,0,0,0,0,0,0,0,0,2,3,0
train,skilling-j_inbox2526,data/train/skilling-j_inbox2526.json,2,2,0,4,3,Deliver_Action_Data;Request_Action,1,3,0,0,1,0,0,0,0,0,0,0,2,3,0
train,skilling-j_inbox268,data/train/skilling-j_inbox268.json,2,2,0,3,3,Deliver_Data;Request_Action,1,0,0,0,1,2,0,0,0,0,0,0,2,6,0
train,skilling-j_inbox31,data/train/skilling-j_inbox31.json,2,2,0,4,3,Deliver_Action_Data;Deliver_Data;Request_Data,0,2,0,0,2,0,0,0,0,0,0,0,2,5,0
train,skilling-j_inbox357,data/train/skilling-j_inbox357.json,2,2,0,0,0,,0,0,0,0,0,0,0,0,0,0,0,0,2,6,0
train,skilling-j_inbox888,data/train/skilling-j_inbox888.json,2,2,0,0,0,,0,0,0,0,1,0,0,0,0,0,0,1,2,4,0
train,skilling-j_inbox919,data/train/skilling-j_inbox919.json,2,2,0,4,3,Deliver_Action_Data;Deliver_Meeting_Data;Request_Meeting_Data,0,2,0,0,0,2,0,0,0,0,0,1,2,4,0
train,skilling-j_inbox_1249,data/train/skilling-j_inbox_1249.json,3,2,1,3,3,Deliver_Action_Data;Deliver_Data;Deliver_Meeting_Data,0,1,0,0,2,0,1,0,1,0,1,0,3,8,0
train,skilling-j_inbox_1359,data/train/skilling-j_inbox_1359.json,2,2,0,4,1,Deliver_Action_Data,0,4,0,0,1,0,0,1,1,0,0,0,2,3,0
train,skilling-j_inbox_1407,data/train/skilling-j_inbox_1407.json,3,3,0,4,3,Deliver_Action_Data;Request_Action,1,3,0,1,1,0,0,0,0,1,0,0,3,4,0
train,skilling-j_inbox_1482,data/train/skilling-j_inbox_1482.json,3,1,2,1,1,Request_Action,1,0,0,0,1,0,0,0,0,0,0,0,3,7,1
train,skilling-j_inbox_1484,data/train/skilling-j_inbox_1484.json,2,2,0,8,4,Deliver_Action_Data;Deliver_Data;Deliver_Meeting_Data,0,4,0,0,2,1,1,0,0,0,0,0,2,3,0
train,skilling-j_inbox_1496,data/train/skilling-j_inbox_1496.json,2,1,1,4,1,Deliver_Data,0,0,0,0,1,0,0,0,0,0,1,0,2,4,0
train,skilling-j_inbox_1530,data/train/skilling-j_inbox_1530.json,3,3,0,7,4,Amend_Data;Deliver_Action_Data;Request_Action,3,3,1,1,2,0,0,0,0,3,0,1,3,4,0
train,skilling-j_inbox_1552,data/train/skilling-j_inbox_1552.json,2,2,0,11,6,Deliver_Action_Data;Deliver_Data;Deliver_Meeting_Data;Request_Meeting,0,7,0,0,1,0,1,0,1,0,0,0,2,3,0
train,skilling-j_inbox_1564,data/train/skilling-j_inbox_1564.json,2,2,0,2,2,Deliver_Action_Data;Request_Action,1,1,0,0,1,0,1,0,0,0,0,0,2,5,0
train,skilling-j_inbox_158,data/train/skilling-j_inbox_158.json,2,2,0,0,0,,0,0,0,0,0,0,0,0,0,0,0,0,2,38,0
train,skilling-j_inbox_1592,data/train/skilling-j_inbox_1592.json,2,1,1,3,2,Deliver_Action_Data;Deliver_Data,0,2,0,0,1,1,0,1,1,1,0,0,2,3,0
train,skilling-j_inbox_2467,data/train/skilling-j_inbox_2467.json,2,2,0,16,5,Deliver_Action_Data;Deliver_Data;Request_Action,4,8,0,0,1,0,0,0,0,0,0,0,2,3,0
train,skilling-j_inbox_2518,data/train/skilling-j_inbox_2518.json,3,3,0,3,3,Deliver_Action_Data;Request_Action,2,1,0,1,2,0,0,0,0,1,0,0,3,6,0
train,skilling-j_inbox_2536,data/train/skilling-j_inbox_2536.json,4,3,1,1,1,Deliver_Data,0,0,0,0,0,0,0,0,0,0,0,0,4,19,1
train,skilling-j_inbox_293,data/train/skilling-j_inbox_293.json,3,3,0,13,8,Deliver_Action_Data;Deliver_Data;Deliver_Meeting_Data;Request_Action;Request_Meeting,2,6,0,0,1,0,1,0,0,0,0,0,3,11,0
train,skilling-j_inbox_396,data/train/skilling-j_inbox_396.json,2,2,0,4,4,Deliver_Action_Data;Deliver_Data;Request_Action,1,1,0,1,0,0,0,0,0,0,0,0,2,6,0
train,skilling-j_inbox_63,data/train/skilling-j_inbox_63.json,2,2,0,10,3,Deliver_Action_Data;Request_Data,0,9,0,0,2,2,1,1,0,0,0,0,2,4,0
train,smith-m_inbox111,data/train/smith-m_inbox111.json,2,2,0,1,1,Request_Action,1,0,0,0,1,0,0,0,0,0,0,2,2,6,0
train,smith-m_inbox133,data/train/smith-m_inbox133.json,3,3,0,13,6,Deliver_Action_Data;Deliver_Data;Deliver_Meeting_Data;Request_Action,3,1,0,0,3,1,1,1,0,1,1,0,3,17,1
train,smith-m_inbox199,data/train/smith-m_inbox199.json,2,2,0,4,4,Deliver_Action_Data;Deliver_Data;Request_Action;Request_Action_Data,1,1,0,0,2,1,0,0,0,0,0,0,2,6,0
train,smith-m_inbox225,data/train/smith-m_inbox225.json,2,2,0,1,1,Request_Action,1,0,0,0,2,0,1,1,1,0,0,0,2,57,0
train,smith-m_inbox261,data/train/smith-m_inbox261.json,3,3,0,2,2,Deliver_Data;Request_Data,0,0,0,0,1,0,0,0,0,0,0,0,3,32,0
train,smith-m_inbox274,data/train/smith-m_inbox274.json,3,3,0,15,9,Deliver_Action_Data;Deliver_Data;Deliver_Meeting_Data;Request_Action;Request_Data;Request_Meeting,3,5,0,0,2,2,2,0,0,0,0,0,3,9,0
train,smith-m_inbox321,data/train/smith-m_inbox321.json,2,2,0,2,2,Deliver_Action_Data;Request_Action,1,1,0,0,1,1,0,0,0,0,0,0,2,6,0
train,smith-m_inbox333,data/train/smith-m_inbox333.json,3,1,2,2,2,Deliver_Data;Request_Data,0,0,0,0,0,1,0,0,0,0,0,0,3,11,0
train,smith-m_inbox42,data/train/smith-m_inbox42.json,2,2,0,2,2,Deliver_Data;Request_Data,0,0,0,0,1,0,1,0,0,0,0,0,2,6,0
train,smith-m_inbox425,data/train/smith-m_inbox425.json,3,3,0,7,4,Deliver_Action_Data;Deliver_Meeting_Data,0,6,0,0,0,0,1,0,0,0,0,0,3,8,0
train,smith-m_inbox437,data/train/smith-m_inbox437.json,2,2,0,5,3,Deliver_Action_Data;Deliver_Data,0,4,0,0,1,1,1,0,0,2,0,0,2,6,0
train,smith-m_inbox46,data/train/smith-m_inbox46.json,4,4,0,6,4,Deliver_Data;Request_Data,0,0,0,0,1,0,1,0,0,0,0,0,4,6,0
train,smith-m_inbox473,data/train/smith-m_inbox473.json,2,2,0,2,2,Amend_Data;Deliver_Action_Data,0,1,1,0,1,1,1,0,0,0,0,0,2,6,0
train,smith-m_inbox6,data/train/smith-m_inbox6.json,3,1,2,1,1,Deliver_Data,0,0,0,0,0,0,0,0,0,0,0,0,3,7,0
train,smith-m_inbox77,data/train/smith-m_inbox77.json,2,2,0,5,4,Deliver_Action_Data;Deliver_Data;Request_Data,0,1,0,0,2,0,0,2,0,0,0,0,2,4,0
train,smith-m_inbox97,data/train/smith-m_inbox97.json,3,3,0,10,7,Deliver_Action_Data;Deliver_Data;Request_Action;Request_Data,2,2,0,0,3,1,2,1,0,0,0,0,3,8,0
train,steffes-j_inbox101,data/train/steffes-j_inbox101.json,3,3,0,3,3,Deliver_Data;Request_Action,1,0,0,0,2,1,1,1,0,1,0,0,3,53,0
train,steffes-j_inbox122,data/train/steffes-j_inbox122.json,2,2,0,4,3,Deliver_Action_Data;Request_Data,0,3,0,0,2,1,0,0,0,0,0,0,2,9,0
train,steffes-j_inbox125,data/train/steffes-j_inbox125.json,2,2,0,4,2,Deliver_Action_Data;Deliver_Data,0,3,0,0,1,0,1,0,0,1,0,1,2,9,0
train,steffes-j_inbox127,data/train/steffes-j_inbox127.json,4,4,0,8,4,Deliver_Action_Data;Deliver_Data;Request_Data,0,5,0,0,1,0,0,1,0,0,0,0,4,9,0
train,steffes-j_inbox148,data/train/steffes-j_inbox148.json,3,3,0,4,4,Deliver_Action_Data;Deliver_Meeting_Data;Request_Action;Request_Data,1,1,0,0,2,0,1,0,0,0,1,1,3,8,0
train,steffes-j_inbox150,data/train/steffes-j_inbox150.json,3,2,1,3,3,Amend_Data;Deliver_Action_Data;Deliver_Data,0,1,1,0,1,0,0,1,0,1,0,0,3,19,0
train,steffes-j_inbox162,data/train/steffes-j_inbox162.json,2,2,0,3,3,Amend_Data;Deliver_Data;Request_Action,1,0,1,1,2,0,1,1,0,0,0,0,2,107,0
train,steffes-j_inbox181,data/train/steffes-j_inbox181.json,2,1,1,1,1,Request_Action,1,0,0,0,1,0,1,1,0,0,0,1,3,9,0
train,steffes-j_inbox20,data/train/steffes-j_inbox20.json,2,2,0,5,2,Deliver_Action_Data,0,5,0,0,2,1,2,1,0,1,0,1,2,10,0
train,steffes-j_inbox201,data/train/steffes-j_inbox201.json,3,3,0,5,3,Deliver_Action_Data;Request_Meeting,0,4,0,0,2,0,2,0,0,1,0,0,3,8,0
train,steffes-j_inbox214,data/train/steffes-j_inbox214.json,3,2,1,3,3,Deliver_Action_Data;Request_Action,2,1,0,0,2,0,0,0,0,0,0,0,3,37,0
train,steffes-j_inbox254,data/train/steffes-j_inbox254.json,2,2,0,2,2,Deliver_Action_Data;Deliver_Data,0,1,0,0,1,1,1,1,0,0,0,0,2,10,0
train,steffes-j_inbox265,data/train/steffes-j_inbox265.json,2,2,0,4,2,Deliver_Data;Request_Action,1,0,0,0,1,1,1,0,0,1,1,0,2,8,0
train,steffes-j_inbox278,data/train/steffes-j_inbox278.json,3,2,1,5,4,Deliver_Action_Data;Deliver_Data;Deliver_Meeting_Data,0,2,0,0,2,1,0,0,0,1,0,1,3,20,0
train,steffes-j_inbox28,data/train/steffes-j_inbox28.json,3,3,0,5,2,Deliver_Action_Data,0,5,0,0,2,1,2,1,0,1,0,1,3,22,0
train,steffes-j_inbox301,data/train/steffes-j_inbox301.json,2,2,0,4,2,Deliver_Action_Data;Deliver_Data,0,3,0,0,1,0,0,1,0,1,0,0,2,4,0
train,steffes-j_inbox309,data/train/steffes-j_inbox309.json,3,3,0,6,4,Deliver_Action_Data;Deliver_Data;Request_Action;Request_Meeting,1,3,0,0,1,1,0,3,0,0,0,0,3,11,0
train,steffes-j_inbox323,data/train/steffes-j_inbox323.json,3,3,0,7,4,Deliver_Action_Data;Deliver_Data;Request_Action,1,5,0,1,2,0,0,0,0,0,0,0,3,14,0
train,steffes-j_inbox325,data/train/steffes-j_inbox325.json,2,2,0,4,2,Deliver_Action_Data;Deliver_Data,0,3,0,0,1,0,0,0,0,0,0,0,2,12,0
train,steffes-j_inbox345,data/train/steffes-j_inbox345.json,2,2,0,4,3,Amend_Meeting_Data;Deliver_Action_Data;Deliver_Meeting_Data,0,1,1,0,2,1,0,0,1,0,1,0,2,6,0
train,steffes-j_inbox394,data/train/steffes-j_inbox394.json,4,4,0,12,9,Deliver_Action_Data;Deliver_Data;Deliver_Meeting_Data;Request_Action;Request_Data;Request_Meeting,3,4,0,1,2,1,1,1,0,0,0,1,3,20,0
train,steffes-j_inbox397,data/train/steffes-j_inbox397.json,2,2,0,6,3,Amend_Data;Deliver_Action_Data;Deliver_Data,0,2,3,0,2,1,1,0,0,1,1,1,2,9,0
train,steffes-j_inbox402,data/train/steffes-j_inbox402.json,6,6,0,8,8,Deliver_Action_Data;Deliver_Data;Request_Action;Request_Action_Data;Request_Data,1,2,0,1,1,0,0,1,0,0,0,0,6,23,0
train,steffes-j_inbox426,data/train/steffes-j_inbox426.json,3,2,1,9,5,Deliver_Action_Data;Deliver_Meeting_Data;Request_Action;Request_Meeting_Data,1,5,0,1,2,2,0,0,0,0,0,1,3,6,0
train,steffes-j_inbox432,data/train/steffes-j_inbox432.json,2,2,0,9,5,Deliver_Action_Data;Deliver_Data;Deliver_Meeting_Data;Request_Action,1,2,0,1,2,0,1,0,0,1,0,0,2,7,0
train,steffes-j_inbox6,data/train/steffes-j_inbox6.json,2,2,0,6,5,Deliver_Action_Data;Deliver_Data;Request_Meeting,0,3,0,0,1,0,2,0,1,1,1,0,2,5,0
train,steffes-j_inbox73,data/train/steffes-j_inbox73.json,3,3,0,10,5,Deliver_Action_Data;Deliver_Meeting_Data;Request_Action;Request_Meeting,4,3,0,1,1,1,1,0,1,1,0,0,3,17,0
train,steffes-j_inbox83,data/train/steffes-j_inbox83.json,2,2,0,4,2,Deliver_Action_Data;Request_Action,2,2,0,0,0,0,0,0,0,0,0,1,2,6,0
train,steffes-j_inbox86,data/train/steffes-j_inbox86.json,4,4,0,6,6,Deliver_Action_Data;Deliver_Meeting_Data;Request_Action;Request_Data;Request_Meeting,1,2,0,1,3,0,1,1,0,0,0,0,4,10,0
train,steffes-j_inbox98,data/train/steffes-j_inbox98.json,2,2,0,5,4,Deliver_Action_Data;Deliver_Data;Request_Action;Request_Data,1,2,0,0,1,0,0,0,0,0,0,0,2,24,0
train,steffes-j_inbox99,data/train/steffes-j_inbox99.json,3,3,0,5,4,Deliver_Action_Data;Deliver_Meeting_Data;Request_Meeting,0,3,0,0,1,2,0,0,0,0,1,0,3,6,0
train,taylor-m_inbox1,data/train/taylor-m_inbox1.json,2,1,1,2,2,Deliver_Action_Data;Request_Action_Data,0,1,0,0,0,0,0,0,0,0,0,0,2,8,0
train,taylor-m_inbox129,data/train/taylor-m_inbox129.json,3,3,0,10,9,Amend_Data;Deliver_Action_Data;Deliver_Data;Deliver_Meeting_Data;Request_Action_Data,0,3,2,0,3,0,0,1,0,0,0,1,3,11,0
train,taylor-m_inbox252,data/train/taylor-m_inbox252.json,3,1,2,4,3,Deliver_Action_Data;Deliver_Data;Request_Action,1,2,0,0,1,1,0,1,0,0,0,0,3,10,0
train,taylor-m_inbox305,data/train/taylor-m_inbox305.json,2,1,1,2,1,Deliver_Data,0,0,0,0,1,0,0,1,0,0,0,0,2,5,0
train,taylor-m_inbox362,data/train/taylor-m_inbox362.json,2,1,1,5,3,Deliver_Data;Request_Action;Request_Data,2,0,0,0,1,0,0,1,0,0,0,1,2,8,0
train,taylor-m_inbox54,data/train/taylor-m_inbox54.json,2,2,0,3,2,Deliver_Data;Request_Data,0,0,0,0,1,0,0,1,0,1,0,0,2,11,0
train,taylor-m_inbox78,data/train/taylor-m_inbox78.json,3,3,0,12,9,Deliver_Action_Data;Deliver_Data;Deliver_Meeting_Data;Request_Action,5,3,0,0,2,2,1,2,0,0,0,0,3,8,0
train,taylor-m_inbox85,data/train/taylor-m_inbox85.json,5,5,0,10,9,Deliver_Action_Data;Request_Action;Request_Action_Data;Request_Data,2,3,0,0,2,1,0,0,1,1,0,0,5,10,0
train,taylor-m_inbox_compression2,data/train/taylor-m_inbox_compression2.json,3,3,0,6,6,Amend_Meeting_Data;Deliver_Action_Data;Request_Meeting,0,3,2,0,0,0,1,0,0,0,0,1,3,11,0
train,taylor-m_inbox_marketing21,data/train/taylor-m_inbox_marketing21.json,3,3,0,3,2,Deliver_Action_Data;Request_Data,0,2,0,0,1,0,0,1,0,0,0,0,3,6,0
train,taylor-m_inbox_noxtech2,data/train/taylor-m_inbox_noxtech2.json,2,1,1,2,2,Deliver_Data;Request_Action,1,0,0,0,1,1,0,1,0,0,0,0,2,6,0
train,taylor-m_inbox_social3,data/train/taylor-m_inbox_social3.json,5,5,0,8,7,Deliver_Action_Data;Request_Action;Request_Action_Data;Request_Data,1,2,0,0,2,0,0,0,1,1,0,0,5,10,0
train,taylor-m_inbox_social54,data/train/taylor-m_inbox_social54.json,4,3,1,11,5,Deliver_Action_Data;Request_Action;Request_Data,1,9,0,1,0,0,1,1,0,0,0,1,4,7,0
train,taylor-m_inbox_trevor10,data/train/taylor-m_inbox_trevor10.json,3,2,1,5,4,Deliver_Action_Data;Deliver_Data;Request_Action_Data;Request_Data,0,2,0,0,1,1,0,1,0,1,1,0,3,6,0
train,taylor-m_inbox_trevor13,data/train/taylor-m_inbox_trevor13.json,11,8,3,10,8,Deliver_Action_Data;Deliver_Data;Deliver_Meeting_Data;Request_Action,2,5,0,1,2,0,1,0,0,0,0,0,11,6,1
train,tycholiz-b_inbox164,data/train/tycholiz-b_inbox164.json,2,2,0,2,2,Deliver_Action_Data;Request_Meeting,0,1,0,0,1,0,0,0,1,1,1,0,2,4,0
train,tycholiz-b_inbox170,data/train/tycholiz-b_inbox170.json,2,2,0,3,3,Deliver_Data;Request_Action;Request_Meeting,1,0,0,0,1,0,0,1,0,0,0,0,2,4,0
train,tycholiz-b_inbox190,data/train/tycholiz-b_inbox190.json,2,2,0,6,3,Deliver_Data;Request_Action_Data;Request_Data,0,0,0,0,1,0,0,0,0,0,0,0,2,6,0
train,tycholiz-b_inbox212,data/train/tycholiz-b_inbox212.json,3,3,0,9,5,Deliver_Action_Data;Deliver_Meeting_Data;Request_Action;Request_Action_Data,1,3,0,0,1,1,1,1,0,1,0,0,3,20,0
train,tycholiz-b_inbox251,data/train/tycholiz-b_inbox251.json,4,4,0,8,6,Amend_Data;Deliver_Action_Data;Deliver_Data;Deliver_Meeting_Data;Request_Data,0,1,1,0,0,1,0,0,0,0,0,0,4,6,0
train,tycholiz-b_inbox333,data/train/tycholiz-b_inbox333.json,2,2,0,12,6,Deliver_Action_Data;Deliver_Data;Deliver_Meeting_Data;Request_Action,2,8,0,0,1,1,1,1,0,0,1,1,2,10,0
train,tycholiz-b_inbox351,data/train/tycholiz-b_inbox351.json,3,3,0,6,5,Amend_Data;Deliver_Action_Data;Deliver_Data,0,3,1,0,3,0,0,1,0,1,0,0,3,14,0
train,tycholiz-b_inbox359,data/train/tycholiz-b_inbox359.json,2,2,0,3,3,Request_Data;Request_Meeting,0,0,0,0,1,1,0,0,0,0,0,0,2,6,0
train,tycholiz-b_inbox368,data/train/tycholiz-b_inbox368.json,2,2,0,7,2,Deliver_Action_Data;Deliver_Meeting_Data,0,5,0,0,1,0,1,0,0,0,0,0,2,6,0
train,tycholiz-b_inbox411,data/train/tycholiz-b_inbox411.json,2,2,0,2,2,Deliver_Data,0,0,0,0,1,0,1,1,0,0,0,0,2,17,0
train,tycholiz-b_inbox529,data/train/tycholiz-b_inbox529.json,3,3,0,5,5,Deliver_Action_Data;Deliver_Data;Request_Action;Request_Action_Data,2,1,0,0,2,0,0,1,0,0,0,0,3,11,0
train,tycholiz-b_inbox544,data/train/tycholiz-b_inbox544.json,3,3,0,3,3,Request_Action;Request_Action_Data,2,0,0,0,2,0,0,0,0,0,0,0,3,8,0
train,tycholiz-b_inbox56,data/train/tycholiz-b_inbox56.json,2,2,0,7,5,Amend_Meeting_Data;Deliver_Action_Data;Deliver_Meeting_Data;Request_Meeting,0,4,1,0,1,1,1,0,0,0,0,0,2,4,0
train,tycholiz-b_inbox585,data/train/tycholiz-b_inbox585.json,2,2,0,5,5,Deliver_Action_Data;Deliver_Data;Request_Action,2,1,0,0,0,0,1,0,0,1,0,0,2,12,0
train,ward-k_inbox120,data/train/ward-k_inbox120.json,3,3,0,17,8,Deliver_Action_Data;Deliver_Data;Request_Action;Request_Data,2,6,0,1,3,3,1,2,0,0,0,0,3,8,0
train,ward-k_inbox128,data/train/ward-k_inbox128.json,2,2,0,11,5,Deliver_Action_Data;Deliver_Data;Deliver_Meeting_Data;Request_Data,0,2,0,0,1,1,0,0,0,0,0,0,2,6,0
train,ward-k_inbox13,data/train/ward-k_inbox13.json,2,2,0,10,6,Deliver_Action_Data;Deliver_Data;Request_Action;Request_Action_Data,3,5,0,0,1,1,0,1,0,1,0,0,2,8,0
train,ward-k_inbox165,data/train/ward-k_inbox165.json,4,1,3,1,1,Deliver_Action_Data,0,1,0,0,0,0,0,0,0,0,0,0,4,28,0
train,ward-k_inbox28,data/train/ward-k_inbox28.json,2,2,0,8,6,Deliver_Action_Data;Deliver_Meeting_Data;Request_Action;Request_Action_Data;Request_Data,1,3,0,1,1,1,1,0,1,1,1,0,2,5,0
train,ward-k_inbox290,data/train/ward-k_inbox290.json,2,2,0,9,5,Deliver_Action_Data;Deliver_Data;Request_Action;Request_Data,1,6,0,1,2,2,2,1,0,0,0,0,2,6,0
train,ward-k_inbox310,data/train/ward-k_inbox310.json,4,4,0,11,8,Deliver_Action_Data;Deliver_Data;Request_Action;Request_Data;Request_Meeting,4,4,0,1,4,3,2,0,0,1,0,0,4,8,0
train,ward-k_inbox312,data/train/ward-k_inbox312.json,2,2,0,6,4,Deliver_Action_Data;Request_Action;Request_Data,1,3,0,1,1,2,0,0,1,1,1,1,2,5,0
train,ward-k_inbox321,data/train/ward-k_inbox321.json,2,1,1,1,1,Deliver_Data,0,0,0,0,1,0,0,0,0,0,0,0,2,6,0
train,ward-k_inbox350,data/train/ward-k_inbox350.json,2,2,0,3,2,Deliver_Data;Request_Action,2,0,0,0,1,0,0,0,0,0,0,0,2,47,0
train,ward-k_inbox40,data/train/ward-k_inbox40.json,2,1,1,1,1,Deliver_Data,0,0,0,0,1,0,0,0,0,0,0,0,2,6,0
train,ward-k_inbox53,data/train/ward-k_inbox53.json,3,3,0,9,8,Deliver_Action_Data;Deliver_Data;Deliver_Meeting_Data;Request_Action_Data;Request_Data,0,3,0,0,3,0,0,0,0,2,0,0,3,8,0
train,ward-k_inbox9,data/train/ward-k_inbox9.json,3,3,0,7,5,Deliver_Action_Data;Deliver_Data;Request_Action,1,2,0,0,2,0,0,1,0,0,0,0,3,9,0
train,ward-k_inbox91,data/train/ward-k_inbox91.json,2,2,0,7,3,Deliver_Action_Data;Deliver_Data;Request_Action,2,3,0,0,2,0,0,2,1,1,1,0,2,4,0
train,ward-k_inbox_42,data/train/ward-k_inbox_42.json,3,3,0,2,2,Deliver_Action_Data;Deliver_Data,0,1,0,0,0,0,1,1,0,0,0,0,3,7,0
train,watson-k_inbox1,data/train/watson-k_inbox1.json,2,2,0,6,6,Deliver_Action_Data;Deliver_Data;Deliver_Meeting_Data;Request_Action,1,1,0,0,1,1,1,2,0,0,0,0,2,6,0
train,watson-k_inbox134,data/train/watson-k_inbox134.json,3,3,0,8,6,Deliver_Action_Data;Deliver_Data;Request_Action,1,5,0,0,2,1,1,0,0,0,0,1,3,7,0
train,watson-k_inbox160,data/train/watson-k_inbox160.json,2,2,0,3,2,Deliver_Action_Data;Deliver_Data,0,1,0,0,1,0,1,1,0,0,0,0,2,4,0
train,watson-k_inbox164,data/train/watson-k_inbox164.json,2,2,0,3,3,Amend_Data;Deliver_Data;Request_Action,1,0,1,0,1,0,0,0,0,1,0,0,2,13,0
train,watson-k_inbox183,data/train/watson-k_inbox183.json,2,2,0,2,2,Deliver_Data,0,0,0,0,1,1,1,1,0,0,0,0,2,4,0
train,watson-k_inbox192,data/train/watson-k_inbox192.json,3,3,0,3,3,Deliver_Action_Data;Request_Action;Request_Data,1,1,0,0,2,1,0,1,0,0,0,0,3,6,0
train,watson-k_inbox200,data/train/watson-k_inbox200.json,4,4,0,13,11,Deliver_Action_Data;Deliver_Data;Request_Action;Request_Data,4,4,0,0,3,2,1,1,0,0,0,0,4,10,0
train,watson-k_inbox211,data/train/watson-k_inbox211.json,2,2,0,7,3,Deliver_Action_Data;Deliver_Meeting_Data;Request_Action,1,5,0,0,2,1,1,0,0,0,0,0,2,21,0
train,watson-k_inbox218,data/train/watson-k_inbox218.json,3,3,0,11,8,Deliver_Action_Data;Deliver_Data;Deliver_Meeting_Data;Request_Action;Request_Data,2,5,0,0,3,2,0,0,0,1,0,0,3,10,0
train,watson-k_inbox219,data/train/watson-k_inbox219.json,2,2,0,10,3,Deliver_Action_Data;Deliver_Data;Deliver_Meeting_Data,0,7,0,0,2,0,1,0,0,0,0,0,2,12,0
train,watson-k_inbox225,data/train/watson-k_inbox225.json,3,3,0,11,8,Deliver_Action_Data;Deliver_Data;Deliver_Meeting_Data;Request_Action;Request_Action_Data;Request_Meeting;Request_Meeting_Data,1,3,0,0,3,1,0,1,0,0,0,0,3,6,0
train,watson-k_inbox230,data/train/watson-k_inbox230.json,2,2,0,3,3,Deliver_Data;Request_Action,2,0,0,0,2,1,0,1,0,0,0,0,2,4,0
train,watson-k_inbox253,data/train/watson-k_inbox253.json,2,2,0,8,2,Deliver_Action_Data;Request_Data,0,4,0,0,2,0,0,1,1,0,0,0,2,53,0
train,watson-k_inbox254,data/train/watson-k_inbox254.json,2,1,1,2,1,Deliver_Data,0,0,0,0,1,0,0,1,0,0,0,0,2,10,0
train,watson-k_inbox281,data/train/watson-k_inbox281.json,2,2,0,11,6,Deliver_Action_Data;Deliver_Data;Deliver_Meeting_Data;Request_Action,1,4,0,1,1,2,0,0,0,0,0,0,2,37,0
train,watson-k_inbox289,data/train/watson-k_inbox289.json,2,2,0,9,4,Deliver_Action_Data;Request_Action;Request_Meeting,1,7,0,1,1,2,0,0,0,0,0,0,2,25,0
train,watson-k_inbox33,data/train/watson-k_inbox33.json,4,3,1,10,6,Deliver_Action_Data;Deliver_Data;Deliver_Meeting_Data,0,5,0,0,1,0,1,0,0,1,0,0,4,12,0
train,watson-k_inbox347,data/train/watson-k_inbox347.json,5,5,0,12,10,Deliver_Action_Data;Request_Action;Request_Action_Data;Request_Data,3,6,0,1,4,1,0,0,0,0,2,1,5,24,0
train,watson-k_inbox40,data/train/watson-k_inbox40.json,5,3,2,7,5,Deliver_Action_Data;Deliver_Data;Request_Meeting,0,3,0,0,2,0,0,3,0,2,0,0,5,12,0
train,watson-k_inbox41,data/train/watson-k_inbox41.json,3,3,0,8,6,Deliver_Action_Data;Deliver_Data;Deliver_Meeting_Data;Request_Action,2,3,0,1,2,2,0,1,0,0,0,0,3,8,0
train,watson-k_inbox426,data/train/watson-k_inbox426.json,2,2,0,3,3,Request_Action;Request_Data,2,0,0,0,1,0,0,0,0,0,0,0,2,10,0
train,watson-k_inbox448,data/train/watson-k_inbox448.json,2,2,0,4,4,Deliver_Data;Deliver_Meeting_Data;Request_Action,1,0,0,0,1,0,1,1,0,0,0,0,2,9,0
train,watson-k_inbox459,data/train/watson-k_inbox459.json,2,2,0,7,5,Amend_Data;Deliver_Action_Data;Deliver_Data;Request_Action,1,2,2,1,2,1,1,1,0,1,0,0,2,7,0
train,watson-k_inbox471,data/train/watson-k_inbox471.json,3,3,0,7,5,Deliver_Action_Data;Deliver_Meeting_Data;Request_Action;Request_Meeting;Request_Meeting_Data,1,2,0,1,1,0,1,0,1,1,1,0,3,6,0
train,watson-k_inbox498,data/train/watson-k_inbox498.json,2,2,0,5,3,Deliver_Action_Data;Deliver_Data,0,3,0,0,0,0,0,1,0,1,0,0,2,22,0
train,watson-k_inbox512,data/train/watson-k_inbox512.json,2,2,0,6,5,Deliver_Action_Data;Deliver_Data;Request_Action,3,1,0,0,2,1,0,2,0,1,0,0,2,14,0
train,watson-k_inbox558,data/train/watson-k_inbox558.json,2,2,0,6,5,Amend_Meeting_Data;Deliver_Action_Data;Deliver_Data;Deliver_Meeting_Data;Request_Data,0,1,1,0,1,1,0,0,0,1,0,0,2,3,0
train,watson-k_inbox559,data/train/watson-k_inbox559.json,2,2,0,6,4,Deliver_Action_Data;Deliver_Meeting_Data;Request_Data,0,4,0,0,1,1,0,0,0,0,0,0,2,5,0
train,watson-k_inbox61,data/train/watson-k_inbox61.json,2,2,0,1,1,Deliver_Data,0,0,0,0,0,0,0,0,0,0,0,0,2,6,0
train,watson-k_inbox73,data/train/watson-k_inbox73.json,2,2,0,1,1,Deliver_Data,0,0,0,0,1,0,0,0,1,1,0,0,2,5,0
train,watson-k_inbox74,data/train/watson-k_inbox74.json,2,1,1,1,1,Deliver_Action_Data,0,1,0,0,0,0,0,1,0,0,1,0,2,8,0
train,white-s_inbox130,data/train/white-s_inbox130.json,2,2,0,3,3,Deliver_Action_Data;Deliver_Data;Request_Action,1,1,0,0,2,0,0,1,0,0,0,1,2,6,0
train,white-s_inbox132,data/train/white-s_inbox132.json,3,3,0,9,5,Deliver_Action_Data;Deliver_Data;Request_Action,6,1,0,0,2,1,1,0,0,0,0,0,3,66,0
train,white-s_inbox142,data/train/white-s_inbox142.json,2,2,0,4,3,Deliver_Action_Data;Deliver_Data,0,1,0,0,1,0,1,2,0,0,0,0,2,19,0
train,white-s_inbox172,data/train/white-s_inbox172.json,2,2,0,1,1,Deliver_Data,0,0,0,0,1,0,0,0,0,0,0,1,2,6,0
train,white-s_inbox175,data/train/white-s_inbox175.json,5,5,0,8,6,Deliver_Action_Data;Deliver_Data;Request_Action,1,5,0,1,1,1,0,0,0,0,0,0,5,7,0
train,white-s_inbox225,data/train/white-s_inbox225.json,5,5,0,8,6,Deliver_Action_Data;Request_Action_Data;Request_Data,0,5,0,0,4,1,0,0,0,0,0,0,5,22,0
train,white-s_inbox233,data/train/white-s_inbox233.json,5,5,0,9,8,Deliver_Action_Data;Deliver_Data;Deliver_Meeting_Data;Request_Action;Request_Data,1,3,0,1,4,0,0,0,0,0,0,0,5,25,0
train,white-s_inbox331,data/train/white-s_inbox331.json,3,3,0,5,4,Amend_Data;Deliver_Action_Data;Deliver_Data,0,2,1,0,1,2,1,1,0,0,0,0,3,52,0
train,white-s_inbox361,data/train/white-s_inbox361.json,3,3,0,1,1,Request_Data,0,0,0,0,1,1,0,0,0,0,0,0,3,10,0
train,white-s_inbox366,data/train/white-s_inbox366.json,5,5,0,14,7,Deliver_Action_Data;Deliver_Data;Request_Action;Request_Data,1,3,0,1,3,1,1,0,0,0,0,0,5,7,0
train,white-s_inbox391,data/train/white-s_inbox391.json,3,3,0,4,3,Deliver_Action_Data;Deliver_Data;Request_Data,0,1,0,0,3,0,0,0,0,0,0,0,3,6,0
train,white-s_inbox86,data/train/white-s_inbox86.json,3,3,0,3,2,Deliver_Data;Request_Action,1,0,0,0,3,0,0,2,0,2,0,0,3,8,0
train,white-s_inbox_56,data/train/white-s_inbox_56.json,5,4,1,5,5,Deliver_Action_Data;Request_Action;Request_Data,2,1,0,0,4,1,0,0,0,0,0,1,5,8,0
train,whitt-m_inbox134,data/train/whitt-m_inbox134.json,3,1,2,3,2,Deliver_Data;Request_Action,2,0,0,0,1,0,0,1,0,0,0,0,3,8,0
train,whitt-m_inbox147,data/train/whitt-m_inbox147.json,2,2,0,9,4,Deliver_Action_Data;Deliver_Data;Request_Data,0,1,0,0,1,1,0,0,0,0,0,0,2,8,0
train,whitt-m_inbox148,data/train/whitt-m_inbox148.json,3,2,1,0,0,,0,0,0,0,1,0,0,0,0,0,0,0,3,6,0
train,whitt-m_inbox150,data/train/whitt-m_inbox150.json,3,3,0,5,4,Deliver_Data;Request_Action;Request_Data,1,0,0,0,2,0,0,0,0,0,0,0,3,14,0
train,whitt-m_inbox162,data/train/whitt-m_inbox162.json,3,3,0,4,4,Deliver_Data;Request_Action;Request_Action_Data,2,0,0,0,3,0,0,1,0,0,0,0,3,8,0
train,whitt-m_inbox283,data/train/whitt-m_inbox283.json,4,4,0,8,6,Deliver_Action_Data;Deliver_Data;Request_Action,3,4,0,1,2,2,1,2,0,2,0,0,4,8,0
train,whitt-m_inbox288,data/train/whitt-m_inbox288.json,3,3,0,5,4,Deliver_Action_Data;Deliver_Data;Request_Data,0,2,0,0,1,0,1,1,1,1,1,0,3,7,0
train,whitt-m_inbox312,data/train/whitt-m_inbox312.json,2,1,1,1,1,Request_Meeting,0,0,0,0,0,0,0,0,0,0,0,0,2,6,0
train,whitt-m_inbox347,data/train/whitt-m_inbox347.json,2,1,1,5,2,Deliver_Action_Data;Deliver_Data,0,1,0,0,1,0,0,0,0,0,0,0,2,6,0
train,whitt-m_inbox348,data/train/whitt-m_inbox348.json,2,2,0,5,4,Deliver_Action_Data;Deliver_Data;Request_Data,0,1,0,0,2,1,1,0,1,2,1,2,2,6,0
train,whitt-m_inbox372,data/train/whitt-m_inbox372.json,2,2,0,3,2,Request_Action;Request_Data,2,0,0,0,1,1,0,0,0,0,0,0,2,10,0
train,whitt-m_inbox384,data/train/whitt-m_inbox384.json,2,1,1,1,1,Deliver_Data,0,0,0,0,1,0,0,0,0,1,0,1,2,5,1
train,whitt-m_inbox404,data/train/whitt-m_inbox404.json,2,2,0,5,3,Deliver_Action_Data;Deliver_Data;Request_Data,0,1,0,0,1,1,0,0,0,1,0,1,2,5,0
train,whitt-m_inbox406,data/train/whitt-m_inbox406.json,2,2,0,3,3,Deliver_Action_Data;Deliver_Data;Request_Action,1,1,0,0,2,1,1,0,0,1,0,1,2,5,1
train,whitt-m_inbox409,data/train/whitt-m_inbox409.json,3,3,0,6,5,Deliver_Action_Data;Deliver_Data;Request_Action,3,1,0,1,0,2,1,1,0,0,0,1,3,11,0
train,whitt-m_inbox433,data/train/whitt-m_inbox433.json,2,2,0,5,4,Deliver_Action_Data;Deliver_Data;Request_Action;Request_Meeting,1,2,0,0,1,0,0,1,0,0,0,0,2,6,0
train,whitt-m_inbox810,data/train/whitt-m_inbox810.json,2,2,0,11,4,Deliver_Action_Data;Deliver_Meeting_Data;Request_Action_Data,0,9,0,0,0,0,1,0,0,0,1,0,2,5,0
train,whitt-m_inbox830,data/train/whitt-m_inbox830.json,3,3,0,5,3,Deliver_Action_Data;Request_Data,0,3,0,0,3,1,0,0,0,0,0,0,3,35,0
train,wolfe-j_inbox1,data/train/wolfe-j_inbox1.json,2,2,0,15,7,Deliver_Action_Data;Request_Action;Request_Action_Data;Request_Meeting;Request_Meeting_Data,2,10,0,0,2,1,0,0,1,0,0,0,2,4,0
train,wolfe-j_inbox105,data/train/wolfe-j_inbox105.json,2,2,0,0,0,,0,0,0,0,0,1,1,0,0,0,0,0,2,5,0
train,wolfe-j_inbox114,data/train/wolfe-j_inbox114.json,6,6,0,4,4,Deliver_Action_Data;Deliver_Meeting_Data;Request_Meeting,0,2,0,0,0,0,3,0,0,0,0,0,6,15,0
train,wolfe-j_inbox132,data/train/wolfe-j_inbox132.json,2,2,0,5,1,Deliver_Data,0,0,0,0,1,0,0,0,0,0,0,0,2,6,0
train,wolfe-j_inbox149,data/train/wolfe-j_inbox149.json,3,3,0,7,6,Deliver_Action_Data;Deliver_Data;Request_Action;Request_Data,4,1,0,0,3,1,0,1,0,1,1,0,3,8,0
train,wolfe-j_inbox151,data/train/wolfe-j_inbox151.json,5,5,0,6,5,Amend_Data;Deliver_Data;Request_Action;Request_Data,3,0,1,0,3,2,0,0,0,0,0,0,5,10,0
train,wolfe-j_inbox166,data/train/wolfe-j_inbox166.json,3,3,0,6,4,Deliver_Action_Data;Deliver_Meeting_Data;Request_Action_Data;Request_Meeting,0,3,0,0,2,1,0,0,1,1,1,0,3,5,0
train,wolfe-j_inbox180,data/train/wolfe-j_inbox180.json,4,3,1,4,3,Deliver_Action_Data;Request_Action,1,3,0,1,1,1,0,0,0,0,0,0,4,10,0
train,wolfe-j_inbox182,data/train/wolfe-j_inbox182.json,3,2,1,3,2,Deliver_Action_Data;Request_Action,1,2,0,0,1,1,0,0,0,0,0,0,3,10,0
train,wolfe-j_inbox185,data/train/wolfe-j_inbox185.json,3,3,0,5,4,Deliver_Action_Data;Request_Action;Request_Data,1,3,0,0,2,1,0,1,1,1,1,1,3,9,0
train,wolfe-j_inbox204,data/train/wolfe-j_inbox204.json,2,2,0,0,0,,0,0,0,0,1,0,0,0,0,0,0,0,2,4,0
train,wolfe-j_inbox209,data/train/wolfe-j_inbox209.json,4,3,1,6,5,Deliver_Action_Data;Deliver_Data;Request_Data,0,4,0,0,2,0,0,1,1,1,1,1,4,8,0
train,wolfe-j_inbox221,data/train/wolfe-j_inbox221.json,3,3,0,11,6,Deliver_Action_Data;Request_Action;Request_Action_Data;Request_Data,1,6,0,1,1,1,1,0,1,1,1,0,3,5,0
train,wolfe-j_inbox235,data/train/wolfe-j_inbox235.json,4,4,0,7,3,Deliver_Action_Data;Request_Data,0,6,0,0,1,1,0,0,0,1,2,1,4,6,0
train,wolfe-j_inbox237,data/train/wolfe-j_inbox237.json,2,2,0,4,3,Deliver_Meeting_Data;Request_Action;Request_Meeting,2,0,0,0,1,1,1,0,1,1,2,0,2,9,0
train,wolfe-j_inbox238,data/train/wolfe-j_inbox238.json,2,2,0,4,3,Request_Action;Request_Meeting,2,0,0,0,1,0,0,0,1,1,1,0,2,12,0
train,wolfe-j_inbox250,data/train/wolfe-j_inbox250.json,3,3,0,7,4,Deliver_Action_Data;Deliver_Data;Request_Action,1,3,0,1,2,2,1,0,1,1,1,0,3,6,0
train,wolfe-j_inbox260,data/train/wolfe-j_inbox260.json,4,4,0,3,3,Deliver_Action_Data;Deliver_Data;Request_Action_Data,0,1,0,0,1,0,0,1,1,1,1,0,4,6,0
train,wolfe-j_inbox274,data/train/wolfe-j_inbox274.json,3,3,0,4,4,Deliver_Action_Data;Deliver_Data;Request_Data,0,1,0,0,1,0,0,0,1,1,1,0,3,6,0
train,wolfe-j_inbox28,data/train/wolfe-j_inbox28.json,2,2,0,7,4,Deliver_Action_Data;Deliver_Meeting_Data;Request_Action;Request_Meeting,3,2,0,1,1,1,0,0,0,0,1,0,2,45,0
train,wolfe-j_inbox286,data/train/wolfe-j_inbox286.json,4,4,0,9,8,Amend_Meeting_Data;Deliver_Action_Data;Deliver_Meeting_Data;Request_Action;Request_Action_Data,2,3,1,1,1,3,1,0,1,1,1,0,4,22,0
train,wolfe-j_inbox309,data/train/wolfe-j_inbox309.json,2,1,1,2,2,Request_Action;Request_Meeting,1,0,0,0,1,1,0,0,0,0,0,0,2,33,0
train,wolfe-j_inbox324,data/train/wolfe-j_inbox324.json,2,2,0,2,2,Deliver_Action_Data;Request_Action,1,1,0,0,1,0,0,1,0,0,0,0,2,16,0
train,wolfe-j_inbox326,data/train/wolfe-j_inbox326.json,3,3,0,2,2,Deliver_Action_Data;Request_Action,1,1,0,0,1,0,1,1,1,1,1,0,3,16,0
train,wolfe-j_inbox329,data/train/wolfe-j_inbox329.json,2,2,0,3,3,Deliver_Data;Request_Meeting;Request_Meeting_Data,0,0,0,0,1,0,1,1,1,1,0,0,2,3,0
train,wolfe-j_inbox40,data/train/wolfe-j_inbox40.json,3,3,0,5,5,Deliver_Action_Data;Deliver_Data;Deliver_Meeting_Data;Request_Action;Request_Meeting,1,1,0,1,2,1,0,0,0,1,0,2,3,32,0
train,wolfe-j_inbox436,data/train/wolfe-j_inbox436.json,3,3,0,5,4,Amend_Meeting_Data;Deliver_Action_Data;Deliver_Meeting_Data;Request_Action_Data,0,2,1,0,1,0,3,1,1,1,1,0,3,7,0
train,wolfe-j_inbox54,data/train/wolfe-j_inbox54.json,3,3,0,6,6,Deliver_Action_Data;Deliver_Data;Request_Action;Request_Data;Request_Meeting,1,1,0,1,2,1,0,1,0,0,0,0,3,5,0
train,wolfe-j_inbox63,data/train/wolfe-j_inbox63.json,4,4,0,4,4,Deliver_Action_Data;Deliver_Data;Request_Action;Request_Action_Data,1,1,0,1,0,0,0,0,0,0,0,0,4,13,0
train,wolfe-j_inbox73,data/train/wolfe-j_inbox73.json,5,5,0,16,11,Deliver_Action_Data;Deliver_Data;Deliver_Meeting_Data;Request_Action;Request_Action_Data,3,7,0,1,2,4,0,0,0,1,0,0,5,8,0
train,wolfe-j_inbox84,data/train/wolfe-j_inbox84.json,3,2,1,6,4,Deliver_Action_Data;Deliver_Data;Request_Data,0,1,0,0,2,0,0,0,0,1,0,0,3,7,0
train,ybarbo-p_inbox101,data/train/ybarbo-p_inbox101.json,3,3,0,3,3,Deliver_Data;Request_Action,2,0,0,0,2,0,1,1,0,0,0,1,3,12,0
train,ybarbo-p_inbox125,data/train/ybarbo-p_inbox125.json,4,4,0,20,11,Deliver_Action_Data;Deliver_Data;Deliver_Meeting_Data;Request_Action;Request_Data;Request_Meeting,2,9,0,0,3,1,1,3,0,1,0,0,4,8,0
train,ybarbo-p_inbox15,data/train/ybarbo-p_inbox15.json,2,2,0,7,4,Deliver_Action_Data;Deliver_Data;Request_Action,1,4,0,0,1,0,1,0,0,0,0,0,2,4,0
train,ybarbo-p_inbox154,data/train/ybarbo-p_inbox154.json,2,2,0,4,1,Deliver_Action_Data,0,4,0,0,0,0,1,0,0,0,0,0,2,9,0
train,ybarbo-p_inbox167,data/train/ybarbo-p_inbox167.json,2,2,0,2,2,Deliver_Action_Data;Request_Data,0,1,0,0,1,0,0,0,0,1,0,0,2,4,0
train,ybarbo-p_inbox214,data/train/ybarbo-p_inbox214.json,2,2,0,8,6,Deliver_Action_Data;Deliver_Meeting_Data;Request_Action_Data;Request_Meeting;Request_Meeting_Data,0,3,0,0,1,1,0,0,1,1,0,0,2,4,0
train,ybarbo-p_inbox308,data/train/ybarbo-p_inbox308.json,2,2,0,10,4,Deliver_Action_Data;Deliver_Data;Deliver_Meeting_Data,0,5,0,0,1,1,1,1,0,0,0,1,2,6,0
train,ybarbo-p_inbox320,data/train/ybarbo-p_inbox320.json,3,3,0,6,5,Deliver_Action_Data;Deliver_Data;Request_Action,3,2,0,0,2,1,0,0,0,0,0,0,3,5,0
train,ybarbo-p_inbox353,data/train/ybarbo-p_inbox353.json,2,2,0,5,4,Deliver_Action_Data;Deliver_Data;Request_Action,1,3,0,0,2,0,0,1,0,0,0,1,2,4,0
train,ybarbo-p_inbox377,data/train/ybarbo-p_inbox377.json,2,2,0,1,1,Deliver_Data,0,0,0,0,0,0,0,1,0,1,0,0,2,30,0
train,ybarbo-p_inbox383,data/train/ybarbo-p_inbox383.json,2,2,0,1,1,Deliver_Data,0,0,0,0,1,0,0,1,0,1,1,0,2,10,0
train,ybarbo-p_inbox385,data/train/ybarbo-p_inbox385.json,2,2,0,7,3,Deliver_Data;Request_Action;Request_Data,3,0,0,0,2,0,0,2,0,0,0,0,2,6,0
train,ybarbo-p_inbox398,data/train/ybarbo-p_inbox398.json,3,3,0,6,6,Amend_Meeting_Data;Deliver_Meeting_Data;Request_Action,3,0,2,0,3,1,0,0,0,0,0,0,3,27,0
train,ybarbo-p_inbox419,data/train/ybarbo-p_inbox419.json,2,2,0,1,1,Deliver_Action_Data,0,1,0,0,2,1,0,0,0,0,0,0,2,60,0
train,ybarbo-p_inbox425,data/train/ybarbo-p_inbox425.json,2,2,0,6,3,Deliver_Action_Data;Deliver_Data,0,2,0,0,2,0,0,0,0,1,1,0,2,6,0
train,ybarbo-p_inbox427,data/train/ybarbo-p_inbox427.json,2,2,0,4,4,Amend_Meeting_Data;Deliver_Meeting_Data;Request_Action,2,0,1,0,2,0,0,0,0,0,0,0,2,27,0
train,ybarbo-p_inbox452,data/train/ybarbo-p_inbox452.json,3,3,0,5,3,Deliver_Data;Request_Action;Request_Action_Data,1,0,0,0,3,1,1,0,0,0,0,1,3,8,0
train,ybarbo-p_inbox474,data/train/ybarbo-p_inbox474.json,2,2,0,7,5,Deliver_Action_Data;Deliver_Meeting_Data;Request_Action;Request_Meeting,2,3,0,0,2,2,0,0,0,1,0,0,2,17,0
train,ybarbo-p_inbox52,data/train/ybarbo-p_inbox52.json,5,5,0,10,10,Amend_Meeting_Data;Deliver_Action_Data;Deliver_Meeting_Data;Request_Action;Request_Meeting;Request_Meeting_Data,1,1,2,0,0,1,2,0,0,0,0,1,5,9,0
train,ybarbo-p_inbox528,data/train/ybarbo-p_inbox528.json,2,2,0,2,2,Deliver_Action_Data;Deliver_Data,0,1,0,0,0,0,1,0,0,0,0,0,2,14,0
train,ybarbo-p_inbox53,data/train/ybarbo-p_inbox53.json,3,3,0,8,8,Amend_Meeting_Data;Deliver_Action_Data;Deliver_Meeting_Data;Request_Action;Request_Meeting;Request_Meeting_Data,1,1,2,0,0,1,2,0,0,0,0,0,3,8,0
train,ybarbo-p_inbox531,data/train/ybarbo-p_inbox531.json,2,2,0,2,2,Deliver_Action_Data;Deliver_Data,0,1,0,0,1,0,0,0,0,1,0,0,2,18,0
train,ybarbo-p_inbox548,data/train/ybarbo-p_inbox548.json,2,2,0,1,1,Deliver_Data,0,0,0,0,1,0,0,0,0,1,0,1,2,5,1
train,ybarbo-p_inbox551,data/train/ybarbo-p_inbox551.json,2,2,0,1,1,Deliver_Data,0,0,0,0,1,0,0,0,0,1,0,1,4,5,1
train,ybarbo-p_inbox578,data/train/ybarbo-p_inbox578.json,2,2,0,2,2,Deliver_Data,0,0,0,0,1,0,1,0,0,1,1,1,2,10,0
train,ybarbo-p_inbox585,data/train/ybarbo-p_inbox585.json,2,2,0,4,3,Deliver_Action_Data;Deliver_Data;Request_Action,1,2,0,0,2,0,1,2,0,0,0,0,2,6,0
train,ybarbo-p_inbox61,data/train/ybarbo-p_inbox61.json,3,3,0,4,3,Deliver_Action_Data;Deliver_Data;Request_Action_Data,0,1,0,0,2,0,0,0,0,0,0,0,3,5,0
train,ybarbo-p_inbox610,data/train/ybarbo-p_inbox610.json,2,2,0,8,4,Deliver_Action_Data;Deliver_Data;Request_Data,0,1,0,0,2,1,0,0,0,0,0,0,2,4,0
train,ybarbo-p_inbox614,data/train/ybarbo-p_inbox614.json,4,4,0,7,6,Amend_Data;Deliver_Action_Data;Deliver_Meeting_Data;Request_Action;Request_Data,1,3,1,1,1,0,0,0,0,1,0,0,4,13,0
train,ybarbo-p_inbox633,data/train/ybarbo-p_inbox633.json,2,2,0,3,3,Deliver_Action_Data;Request_Action;Request_Action_Data,1,1,0,0,1,0,0,0,0,0,0,1,2,7,0
train,ybarbo-p_inbox71,data/train/ybarbo-p_inbox71.json,2,2,0,5,4,Deliver_Data;Request_Action;Request_Meeting,1,0,0,0,2,1,0,0,0,0,0,0,2,6,0
train,ybarbo-p_inbox99,data/train/ybarbo-p_inbox99.json,2,2,0,3,3,Deliver_Action_Data;Deliver_Data;Request_Action,1,1,0,0,1,1,0,2,0,0,0,0,2,41,0
train,ybarbo-p_inbox_364,data/train/ybarbo-p_inbox_364.json,3,2,1,12,1,Deliver_Data,0,0,0,0,1,0,1,0,0,0,0,0,3,14,0
dev,bass-e_inbox152,data/dev/bass-e_inbox152.json,3,3,0,7,5,Deliver_Action_Data;Deliver_Meeting_Data;Request_Action;Request_Data;Request_Meeting,2,2,0,0,1,1,0,0,1,1,1,0,3,7,0
dev,blair-l_inbox164,data/dev/blair-l_inbox164.json,3,3,0,23,6,Deliver_Action_Data;Deliver_Data;Request_Action;Request_Data,1,12,0,1,3,1,1,0,0,0,2,1,3,13,0
dev,blair-l_inbox94,data/dev/blair-l_inbox94.json,2,2,0,4,3,Deliver_Data;Request_Action,1,0,0,0,1,0,0,1,0,1,0,0,2,26,0
dev,blair-l_inbox_209,data/dev/blair-l_inbox_209.json,3,3,0,7,4,Deliver_Action_Data;Request_Action,2,5,0,0,3,1,1,1,0,1,0,0,3,9,0
dev,buy-r_inbox1083,data/dev/buy-r_inbox1083.json,2,2,0,12,7,Amend_Data;Deliver_Action_Data;Deliver_Data;Deliver_Meeting_Data;Request_Data;Request_Meeting,0,6,1,0,1,1,0,0,0,1,0,0,2,21,0
dev,buy-r_inbox322,data/dev/buy-r_inbox322.json,2,2,0,8,5,Amend_Meeting_Data;Deliver_Action_Data;Deliver_Meeting_Data;Request_Action;Request_Meeting_Data,1,2,2,0,2,1,1,0,0,0,0,0,2,21,0
dev,buy-r_inbox38,data/dev/buy-r_inbox38.json,2,2,0,3,3,Deliver_Action_Data;Deliver_Data;Request_Data,0,1,0,0,0,1,0,0,0,0,0,0,2,4,0
dev,buy-r_inbox706,data/dev/buy-r_inbox706.json,3,3,0,9,5,Deliver_Action_Data;Deliver_Data;Request_Action,6,2,0,0,3,1,0,0,0,0,0,1,3,8,0
dev,buy-r_inbox904,data/dev/buy-r_inbox904.json,3,3,0,4,4,Amend_Meeting_Data;Deliver_Action_Data;Deliver_Meeting_Data;Request_Action,1,1,1,0,2,2,0,0,0,0,1,0,3,22,0
dev,campbell-l_inbox1277,data/dev/campbell-l_inbox1277.json,4,4,0,23,10,Amend_Data;Deliver_Action_Data;Deliver_Data;Deliver_Meeting_Data;Request_Action,8,9,1,1,3,3,0,3,0,2,0,0,4,15,0
dev,campbell-l_inbox429,data/dev/campbell-l_inbox429.json,2,2,0,3,3,Deliver_Action_Data;Deliver_Data;Request_Action,1,1,0,1,1,0,1,1,0,0,0,0,2,5,0
dev,cash-m_inbox177,data/dev/cash-m_inbox177.json,3,3,0,12,6,Deliver_Action_Data;Request_Action;Request_Action_Data;Request_Data,2,6,0,0,1,1,0,1,0,0,0,0,3,8,0
dev,cash-m_inbox293,data/dev/cash-m_inbox293.json,2,2,0,8,5,Deliver_Action_Data;Deliver_Data;Request_Action,5,1,0,0,2,0,0,1,0,1,0,1,2,5,0
dev,corman-s_inbox47,data/dev/corman-s_inbox47.json,2,2,0,5,3,Deliver_Action_Data;Request_Action,3,2,0,0,0,1,0,1,0,0,0,0,3,6,0
dev,corman-s_inbox_archives125,data/dev/corman-s_inbox_archives125.json,2,2,0,13,7,Deliver_Action_Data;Deliver_Data;Deliver_Meeting_Data;Request_Action;Request_Action_Data;Request_Data;Request_Meeting,1,6,0,0,1,1,1,1,0,0,0,0,2,18,0
dev,corman-s_inbox_archives235,data/dev/corman-s_inbox_archives235.json,2,2,0,3,1,Deliver_Action_Data,0,3,0,0,0,0,0,1,0,1,0,0,3,6,0
dev,corman-s_inbox_archives351,data/dev/corman-s_inbox_archives351.json,3,3,0,7,5,Deliver_Action_Data;Deliver_Data;Request_Action;Request_Data;Request_Meeting,1,1,0,1,2,0,0,1,0,0,0,1,3,11,0
dev,corman-s_inbox_measurement1,data/dev/corman-s_inbox_measurement1.json,5,5,0,12,7,Amend_Data;Deliver_Action_Data;Deliver_Data;Request_Action_Data;Request_Data,0,6,3,0,1,3,0,0,0,2,0,0,5,18,0
dev,crandell-s_inbox189,data/dev/crandell-s_inbox189.json,3,2,1,4,4,Deliver_Data;Request_Data;Request_Meeting;Request_Meeting_Data,0,0,0,0,0,2,0,0,0,1,0,0,3,7,0
dev,crandell-s_inbox36,data/dev/crandell-s_inbox36.json,2,2,0,5,3,Deliver_Action_Data;Deliver_Meeting_Data;Request_Data,0,3,0,0,0,1,0,0,0,0,0,0,2,8,0
dev,crandell-s_inbox99,data/dev/crandell-s_inbox99.json,5,5,0,14,10,Amend_Data;Deliver_Action_Data;Deliver_Data;Deliver_Meeting_Data;Request_Action;Request_Data,1,7,1,1,5,4,3,3,1,4,0,0,5,7,0
dev,crandell-s_inbox_rto_west3,data/dev/crandell-s_inbox_rto_west3.json,2,2,0,6,4,Deliver_Action_Data;Deliver_Data,0,4,0,0,1,0,0,2,0,0,0,0,2,5,0
dev,dasovich-j_inbox372,data/dev/dasovich-j_inbox372.json,2,2,0,6,5,Amend_Data;Deliver_Data;Request_Action;Request_Data,2,0,2,0,2,0,0,1,0,0,0,1,2,16,0
dev,dasovich-j_inbox576,data/dev/dasovich-j_inbox576.json,2,2,0,5,2,Deliver_Action_Data;Request_Meeting,0,4,0,0,0,0,0,0,0,0,0,0,2,12,0
dev,derrick-j_inbox84,data/dev/derrick-j_inbox84.json,2,2,0,5,3,Deliver_Action_Data;Deliver_Data,0,4,0,0,1,0,0,2,0,0,0,1,2,78,0
dev,derrick-j_inbox_148,data/dev/derrick-j_inbox_148.json,2,1,1,1,1,Deliver_Data,0,0,0,0,1,0,0,1,0,1,1,0,2,4,0
dev,donoho-l_inbox149,data/dev/donoho-l_inbox149.json,2,2,0,3,2,Deliver_Action_Data;Deliver_Data,0,2,0,0,0,1,0,0,0,1,0,0,2,12,0
dev,donoho-l_inbox221,data/dev/donoho-l_inbox221.json,2,1,1,8,2,Deliver_Action_Data;Deliver_Data,0,7,0,0,1,0,0,0,0,1,0,0,2,6,0
dev,donoho-l_inbox_junk_file321,data/dev/donoho-l_inbox_junk_file321.json,2,2,0,2,2,Deliver_Action_Data,0,2,0,0,0,0,0,0,0,0,0,0,2,73,0
dev,donoho-l_inbox_junk_file332,data/dev/donoho-l_inbox_junk_file332.json,3,3,0,10,7,Amend_Data;Deliver_Action_Data;Deliver_Data;Deliver_Meeting_Data;Request_Action;Request_Action_Data,1,4,1,0,3,1,0,1,0,1,0,0,3,11,0
dev,geaccone-t_inbox288,data/dev/geaccone-t_inbox288.json,2,2,0,0,0,,0,0,0,0,1,1,0,0,0,0,0,0,2,6,0
dev,germany-c_inbox145,data/dev/germany-c_inbox145.json,2,2,0,2,2,Amend_Data;Request_Data,0,0,1,0,0,0,0,0,0,1,0,0,2,6,0
dev,germany-c_inbox261,data/dev/germany-c_inbox261.json,2,2,0,7,4,Amend_Data;Deliver_Action_Data;Deliver_Data,0,1,3,0,0,0,1,0,1,2,0,0,2,6,0
dev,germany-c_inbox27,data/dev/germany-c_inbox27.json,8,7,1,14,10,Deliver_Action_Data;Request_Action;Request_Action_Data;Request_Data,1,7,0,1,3,1,0,2,0,0,0,1,8,6,0
dev,giron-d_inbox431,data/dev/giron-d_inbox431.json,3,3,0,9,7,Deliver_Action_Data;Deliver_Data;Deliver_Meeting_Data;Request_Data;Request_Meeting,0,4,0,0,2,0,0,0,0,1,0,0,3,6,0
dev,haedicke-m_inbox287,data/dev/haedicke-m_inbox287.json,3,2,1,6,6,Deliver_Data;Deliver_Meeting_Data;Request_Action;Request_Meeting,1,0,0,0,2,0,0,1,0,0,0,1,3,38,0
dev,haedicke-m_inbox35,data/dev/haedicke-m_inbox35.json,2,2,0,6,4,Deliver_Action_Data;Deliver_Meeting_Data;Request_Meeting,0,3,0,0,1,1,0,1,0,0,0,1,2,20,0
dev,haedicke-m_inbox_ees_products1,data/dev/haedicke-m_inbox_ees_products1.json,3,3,0,4,2,Deliver_Data,0,0,0,0,0,0,0,0,1,0,0,0,3,22,0
dev,hayslett-r_inbox5,data/dev/hayslett-r_inbox5.json,2,2,0,4,3,Deliver_Action_Data;Deliver_Data;Request_Data,0,2,0,0,2,1,1,0,0,1,0,1,2,8,0
dev,heard-m_inbox85,data/dev/heard-m_inbox85.json,5,5,0,26,15,Amend_Data;Deliver_Action_Data;Deliver_Data;Request_Action_Data;Request_Data,0,16,2,0,2,1,1,1,0,2,0,2,5,6,0
dev,heard-m_inbox_16,data/dev/heard-m_inbox_16.json,2,2,0,5,4,Deliver_Action_Data;Deliver_Data;Request_Action,1,1,0,1,2,0,0,1,0,0,0,0,2,13,0
dev,heard-m_inbox_212,data/dev/heard-m_inbox_212.json,5,5,0,10,5,Deliver_Action_Data;Deliver_Data;Request_Action;Request_Data,3,4,0,0,3,1,0,1,0,0,0,1,6,12,0
dev,heard-m_inbox_271,data/dev/heard-m_inbox_271.json,2,2,0,7,4,Deliver_Action_Data;Deliver_Data,0,5,0,0,2,2,0,2,0,0,0,0,2,6,0
dev,heard-m_inbox_master_netting296,data/dev/heard-m_inbox_master_netting296.json,2,2,0,3,3,Deliver_Action_Data;Deliver_Data,0,1,0,0,1,0,0,1,0,2,0,0,2,80,0
dev,heard-m_inbox_master_netting3,data/dev/heard-m_inbox_master_netting3.json,2,2,0,16,5,Deliver_Action_Data;Request_Action;Request_Data,4,7,0,0,2,2,1,0,0,1,1,0,2,6,0
dev,hernandez-j_inbox16,data/dev/hernandez-j_inbox16.json,5,5,0,7,6,Deliver_Action_Data;Request_Action;Request_Action_Data;Request_Data,3,1,0,1,2,0,0,1,1,2,1,0,5,6,0
dev,hodge-j_inbox447,data/dev/hodge-j_inbox447.json,3,3,0,10,6,Deliver_Action_Data;Deliver_Data;Request_Action;Request_Meeting,3,1,0,0,3,0,1,1,0,0,0,1,3,7,0
dev,jones-t_inbox1024,data/dev/jones-t_inbox1024.json,2,2,0,1,1,Deliver_Data,0,0,0,0,2,0,0,1,0,0,0,0,2,113,0
dev,jones-t_inbox1047,data/dev/jones-t_inbox1047.json,2,2,0,1,1,Deliver_Data,0,0,0,0,1,0,0,1,0,0,0,0,2,116,0
dev,jones-t_inbox488,data/dev/jones-t_inbox488.json,5,5,0,15,11,Amend_Data;Deliver_Action_Data;Deliver_Data;Deliver_Meeting_Data;Request_Action_Data;Request_Data,0,5,1,0,5,3,0,2,0,1,1,0,5,6,0
dev,kaminski-v_inbox228,data/dev/kaminski-v_inbox228.json,2,2,0,6,5,Deliver_Data;Deliver_Meeting_Data;Request_Action,1,0,0,0,2,0,1,0,0,0,0,1,2,6,0
dev,kaminski-v_inbox657,data/dev/kaminski-v_inbox657.json,3,3,0,13,9,Amend_Data;Deliver_Action_Data;Deliver_Data;Deliver_Meeting_Data;Request_Action;Request_Action_Data;Request_Data,1,4,1,0,2,2,0,1,0,1,0,0,3,7,0
dev,kaminski-v_inbox_182,data/dev/kaminski-v_inbox_182.json,2,2,0,6,4,Deliver_Action_Data;Deliver_Meeting_Data;Request_Data,0,2,0,0,1,1,1,0,0,0,0,0,2,11,0
dev,kaminski-v_inbox_254,data/dev/kaminski-v_inbox_254.json,5,5,0,17,11,Deliver_Action_Data;Deliver_Data;Request_Action;Request_Action_Data;Request_Meeting,4,8,0,1,3,0,1,0,0,0,1,0,5,8,0
dev,kaminski-v_inbox_57,data/dev/kaminski-v_inbox_57.json,2,2,0,4,4,Deliver_Action_Data;Request_Action,2,2,0,0,0,0,0,0,0,0,1,0,2,5,0
dev,keiser-k_inbox102,data/dev/keiser-k_inbox102.json,4,4,0,3,3,Deliver_Data,0,0,0,0,0,0,0,2,0,0,0,0,4,30,0
dev,keiser-k_inbox178,data/dev/keiser-k_inbox178.json,4,4,0,8,7,Deliver_Action_Data;Deliver_Data;Request_Action,2,4,0,0,4,2,0,1,0,0,1,1,4,24,0
dev,keiser-k_inbox224,data/dev/keiser-k_inbox224.json,3,3,0,6,4,Deliver_Action_Data;Request_Action;Request_Data,4,1,0,0,0,2,0,0,0,0,0,0,3,9,0
dev,lavorato-j_inbox204,data/dev/lavorato-j_inbox204.json,4,3,1,3,3,Deliver_Data;Request_Action;Request_Data,1,0,0,0,1,0,1,0,0,0,0,0,4,19,0
dev,lavorato-j_inbox224,data/dev/lavorato-j_inbox224.json,3,2,1,1,1,Request_Action,1,0,0,0,0,0,0,0,0,0,0,0,3,8,0
dev,lavorato-j_inbox332,data/dev/lavorato-j_inbox332.json,2,2,0,4,3,Deliver_Action_Data;Request_Action,1,3,0,1,1,0,1,0,0,0,0,0,2,6,0
dev,lavorato-j_inbox81,data/dev/lavorato-j_inbox81.json,2,2,0,9,7,Amend_Data;Deliver_Action_Data;Deliver_Data;Request_Action;Request_Meeting,2,3,1,0,2,2,1,2,0,2,0,1,2,8,0
dev,lay-k_inbox187,data/dev/lay-k_inbox187.json,2,2,0,15,8,Deliver_Action_Data;Deliver_Meeting_Data;Request_Action;Request_Meeting;Request_Meeting_Data,3,6,0,0,2,2,1,1,0,1,1,0,2,29,0
dev,lay-k_inbox584,data/dev/lay-k_inbox584.json,2,2,0,3,2,Deliver_Data,0,0,0,0,2,0,0,2,0,2,0,0,2,7,0
dev,lay-k_inbox_40,data/dev/lay-k_inbox_40.json,2,2,0,10,3,Deliver_Action_Data;Deliver_Data,0,8,0,0,0,1,1,1,0,1,0,1,2,5,0
dev,lokey-t_inbox734,data/dev/lokey-t_inbox734.json,2,2,0,13,2,Deliver_Action_Data,0,13,0,0,1,1,0,0,0,1,0,0,2,15,0
dev,lokey-t_inbox_214,data/dev/lokey-t_inbox_214.json,2,0,2,0,0,,0,0,0,0,0,0,0,0,0,0,0,0,2,4,0
dev,lokey-t_inbox_864,data/dev/lokey-t_inbox_864.json,2,2,0,2,2,Amend_Data;Deliver_Data,0,0,1,0,0,0,0,0,0,0,0,0,2,6,0
dev,mann-k_inbox123,data/dev/mann-k_inbox123.json,2,2,0,6,4,Deliver_Action_Data;Deliver_Data;Request_Action;Request_Meeting,1,3,0,0,1,1,1,2,0,0,0,1,2,6,0
dev,mann-k_inbox22,data/dev/mann-k_inbox22.json,2,2,0,9,3,Deliver_Action_Data;Deliver_Data;Deliver_Meeting_Data,0,6,0,0,1,0,1,1,0,1,0,0,2,6,0
dev,martin-t_inbox130,data/dev/martin-t_inbox130.json,4,4,0,7,6,Deliver_Action_Data;Deliver_Data;Request_Data,0,1,0,0,3,0,0,1,0,0,0,0,4,6,0
dev,martin-t_inbox24,data/dev/martin-t_inbox24.json,3,2,1,3,3,Amend_Meeting_Data;Deliver_Meeting_Data;Request_Action,1,0,1,0,1,0,1,0,0,1,0,0,3,23,0
dev,martin-t_inbox415,data/dev/martin-t_inbox415.json,3,3,0,5,4,Deliver_Action_Data;Request_Action_Data;Request_Data,0,3,0,0,0,1,0,0,0,0,1,1,3,8,0
dev,martin-t_inbox64,data/dev/martin-t_inbox64.json,2,2,0,6,4,Deliver_Action_Data;Deliver_Data;Request_Action_Data,0,3,0,0,2,2,0,0,0,0,2,0,2,6,0
dev,martin-t_inbox_118,data/dev/martin-t_inbox_118.json,2,2,0,3,2,Deliver_Action_Data;Deliver_Meeting_Data,0,2,0,0,1,1,0,0,0,1,0,0,2,6,0
dev,mccarty-d_inbox101,data/dev/mccarty-d_inbox101.json,3,3,0,1,1,Deliver_Data,0,0,0,0,1,0,0,0,0,0,1,0,3,12,0
dev,mccarty-d_inbox13,data/dev/mccarty-d_inbox13.json,2,2,0,7,5,Deliver_Action_Data;Deliver_Data;Deliver_Meeting_Data;Request_Data,0,3,0,0,1,0,1,0,0,0,0,0,2,6,0
dev,mccarty-d_inbox7,data/dev/mccarty-d_inbox7.json,2,2,0,5,4,Deliver_Action_Data;Deliver_Data;Request_Action,2,1,0,0,2,0,0,0,0,2,0,1,2,5,1
dev,mccarty-d_inbox84,data/dev/mccarty-d_inbox84.json,2,2,0,4,3,Deliver_Action_Data;Deliver_Data,0,2,0,0,2,0,0,1,0,0,0,0,2,9,0
dev,mccarty-d_inbox_alaska_gas23,data/dev/mccarty-d_inbox_alaska_gas23.json,3,3,0,11,5,Deliver_Action_Data;Deliver_Data;Deliver_Meeting_Data;Request_Meeting,0,7,0,0,2,1,0,1,0,0,1,0,3,6,0
dev,mclaughlin-e_inbox12,data/dev/mclaughlin-e_inbox12.json,2,2,0,0,0,,0,0,0,0,0,0,0,0,0,0,0,0,2,6,0
dev,mclaughlin-e_inbox155,data/dev/mclaughlin-e_inbox155.json,4,4,0,7,5,Deliver_Action_Data;Deliver_Data;Request_Action,2,3,0,1,2,0,1,0,0,0,0,0,4,6,0
dev,mclaughlin-e_inbox205,data/dev/mclaughlin-e_inbox205.json,2,2,0,2,2,Deliver_Action_Data;Request_Action,1,1,0,0,1,0,0,0,0,0,0,0,2,87,0
dev,mims-thurston-p_inbox197,data/dev/mims-thurston-p_inbox197.json,2,2,0,5,5,Deliver_Action_Data;Deliver_Data;Request_Action;Request_Action_Data;Request_Data,1,1,0,0,2,0,1,2,0,0,0,1,2,6,0
dev,mims-thurston-p_inbox_142,data/dev/mims-thurston-p_inbox_142.json,4,3,1,6,2,Deliver_Data,0,0,0,0,1,0,0,1,0,0,0,0,4,19,0
dev,mims-thurston-p_inbox_162,data/dev/mims-thurston-p_inbox_162.json,3,3,0,9,3,Deliver_Action_Data;Request_Action_Data,0,7,0,0,0,0,0,0,0,0,0,1,3,8,0
dev,nemec-g_inbox1111,data/dev/nemec-g_inbox1111.json,2,1,1,10,3,Deliver_Action_Data;Deliver_Meeting_Data;Request_Data,0,8,0,0,1,0,0,0,0,0,0,0,2,11,0
dev,nemec-g_inbox1181,data/dev/nemec-g_inbox1181.json,4,4,0,9,7,Deliver_Action_Data;Deliver_Meeting_Data;Request_Action;Request_Data,5,2,0,0,4,1,0,0,0,1,1,0,4,6,0
dev,nemec-g_inbox1562,data/dev/nemec-g_inbox1562.json,2,2,0,6,2,Deliver_Action_Data;Deliver_Meeting_Data,0,5,0,0,1,0,1,0,0,0,1,0,2,9,0
dev,nemec-g_inbox40,data/dev/nemec-g_inbox40.json,3,3,0,7,6,Amend_Data;Deliver_Action_Data;Deliver_Data;Request_Action,3,1,1,1,2,2,1,1,0,1,0,2,3,6,0
dev,nemec-g_inbox60,data/dev/nemec-g_inbox60.json,4,3,1,7,6,Deliver_Action_Data;Deliver_Data;Request_Action_Data;Request_Meeting,0,1,0,0,2,2,1,2,0,0,0,0,4,10,0
dev,parks-j_inbox241,data/dev/parks-j_inbox241.json,4,3,1,2,2,Deliver_Data;Request_Data,0,0,0,0,0,0,0,0,0,0,0,0,4,6,0
dev,parks-j_inbox286,data/dev/parks-j_inbox286.json,2,2,0,8,5,Deliver_Action_Data;Deliver_Data;Deliver_Meeting_Data;Request_Action;Request_Meeting,2,2,0,0,2,0,1,1,0,0,1,0,2,12,0
dev,parks-j_inbox404,data/dev/parks-j_inbox404.json,2,1,1,1,1,Deliver_Action_Data,0,1,0,0,0,0,0,1,0,0,0,0,2,14,0
dev,parks-j_inbox428,data/dev/parks-j_inbox428.json,3,2,1,0,0,,0,0,0,0,0,0,0,0,0,0,0,0,3,6,0
dev,parks-j_inbox679,data/dev/parks-j_inbox679.json,2,1,1,1,1,Deliver_Meeting_Data,0,0,0,0,0,0,0,0,0,0,0,0,2,6,0
dev,parks-j_inbox_302,data/dev/parks-j_inbox_302.json,2,2,0,6,4,Deliver_Action_Data;Deliver_Data;Request_Data,0,2,0,0,2,1,0,2,0,0,0,0,2,6,0
dev,rapp-b_inbox335,data/dev/rapp-b_inbox335.json,3,3,0,4,3,Deliver_Action_Data;Request_Action,3,1,0,0,2,0,0,1,0,0,0,0,3,6,0
dev,rapp-b_inbox378,data/dev/rapp-b_inbox378.json,6,6,0,7,6,Deliver_Action_Data;Deliver_Data;Deliver_Meeting_Data;Request_Action;Request_Data,2,2,0,0,3,0,0,0,0,0,0,3,6,10,0
dev,rapp-b_inbox_16,data/dev/rapp-b_inbox_16.json,2,2,0,3,3,Deliver_Action_Data;Deliver_Data;Request_Action,1,1,0,0,1,0,1,0,0,0,0,0,2,5,0
dev,rapp-b_inbox_309,data/dev/rapp-b_inbox_309.json,2,2,0,7,4,Deliver_Action_Data;Deliver_Data;Request_Action;Request_Data,1,3,0,0,1,0,1,1,0,0,0,0,2,24,0
dev,rapp-b_inbox_36,data/dev/rapp-b_inbox_36.json,2,2,0,3,2,Deliver_Action_Data;Deliver_Data,0,1,0,0,1,0,0,0,1,1,0,1,2,66,0
dev,rapp-b_inbox_397,data/dev/rapp-b_inbox_397.json,5,5,0,12,8,Deliver_Action_Data;Deliver_Data;Request_Action;Request_Data,6,3,0,1,3,1,1,0,0,1,0,1,5,19,0
dev,reitmeyer-j_inbox51,data/dev/reitmeyer-j_inbox51.json,2,1,1,1,1,Deliver_Data,0,0,0,0,0,0,0,0,0,0,0,0,2,9,0
dev,reitmeyer-j_inbox92,data/dev/reitmeyer-j_inbox92.json,2,2,0,5,3,Deliver_Action_Data;Deliver_Meeting_Data;Request_Data,0,2,0,0,1,2,0,0,0,0,0,0,2,7,0
dev,sager-e_inbox121,data/dev/sager-e_inbox121.json,3,3,0,6,6,Deliver_Action_Data;Deliver_Meeting_Data;Request_Action;Request_Meeting;Request_Meeting_Data,1,1,0,1,0,1,0,0,0,0,0,0,3,6,0
dev,sager-e_inbox355,data/dev/sager-e_inbox355.json,3,3,0,6,4,Deliver_Action_Data;Deliver_Data;Request_Action,3,1,0,0,3,0,1,0,0,0,0,0,3,10,0
dev,sager-e_inbox47,data/dev/sager-e_inbox47.json,4,4,0,3,3,Deliver_Data,0,0,0,0,1,0,1,1,0,0,0,0,4,18,0
dev,sager-e_inbox819,data/dev/sager-e_inbox819.json,4,4,0,7,7,Deliver_Action_Data;Request_Action;Request_Action_Data;Request_Data;Request_Meeting,2,2,0,0,1,1,0,1,0,0,0,0,4,11,0
dev,salisbury-h_inbox181,data/dev/salisbury-h_inbox181.json,2,2,0,4,2,Deliver_Action_Data,0,4,0,0,0,1,0,0,0,0,0,0,2,5,0
dev,salisbury-h_inbox480,data/dev/salisbury-h_inbox480.json,2,2,0,8,5,Amend_Data;Deliver_Action_Data;Request_Data,0,4,3,0,2,1,2,0,0,2,0,0,2,11,0
dev,salisbury-h_inbox_330,data/dev/salisbury-h_inbox_330.json,2,2,0,5,3,Deliver_Action_Data;Deliver_Data,0,2,0,0,2,1,1,0,0,1,0,1,2,8,0
dev,schoolcraft-d_inbox17,data/dev/schoolcraft-d_inbox17.json,2,1,1,1,1,Deliver_Data,0,0,0,0,0,0,0,0,0,0,0,0,2,25,0
dev,schoolcraft-d_inbox64,data/dev/schoolcraft-d_inbox64.json,2,2,0,2,2,Request_Action;Request_Data,1,0,0,0,1,0,0,1,0,0,0,0,2,10,0
dev,schoolcraft-d_inbox_101,data/dev/schoolcraft-d_inbox_101.json,3,3,0,12,5,Deliver_Action_Data;Deliver_Meeting_Data;Request_Action;Request_Data;Request_Meeting,4,2,0,0,1,0,0,0,0,0,0,0,3,59,0
dev,schoolcraft-d_inbox_37,data/dev/schoolcraft-d_inbox_37.json,2,2,0,9,3,Deliver_Action_Data;Deliver_Meeting_Data;Request_Action,1,7,0,0,1,1,0,0,0,0,0,0,2,12,0
dev,schoolcraft-d_inbox_junk277,data/dev/schoolcraft-d_inbox_junk277.json,2,2,0,5,4,Deliver_Action_Data;Deliver_Data,0,3,0,0,0,1,0,0,0,0,1,0,2,42,0
dev,shackleton-s_inbox678,data/dev/shackleton-s_inbox678.json,3,3,0,5,3,Deliver_Action_Data;Request_Action_Data,0,4,0,0,0,0,0,0,0,0,0,0,3,27,0
dev,shackleton-s_inbox802,data/dev/shackleton-s_inbox802.json,2,2,0,3,1,Deliver_Action_Data,0,3,0,0,1,1,1,0,0,1,0,1,2,6,0
dev,skilling-j_inbox137,data/dev/skilling-j_inbox137.json,2,2,0,6,5,Deliver_Action_Data;Deliver_Data;Deliver_Meeting_Data;Request_Data,0,3,0,0,2,2,0,0,0,0,0,0,2,5,0
dev,skilling-j_inbox52,data/dev/skilling-j_inbox52.json,2,2,0,5,3,Deliver_Action_Data;Request_Action,2,3,0,0,1,0,1,1,0,0,0,0,2,44,0
dev,skilling-j_inbox54,data/dev/skilling-j_inbox54.json,2,2,0,3,2,Deliver_Action_Data;Request_Action,1,2,0,1,2,1,2,0,0,0,0,0,2,44,0
dev,skilling-j_inbox_1006,data/dev/skilling-j_inbox_1006.json,2,2,0,5,4,Deliver_Action_Data;Deliver_Data;Deliver_Meeting_Data;Request_Data,0,2,0,0,1,0,0,0,0,0,0,0,2,4,0
dev,smith-m_inbox100,data/dev/smith-m_inbox100.json,2,2,0,2,2,Deliver_Action_Data;Request_Action,1,1,0,0,0,0,0,0,0,0,0,0,2,6,0
dev,smith-m_inbox202,data/dev/smith-m_inbox202.json,4,3,1,6,5,Deliver_Action_Data;Request_Action;Request_Action_Data,2,3,0,0,3,1,0,0,0,0,0,0,4,6,0
dev,smith-m_inbox446,data/dev/smith-m_inbox446.json,2,2,0,3,3,Deliver_Action_Data;Request_Action_Data;Request_Data,0,1,0,0,0,1,0,0,0,0,1,0,2,6,0
dev,steffes-j_inbox255,data/dev/steffes-j_inbox255.json,3,3,0,7,5,Amend_Meeting_Data;Deliver_Data;Deliver_Meeting_Data;Request_Data;Request_Meeting,0,0,1,0,2,1,1,0,1,1,1,1,3,6,0
dev,taylor-m_inbox_ev2,data/dev/taylor-m_inbox_ev2.json,2,2,0,3,2,Deliver_Data;Request_Data,0,0,0,0,1,0,0,0,1,1,1,0,2,5,0
dev,taylor-m_inbox_marketing22,data/dev/taylor-m_inbox_marketing22.json,2,2,0,6,3,Deliver_Action_Data;Request_Data,0,5,0,0,0,0,2,1,0,0,0,0,2,6,0
dev,taylor-m_inbox_methanol_plant15,data/dev/taylor-m_inbox_methanol_plant15.json,2,1,1,1,1,Deliver_Data,0,0,0,0,1,0,0,0,0,0,0,0,2,6,0
dev,tycholiz-b_inbox326,data/dev/tycholiz-b_inbox326.json,2,1,1,3,2,Deliver_Data;Request_Action,1,0,0,0,1,1,0,1,0,0,0,0,2,5,0
dev,tycholiz-b_inbox558,data/dev/tycholiz-b_inbox558.json,3,3,0,6,5,Amend_Meeting_Data;Deliver_Action_Data;Deliver_Data;Deliver_Meeting_Data;Request_Meeting_Data,0,2,1,0,1,0,3,1,1,1,1,0,3,7,0
dev,ward-k_inbox341,data/dev/ward-k_inbox341.json,4,4,0,2,2,Deliver_Action_Data;Request_Action_Data,0,1,0,0,0,0,0,0,0,0,0,0,4,6,0
dev,ward-k_inbox57,data/dev/ward-k_inbox57.json,2,2,0,2,2,Deliver_Action_Data;Request_Action,1,1,0,0,0,0,0,0,0,0,0,0,2,6,0
dev,ward-k_inbox_82,data/dev/ward-k_inbox_82.json,5,5,0,13,11,Deliver_Action_Data;Deliver_Data;Deliver_Meeting_Data;Request_Action;Request_Data;Request_Meeting_Data,1,4,0,0,3,1,0,0,0,1,0,1,5,10,0
dev,watson-k_inbox252,data/dev/watson-k_inbox252.json,2,2,0,2,2,Deliver_Data;Request_Action,1,0,0,0,1,1,0,1,0,0,0,0,2,6,0
dev,watson-k_inbox440,data/dev/watson-k_inbox440.json,6,6,0,12,7,Deliver_Action_Data;Deliver_Data;Deliver_Meeting_Data;Request_Action;Request_Action_Data;Request_Data,1,5,0,1,4,3,0,0,0,0,0,0,6,8,0
dev,watson-k_inbox447,data/dev/watson-k_inbox447.json,2,2,0,3,3,Deliver_Action_Data;Deliver_Data,0,2,0,0,1,1,0,1,0,0,0,0,2,15,0
dev,watson-k_inbox499,data/dev/watson-k_inbox499.json,3,3,0,8,7,Deliver_Action_Data;Deliver_Data;Deliver_Meeting_Data;Request_Action;Request_Data,2,3,0,1,3,2,0,0,0,0,0,0,3,11,0
dev,watson-k_inbox9,data/dev/watson-k_inbox9.json,4,4,0,14,13,Deliver_Action_Data;Deliver_Data;Deliver_Meeting_Data;Request_Action;Request_Action_Data;Request_Data,4,4,0,0,3,3,3,1,0,0,0,1,4,6,0
dev,white-s_inbox190,data/dev/white-s_inbox190.json,2,2,0,2,2,Deliver_Data;Request_Action,1,0,0,0,2,0,0,0,0,0,0,1,2,6,0
dev,white-s_inbox197,data/dev/white-s_inbox197.json,3,3,0,2,2,Deliver_Data;Request_Data,0,0,0,0,1,0,0,0,0,0,0,1,3,6,0
dev,wolfe-j_inbox101,data/dev/wolfe-j_inbox101.json,3,2,1,5,3,Deliver_Action_Data;Request_Action,1,4,0,0,1,1,1,0,0,0,0,0,3,5,0
dev,wolfe-j_inbox211,data/dev/wolfe-j_inbox211.json,3,3,0,6,4,Deliver_Action_Data;Request_Action,3,3,0,1,2,2,0,0,1,1,1,1,3,7,0
dev,wolfe-j_inbox35,data/dev/wolfe-j_inbox35.json,7,6,1,16,9,Deliver_Action_Data;Deliver_Data;Deliver_Meeting_Data;Request_Data;Request_Meeting,0,7,0,0,0,0,1,0,0,0,0,0,7,5,0
dev,wolfe-j_inbox89,data/dev/wolfe-j_inbox89.json,2,1,1,5,3,Deliver_Data;Deliver_Meeting_Data;Request_Meeting,0,0,0,0,1,1,1,0,0,0,0,0,2,8,0
dev,ybarbo-p_inbox236,data/dev/ybarbo-p_inbox236.json,4,4,0,8,7,Amend_Meeting_Data;Deliver_Action_Data;Request_Action;Request_Data;Request_Meeting,1,1,1,0,2,2,0,0,0,1,0,0,4,12,0
dev,ybarbo-p_inbox42,data/dev/ybarbo-p_inbox42.json,2,2,0,2,2,Amend_Action_Data;Request_Action,1,0,1,1,2,2,0,0,0,0,1,0,2,43,0
dev,ybarbo-p_inbox483,data/dev/ybarbo-p_inbox483.json,2,2,0,3,3,Deliver_Data;Request_Action,2,0,0,0,2,1,0,0,0,0,0,0,2,6,0
dev,ybarbo-p_inbox596,data/dev/ybarbo-p_inbox596.json,4,4,0,6,6,Amend_Data;Deliver_Action_Data;Deliver_Meeting_Data;Request_Action;Request_Data,1,2,1,1,1,0,0,0,0,1,0,0,4,12,0
test,bass-e_inbox100,data/test/bass-e_inbox100.json,2,2,0,8,5,Deliver_Action_Data;Deliver_Meeting_Data;Request_Action;Request_Meeting,2,3,0,0,0,1,2,0,0,0,0,0,2,15,0
test,bass-e_inbox124,data/test/bass-e_inbox124.json,3,3,0,4,3,Deliver_Data;Request_Action;Request_Data,2,0,0,0,1,0,1,0,0,0,0,0,3,6,0
test,bass-e_inbox65,data/test/bass-e_inbox65.json,4,4,0,5,5,Deliver_Action_Data;Deliver_Meeting_Data;Request_Action;Request_Data,2,1,0,0,1,0,0,0,0,0,0,0,4,6,0
test,bass-e_inbox97,data/test/bass-e_inbox97.json,3,3,0,9,4,Deliver_Action_Data;Deliver_Data;Request_Data,0,6,0,0,2,2,1,0,1,1,1,0,3,9,0
test,beck-s_inbox232,data/test/beck-s_inbox232.json,3,2,1,1,1,Deliver_Data,0,0,0,0,1,1,0,1,0,0,0,0,3,10,0
test,beck-s_inbox293,data/test/beck-s_inbox293.json,2,2,0,10,6,Amend_Data;Deliver_Action_Data;Deliver_Data;Request_Action,1,1,5,0,2,1,1,1,0,1,0,1,2,6,0
test,beck-s_inbox683,data/test/beck-s_inbox683.json,3,3,0,3,3,Deliver_Action_Data;Deliver_Data;Request_Action,1,1,0,1,2,1,0,1,0,1,0,1,3,13,0
test,blair-l_inbox13,data/test/blair-l_inbox13.json,2,2,0,7,4,Amend_Data;Deliver_Data;Request_Action_Data,0,0,4,0,2,0,0,2,0,1,0,0,2,14,0
test,blair-l_inbox39,data/test/blair-l_inbox39.json,2,2,0,12,9,Amend_Data;Deliver_Action_Data;Deliver_Data;Deliver_Meeting_Data;Request_Action;Request_Action_Data,1,4,1,0,2,1,1,0,0,0,0,0,2,11,0
test,blair-l_inbox_133,data/test/blair-l_inbox_133.json,2,2,0,6,5,Deliver_Action_Data;Deliver_Data;Request_Action;Request_Data,3,1,0,0,2,1,0,1,0,0,0,0,2,14,0
test,blair-l_inbox_66,data/test/blair-l_inbox_66.json,2,2,0,7,6,Deliver_Action_Data;Request_Action;Request_Action_Data;Request_Meeting,2,3,0,0,2,2,0,0,0,0,0,0,2,6,0
test,buy-r_inbox660,data/test/buy-r_inbox660.json,3,3,0,11,7,Deliver_Action_Data;Deliver_Meeting_Data;Request_Action;Request_Data;Request_Meeting,1,7,0,0,2,2,0,1,0,0,0,0,3,6,0
test,campbell-l_inbox1169,data/test/campbell-l_inbox1169.json,3,3,0,14,5,Deliver_Action_Data;Deliver_Data;Deliver_Meeting_Data;Request_Action,1,9,0,1,3,1,1,2,0,0,0,0,3,11,0
test,cash-m_inbox156,data/test/cash-m_inbox156.json,2,2,0,6,5,Deliver_Action_Data;Deliver_Meeting_Data;Request_Action;Request_Data;Request_Meeting,2,1,0,1,1,0,1,0,0,0,0,0,2,5,0
test,cash-m_inbox171,data/test/cash-m_inbox171.json,2,2,0,6,1,Deliver_Action_Data,0,6,0,0,2,1,1,2,1,0,0,0,2,14,0
test,cash-m_inbox243,data/test/cash-m_inbox243.json,3,3,0,8,8,Deliver_Action_Data;Deliver_Data;Deliver_Meeting_Data;Request_Action;Request_Action_Data,1,2,0,1,1,1,0,0,0,0,1,0,3,9,0
test,cash-m_inbox305,data/test/cash-m_inbox305.json,2,2,0,5,4,Deliver_Action_Data;Deliver_Data;Request_Action,1,1,0,0,1,0,0,1,0,0,1,0,2,12,0
test,cash-m_inbox57,data/test/cash-m_inbox57.json,2,2,0,2,2,Deliver_Action_Data,0,2,0,0,1,1,0,0,0,0,0,0,2,10,0
test,cash-m_inbox86,data/test/cash-m_inbox86.json,3,3,0,6,5,Deliver_Action_Data;Deliver_Data;Request_Action;Request_Action_Data,1,1,0,0,1,0,0,0,0,0,0,0,3,7,0
test,cash-m_inbox93,data/test/cash-m_inbox93.json,3,3,0,2,2,Request_Action;Request_Data,1,0,0,0,2,0,0,0,0,0,0,1,3,6,0
test,corman-s_inbox_archives110,data/test/corman-s_inbox_archives110.json,4,4,0,1,1,Deliver_Data,0,0,0,0,3,0,1,1,0,0,0,0,,,0
test,corman-s_inbox_archives111,data/test/corman-s_inbox_archives111.json,4,4,0,12,10,Amend_Meeting_Data;Deliver_Action_Data;Deliver_Data;Deliver_Meeting_Data;Request_Action;Request_Data;Request_Meeting,1,4,1,1,3,0,1,1,0,0,0,0,4,6,0
test,corman-s_inbox_twdatarequests2,data/test/corman-s_inbox_twdatarequests2.json,3,3,0,5,2,Deliver_Action_Data;Deliver_Data,0,3,0,0,1,1,0,1,0,0,0,0,3,9,0
test,crandell-s_inbox112,data/test/crandell-s_inbox112.json,3,3,0,8,8,Amend_Meeting_Data;Deliver_Action_Data;Deliver_Meeting_Data;Request_Action;Request_Meeting;Request_Meeting_Data,1,2,1,1,1,1,0,0,0,0,0,1,3,6,0
test,dasovich-j_inbox1086,data/test/dasovich-j_inbox1086.json,2,2,0,5,3,Deliver_Action_Data;Request_Action,1,4,0,1,2,0,2,0,0,0,0,0,2,15,0
test,dasovich-j_inbox1731,data/test/dasovich-j_inbox1731.json,4,4,0,12,9,Deliver_Action_Data;Deliver_Data;Deliver_Meeting_Data;Request_Action,4,3,0,1,2,1,3,4,0,0,0,0,4,25,0
test,dasovich-j_inbox224,data/test/dasovich-j_inbox224.json,2,2,0,2,2,Deliver_Data;Request_Action_Data,0,0,0,0,0,0,0,0,0,0,0,0,2,4,0
test,dasovich-j_inbox917,data/test/dasovich-j_inbox917.json,2,2,0,5,5,Deliver_Action_Data;Deliver_Meeting_Data;Request_Action;Request_Meeting,1,1,0,0,1,1,0,0,0,0,0,0,2,28,0
test,derrick-j_inbox109,data/test/derrick-j_inbox109.json,2,2,0,4,4,Deliver_Action_Data;Deliver_Data;Request_Meeting,0,1,0,0,1,0,0,1,1,1,0,0,2,6,0
test,derrick-j_inbox117,data/test/derrick-j_inbox117.json,2,1,1,4,2,Deliver_Data;Deliver_Meeting_Data,0,0,0,0,1,0,0,0,0,0,0,0,2,4,0
test,derrick-j_inbox240,data/test/derrick-j_inbox240.json,4,4,0,6,6,Deliver_Action_Data;Deliver_Data;Request_Action;Request_Data,1,2,0,1,2,0,0,0,1,1,0,0,4,12,0
test,derrick-j_inbox_196,data/test/derrick-j_inbox_196.json,2,2,0,1,1,Deliver_Data,0,0,0,0,0,0,0,0,0,0,0,0,2,6,0
test,derrick-j_inbox_47,data/test/derrick-j_inbox_47.json,2,1,1,1,1,Deliver_Action_Data,0,1,0,0,1,0,0,0,0,0,0,0,2,12,0
test,derrick-j_inbox_91,data/test/derrick-j_inbox_91.json,2,1,1,2,2,Deliver_Action_Data;Request_Action,1,1,0,0,1,0,0,0,0,0,1,0,2,4,0
test,donoho-l_inbox169,data/test/donoho-l_inbox169.json,3,3,0,6,5,Deliver_Action_Data;Deliver_Data;Request_Action;Request_Data,2,1,0,0,1,0,0,1,0,0,0,0,4,11,0
test,donoho-l_inbox173,data/test/donoho-l_inbox173.json,2,1,1,4,3,Deliver_Action_Data;Deliver_Data;Request_Action,2,1,0,0,1,0,0,1,0,1,0,0,2,73,0
test,donoho-l_inbox85,data/test/donoho-l_inbox85.json,2,2,0,10,5,Deliver_Action_Data;Deliver_Data;Request_Action;Request_Meeting,3,2,0,0,2,0,1,2,0,0,0,1,2,23,0
test,donoho-l_inbox_junk_file353,data/test/donoho-l_inbox_junk_file353.json,3,3,0,6,4,Deliver_Action_Data;Deliver_Data;Deliver_Meeting_Data;Request_Data,0,3,0,0,2,0,2,0,0,0,0,1,3,7,0
test,geaccone-t_inbox53,data/test/geaccone-t_inbox53.json,2,2,0,8,7,Deliver_Action_Data;Deliver_Meeting_Data;Request_Action;Request_Meeting,3,2,0,0,1,1,2,0,0,0,0,1,2,9,0
test,geaccone-t_inbox95,data/test/geaccone-t_inbox95.json,2,2,0,3,3,Deliver_Data;Request_Action;Request_Data,1,0,0,0,2,1,0,0,0,0,0,1,2,6,0
test,germany-c_inbox168,data/test/germany-c_inbox168.json,2,2,0,3,3,Deliver_Action_Data;Deliver_Data;Request_Action,1,1,0,0,1,0,0,1,0,0,0,0,2,6,0
test,germany-c_inbox223,data/test/germany-c_inbox223.json,7,7,0,17,11,Amend_Data;Deliver_Action_Data;Deliver_Data;Request_Action;Request_Action_Data;Request_Data,2,6,1,1,6,3,1,3,0,0,1,5,7,12,0
test,germany-c_inbox224,data/test/germany-c_inbox224.json,2,1,1,1,1,Request_Action,1,0,0,0,1,0,0,0,0,0,0,0,2,48,0
test,giron-d_inbox25,data/test/giron-d_inbox25.json,4,4,0,4,4,Deliver_Data;Request_Data,0,0,0,0,3,1,1,1,0,1,1,1,4,9,0
test,giron-d_inbox66,data/test/giron-d_inbox66.json,2,2,0,2,2,Deliver_Data;Request_Data,0,0,0,0,1,0,1,0,0,0,0,0,2,6,0
test,haedicke-m_inbox469,data/test/haedicke-m_inbox469.json,2,2,0,1,1,Deliver_Data,0,0,0,0,0,0,0,0,0,0,0,0,2,7,0
test,haedicke-m_inbox654,data/test/haedicke-m_inbox654.json,2,2,0,4,3,Amend_Data;Deliver_Data,0,0,1,0,0,0,0,2,0,1,0,0,2,6,0
test,hayslett-r_inbox160,data/test/hayslett-r_inbox160.json,2,2,0,0,0,,0,0,0,0,0,0,0,0,0,0,0,0,2,6,0
test,hayslett-r_inbox177,data/test/hayslett-r_inbox177.json,4,4,0,6,5,Deliver_Action_Data;Deliver_Data;Request_Action;Request_Data,1,1,0,1,0,0,1,1,0,0,0,0,5,10,0
test,hayslett-r_inbox47,data/test/hayslett-r_inbox47.json,2,2,0,5,4,Deliver_Action_Data;Request_Action,3,2,0,0,2,1,0,1,0,0,0,2,2,6,0
test,hayslett-r_inbox75,data/test/hayslett-r_inbox75.json,3,3,0,7,5,Deliver_Action_Data;Deliver_Data;Deliver_Meeting_Data;Request_Action,2,2,0,1,1,1,0,2,0,1,2,2,3,9,0
test,heard-m_inbox284,data/test/heard-m_inbox284.json,6,4,2,4,4,Deliver_Action_Data;Deliver_Data;Request_Action_Data;Request_Data,0,1,0,0,2,0,0,1,0,0,0,0,6,17,0
test,heard-m_inbox300,data/test/heard-m_inbox300.json,2,1,1,3,2,Deliver_Data;Request_Action,2,0,0,0,1,0,0,0,0,0,0,0,2,9,0
test,heard-m_inbox_104,data/test/heard-m_inbox_104.json,2,1,1,8,4,Amend_Data;Deliver_Action_Data;Deliver_Data;Request_Action,3,2,1,0,1,1,0,1,0,1,0,0,2,5,0
test,hodge-j_inbox475,data/test/hodge-j_inbox475.json,3,3,0,8,4,Deliver_Action_Data;Request_Data,0,7,0,0,2,0,0,0,0,1,0,0,3,9,0
test,hodge-j_inbox612,data/test/hodge-j_inbox612.json,2,2,0,3,3,Deliver_Data;Request_Action,2,0,0,0,2,1,0,0,0,0,0,1,2,6,0
test,kaminski-v_inbox454,data/test/kaminski-v_inbox454.json,3,3,0,4,4,Deliver_Action_Data;Deliver_Data;Request_Action;Request_Data,1,1,0,1,1,0,1,0,0,0,0,1,3,6,0
test,keiser-k_inbox166,data/test/keiser-k_inbox166.json,4,4,0,20,11,Amend_Data;Deliver_Action_Data;Deliver_Data;Request_Action;Request_Action_Data;Request_Data,1,9,1,0,3,2,1,1,0,1,0,0,4,8,0
test,keiser-k_inbox51,data/test/keiser-k_inbox51.json,2,2,0,10,4,Deliver_Action_Data;Deliver_Data;Request_Action;Request_Action_Data,1,6,0,1,2,1,1,1,0,0,0,0,2,6,0
test,keiser-k_inbox81,data/test/keiser-k_inbox81.json,4,4,0,5,5,Deliver_Data;Request_Action;Request_Action_Data,1,0,0,0,3,1,2,0,0,1,0,1,4,29,0
test,lavorato-j_inbox225,data/test/lavorato-j_inbox225.json,2,2,0,2,2,Deliver_Action_Data,0,2,0,0,0,0,1,0,0,1,0,0,2,6,0
test,lavorato-j_inbox289,data/test/lavorato-j_inbox289.json,3,2,1,1,1,Deliver_Action_Data,0,1,0,0,0,0,1,0,0,0,0,0,3,13,0
test,lavorato-j_inbox358,data/test/lavorato-j_inbox358.json,3,3,0,8,5,Deliver_Action_Data;Deliver_Data;Request_Data,0,3,0,0,1,1,0,1,0,1,0,0,3,8,0
test,lay-k_inbox746,data/test/lay-k_inbox746.json,3,1,2,1,1,Deliver_Action_Data,0,1,0,0,1,0,0,0,0,0,0,0,3,8,0
test,lay-k_inbox_1658,data/test/lay-k_inbox_1658.json,2,2,0,8,2,Deliver_Action_Data;Deliver_Data,0,6,0,0,1,1,1,0,0,0,1,1,2,4,0
test,lokey-t_inbox267,data/test/lokey-t_inbox267.json,6,4,2,5,5,Amend_Data;Deliver_Action_Data;Deliver_Meeting_Data;Request_Data,0,2,1,0,1,1,1,1,0,1,0,1,6,14,0
test,lokey-t_inbox578,data/test/lokey-t_inbox578.json,4,4,0,12,8,Deliver_Action_Data;Deliver_Data;Request_Action;Request_Data,3,6,0,1,3,1,0,0,0,0,0,0,4,8,0
test,lokey-t_inbox_129,data/test/lokey-t_inbox_129.json,4,3,1,9,8,Deliver_Action_Data;Deliver_Data;Deliver_Meeting_Data;Request_Action;Request_Data,1,3,0,1,3,0,0,1,0,0,0,0,4,38,0
test,lokey-t_inbox_802,data/test/lokey-t_inbox_802.json,3,3,0,11,4,Deliver_Action_Data;Deliver_Data;Request_Data,0,8,0,0,2,0,0,0,0,0,0,0,3,29,0
test,mann-k_inbox8,data/test/mann-k_inbox8.json,3,3,0,5,4,Deliver_Action_Data;Request_Action;Request_Data,1,3,0,0,1,1,2,1,0,0,0,1,3,16,0
test,martin-t_inbox355,data/test/martin-t_inbox355.json,3,3,0,9,5,Deliver_Action_Data;Deliver_Meeting_Data;Request_Meeting;Request_Meeting_Data,0,5,0,0,0,0,1,0,0,0,0,1,3,6,0
test,martin-t_inbox467,data/test/martin-t_inbox467.json,2,2,0,9,6,Deliver_Action_Data;Deliver_Data;Deliver_Meeting_Data;Request_Action;Request_Data,1,5,0,1,2,1,0,0,0,1,0,1,2,6,0
test,martin-t_inbox_197,data/test/martin-t_inbox_197.json,2,2,0,9,6,Deliver_Action_Data;Deliver_Data;Request_Action;Request_Action_Data;Request_Data;Request_Meeting,2,1,0,0,2,2,2,1,0,1,0,0,2,6,0
test,mccarty-d_inbox75,data/test/mccarty-d_inbox75.json,5,5,0,7,5,Deliver_Action_Data;Deliver_Data;Request_Data,0,2,0,0,4,0,0,3,0,0,0,0,5,6,0
test,mccarty-d_inbox90,data/test/mccarty-d_inbox90.json,3,3,0,1,1,Deliver_Data,0,0,0,0,1,0,0,1,0,0,0,0,3,15,0
test,mccarty-d_inbox_alaska_gas_30,data/test/mccarty-d_inbox_alaska_gas_30.json,3,3,0,9,7,Deliver_Action_Data;Deliver_Data;Request_Action;Request_Data,3,3,0,0,2,1,0,3,0,2,0,1,3,10,0
test,mclaughlin-e_inbox391,data/test/mclaughlin-e_inbox391.json,3,3,0,5,3,Deliver_Action_Data;Request_Action,3,2,0,0,2,2,0,0,0,0,0,0,3,8,0
test,mclaughlin-e_inbox399,data/test/mclaughlin-e_inbox399.json,4,4,0,8,6,Deliver_Data;Request_Action;Request_Data,3,0,0,0,4,0,0,2,0,0,0,0,4,12,0
test,mclaughlin-e_inbox410,data/test/mclaughlin-e_inbox410.json,2,1,1,7,2,Deliver_Action_Data;Request_Action,3,4,0,0,1,1,0,1,0,0,1,0,2,30,0
test,mclaughlin-e_inbox44,data/test/mclaughlin-e_inbox44.json,2,2,0,6,5,Amend_Data;Deliver_Action_Data;Deliver_Data;Request_Action;Request_Data,2,1,1,1,2,0,1,1,0,0,0,0,2,51,0
test,mims-thurston-p_inbox161,data/test/mims-thurston-p_inbox161.json,5,5,0,13,7,Deliver_Action_Data;Deliver_Meeting_Data;Request_Action_Data;Request_Data,0,9,0,0,0,1,1,0,0,0,0,1,5,9,0
test,mims-thurston-p_inbox286,data/test/mims-thurston-p_inbox286.json,2,2,0,2,2,Deliver_Data;Request_Action,1,0,0,0,1,1,0,0,0,0,0,1,2,9,0
test,mims-thurston-p_inbox_219,data/test/mims-thurston-p_inbox_219.json,2,2,0,3,3,Deliver_Action_Data;Deliver_Data,0,2,0,0,1,1,2,0,0,0,0,0,2,6,0
test,nemec-g_inbox1314,data/test/nemec-g_inbox1314.json,3,3,0,6,4,Deliver_Meeting_Data;Request_Data,0,0,0,0,0,0,1,0,0,0,0,0,3,6,0
test,nemec-g_inbox334,data/test/nemec-g_inbox334.json,2,2,0,8,3,Amend_Data;Deliver_Action_Data,0,6,2,0,1,1,0,0,0,1,1,1,2,6,0
test,nemec-g_inbox854,data/test/nemec-g_inbox854.json,3,3,0,12,6,Deliver_Action_Data;Deliver_Data;Request_Data;Request_Meeting,0,9,0,0,1,2,1,0,0,0,0,1,3,16,0
test,nemec-g_inbox983,data/test/nemec-g_inbox983.json,2,2,0,5,4,Deliver_Action_Data;Deliver_Data;Request_Action_Data,0,1,0,0,2,1,1,0,0,0,0,1,2,6,0
test,parks-j_inbox280,data/test/parks-j_inbox280.json,2,2,0,13,4,Deliver_Action_Data;Deliver_Data;Deliver_Meeting_Data;Request_Action_Data,0,9,0,0,1,1,0,2,0,0,0,0,3,12,0
test,parks-j_inbox321,data/test/parks-j_inbox321.json,2,2,0,3,2,Deliver_Data;Request_Data,0,0,0,0,1,0,0,0,1,1,1,0,2,4,0
test,parks-j_inbox_108,data/test/parks-j_inbox_108.json,2,2,0,4,4,Deliver_Data;Deliver_Meeting_Data,0,0,0,0,2,1,2,1,0,0,0,0,2,5,0
test,parks-j_inbox_147,data/test/parks-j_inbox_147.json,7,7,0,7,7,Deliver_Action_Data;Deliver_Data;Request_Action,4,1,0,1,3,1,3,0,0,0,1,0,8,46,0
test,rapp-b_inbox279,data/test/rapp-b_inbox279.json,3,3,0,8,5,Deliver_Action_Data;Deliver_Data;Request_Action;Request_Data,1,3,0,0,1,1,0,1,0,0,0,1,3,24,0
test,rapp-b_inbox_125,data/test/rapp-b_inbox_125.json,2,2,0,2,2,Deliver_Data;Request_Action,1,0,0,0,2,0,0,1,0,0,0,0,2,12,0
test,rapp-b_inbox_199,data/test/rapp-b_inbox_199.json,3,2,1,5,4,Amend_Data;Deliver_Data;Request_Data,0,0,1,0,1,1,2,2,0,2,1,0,3,11,0
test,rapp-b_inbox_319,data/test/rapp-b_inbox_319.json,2,2,0,3,2,Deliver_Action_Data;Deliver_Data,0,2,0,0,1,1,0,1,0,1,0,0,2,31,0
test,reitmeyer-j_inbox143,data/test/reitmeyer-j_inbox143.json,2,1,1,3,1,Deliver_Action_Data,0,3,0,0,1,1,1,0,0,1,1,1,3,6,0
test,reitmeyer-j_inbox38,data/test/reitmeyer-j_inbox38.json,2,1,1,9,3,Deliver_Action_Data;Request_Action;Request_Data,1,6,0,0,1,1,1,1,0,0,0,0,2,4,0
test,reitmeyer-j_inbox390,data/test/reitmeyer-j_inbox390.json,2,1,1,4,2,Deliver_Action_Data;Request_Action,1,3,0,0,1,0,0,0,0,0,0,0,2,17,0
test,reitmeyer-j_inbox45,data/test/reitmeyer-j_inbox45.json,2,2,0,4,2,Deliver_Action_Data,0,4,0,0,1,2,0,1,0,0,0,0,2,6,0
test,sager-e_inbox727,data/test/sager-e_inbox727.json,2,2,0,2,2,Deliver_Data;Request_Action,1,0,0,0,1,0,0,1,0,0,0,0,2,3,0
test,sager-e_inbox826,data/test/sager-e_inbox826.json,2,1,1,3,2,Deliver_Action_Data;Deliver_Data,0,2,0,0,1,0,0,1,0,0,0,0,2,6,0
test,sager-e_inbox996,data/test/sager-e_inbox996.json,3,1,2,2,2,Deliver_Data;Request_Data,0,0,0,0,1,0,0,1,0,0,0,0,3,10,0
test,salisbury-h_inbox662,data/test/salisbury-h_inbox662.json,2,2,0,8,3,Deliver_Data;Request_Action;Request_Data,1,0,0,0,2,1,0,0,0,0,0,0,2,5,0
test,salisbury-h_inbox742,data/test/salisbury-h_inbox742.json,2,2,0,4,3,Deliver_Action_Data;Deliver_Data;Request_Data,0,2,0,0,1,0,0,0,0,0,0,0,2,6,0
test,schoolcraft-d_inbox_80,data/test/schoolcraft-d_inbox_80.json,2,2,0,3,2,Deliver_Meeting_Data,0,0,0,0,1,2,1,0,0,0,0,0,2,12,0
test,schoolcraft-d_inbox_junk33,data/test/schoolcraft-d_inbox_junk33.json,4,4,0,9,6,Deliver_Action_Data;Deliver_Data;Request_Action,3,5,0,0,2,0,1,0,0,1,0,0,4,14,0
test,schoolcraft-d_inbox_junk508,data/test/schoolcraft-d_inbox_junk508.json,2,1,1,1,1,Deliver_Data,0,0,0,0,1,0,0,1,0,0,0,0,2,23,0
test,scott-s_inbox_15,data/test/scott-s_inbox_15.json,3,3,0,12,6,Deliver_Action_Data;Request_Data;Request_Meeting,0,8,0,0,2,2,0,0,0,0,0,2,3,7,0
test,scott-s_inbox_361,data/test/scott-s_inbox_361.json,3,3,0,1,1,Request_Action,1,0,0,0,1,0,1,1,0,0,0,0,3,8,0
test,scott-s_inbox_69,data/test/scott-s_inbox_69.json,5,5,0,12,8,Deliver_Action_Data;Deliver_Data;Request_Action;Request_Action_Data;Request_Data,2,6,0,0,2,2,0,0,0,0,0,0,5,9,0
test,shackleton-s_inbox370,data/test/shackleton-s_inbox370.json,2,2,0,5,5,Deliver_Action_Data;Deliver_Data;Request_Action;Request_Data,1,2,0,0,2,1,0,1,1,1,0,2,2,7,0
test,skilling-j_inbox169,data/test/skilling-j_inbox169.json,2,1,1,2,2,Deliver_Action_Data;Deliver_Meeting_Data,0,1,0,0,0,0,0,0,0,0,0,0,2,4,0
test,skilling-j_inbox_1140,data/test/skilling-j_inbox_1140.json,2,2,0,4,4,Deliver_Action_Data;Deliver_Meeting_Data;Request_Meeting,0,1,0,0,2,0,0,0,1,1,0,0,3,4,0
test,skilling-j_inbox_245,data/test/skilling-j_inbox_245.json,2,2,0,3,3,Deliver_Data;Deliver_Meeting_Data,0,0,0,0,1,2,0,1,0,0,0,0,2,6,0
test,smith-m_inbox76,data/test/smith-m_inbox76.json,2,2,0,5,4,Deliver_Action_Data;Deliver_Data;Request_Data,0,1,0,0,2,0,0,2,0,0,0,0,2,3,0
test,steffes-j_inbox142,data/test/steffes-j_inbox142.json,2,2,0,2,1,Deliver_Action_Data,0,2,0,0,1,1,0,0,0,0,0,0,2,9,0
test,steffes-j_inbox169,data/test/steffes-j_inbox169.json,2,2,0,6,4,Deliver_Action_Data;Deliver_Data;Request_Action;Request_Data,3,1,0,0,1,0,1,0,0,0,0,0,2,6,0
test,steffes-j_inbox249,data/test/steffes-j_inbox249.json,3,3,0,8,6,Deliver_Action_Data;Deliver_Data;Request_Action;Request_Data,4,2,0,0,3,0,1,2,0,0,0,0,3,27,0
test,steffes-j_inbox282,data/test/steffes-j_inbox282.json,2,2,0,6,5,Deliver_Action_Data;Deliver_Data;Deliver_Meeting_Data;Request_Action,1,2,0,0,1,1,0,1,0,1,0,0,2,24,0
test,steffes-j_inbox291,data/test/steffes-j_inbox291.json,2,2,0,6,6,Amend_Data;Deliver_Action_Data;Deliver_Data;Request_Data;Request_Meeting,0,2,1,0,1,1,0,0,1,0,0,0,2,8,0
test,steffes-j_inbox313,data/test/steffes-j_inbox313.json,5,5,0,10,9,Amend_Meeting_Data;Deliver_Data;Deliver_Meeting_Data;Request_Data;Request_Meeting;Request_Meeting_Data,0,0,2,0,2,2,1,0,1,1,1,1,5,7,0
test,steffes-j_inbox386,data/test/steffes-j_inbox386.json,2,2,0,12,5,Deliver_Action_Data;Deliver_Data;Request_Action;Request_Action_Data,7,2,0,0,1,0,0,1,0,1,0,1,2,38,0
test,steffes-j_inbox58,data/test/steffes-j_inbox58.json,3,3,0,5,5,Amend_Meeting_Data;Deliver_Meeting_Data;Request_Meeting;Request_Meeting_Data,0,0,2,0,2,1,1,0,1,1,1,0,3,7,0
test,taylor-m_inbox_lisa_j35,data/test/taylor-m_inbox_lisa_j35.json,2,2,0,6,3,Deliver_Action_Data;Deliver_Data;Request_Data,0,1,0,0,1,1,1,2,0,1,0,0,2,7,0
test,taylor-m_inbox_trevor6,data/test/taylor-m_inbox_trevor6.json,3,3,0,6,4,Deliver_Action_Data;Deliver_Data;Request_Action;Request_Data,2,1,0,0,1,0,0,2,0,0,0,0,3,8,0
test,tycholiz-b_inbox246,data/test/tycholiz-b_inbox246.json,4,4,0,8,7,Deliver_Action_Data;Deliver_Meeting_Data;Request_Action;Request_Data,2,3,0,0,2,1,1,1,0,0,0,0,4,10,0
test,tycholiz-b_inbox258,data/test/tycholiz-b_inbox258.json,2,1,1,4,2,Deliver_Action_Data;Deliver_Meeting_Data,0,3,0,0,1,1,0,0,0,0,0,0,2,7,0
test,tycholiz-b_inbox272,data/test/tycholiz-b_inbox272.json,2,2,0,5,4,Deliver_Action_Data;Deliver_Data;Deliver_Meeting_Data,0,1,0,0,1,1,2,0,0,0,0,0,2,5,0
test,tycholiz-b_inbox77,data/test/tycholiz-b_inbox77.json,2,2,0,12,4,Deliver_Action_Data;Deliver_Data;Request_Action,1,4,0,0,1,1,0,1,0,0,0,0,2,12,0
test,ward-k_inbox139,data/test/ward-k_inbox139.json,2,2,0,4,3,Deliver_Action_Data;Deliver_Data;Request_Data,0,2,0,0,2,1,0,0,0,0,0,0,2,46,0
test,ward-k_inbox320,data/test/ward-k_inbox320.json,3,3,0,5,5,Deliver_Action_Data;Deliver_Data;Deliver_Meeting_Data;Request_Action,1,1,0,1,3,3,0,1,1,1,1,0,3,7,0
test,watson-k_inbox311,data/test/watson-k_inbox311.json,2,2,0,3,3,Deliver_Action_Data;Request_Action;Request_Data,1,1,0,0,0,0,1,0,0,0,0,0,2,6,0
test,watson-k_inbox330,data/test/watson-k_inbox330.json,2,1,1,4,3,Deliver_Action_Data;Request_Action;Request_Data,1,2,0,0,1,0,0,0,0,1,0,0,2,17,0
test,watson-k_inbox466,data/test/watson-k_inbox466.json,2,2,0,3,2,Deliver_Action_Data;Request_Action,2,1,0,0,1,0,1,1,0,0,0,0,2,22,0
test,watson-k_inbox504,data/test/watson-k_inbox504.json,2,2,0,12,5,Deliver_Action_Data;Deliver_Meeting_Data;Request_Action,2,6,0,0,2,0,1,0,0,0,0,0,2,6,0
test,white-s_inbox112,data/test/white-s_inbox112.json,3,1,2,2,2,Deliver_Action_Data;Request_Meeting,0,1,0,0,1,0,1,0,0,0,0,1,3,19,0
test,white-s_inbox117,data/test/white-s_inbox117.json,2,2,0,11,7,Deliver_Action_Data;Deliver_Data;Deliver_Meeting_Data;Request_Action;Request_Data;Request_Meeting,3,3,0,0,2,1,2,0,0,1,0,0,2,7,0
test,white-s_inbox210,data/test/white-s_inbox210.json,3,3,0,4,4,Deliver_Action_Data;Deliver_Data;Request_Action,1,2,0,0,3,2,1,0,0,0,0,0,3,154,0
test,white-s_inbox389,data/test/white-s_inbox389.json,2,2,0,4,4,Deliver_Data;Deliver_Meeting_Data;Request_Action;Request_Data,1,0,0,0,1,1,0,1,0,0,0,0,2,6,0
test,white-s_inbox85,data/test/white-s_inbox85.json,2,2,0,6,4,Deliver_Action_Data;Deliver_Meeting_Data;Request_Action;Request_Meeting,2,1,0,0,1,1,1,1,0,0,0,0,2,28,0
test,whitt-m_inbox281,data/test/whitt-m_inbox281.json,2,2,0,2,2,Deliver_Action_Data;Request_Action,1,1,0,1,1,0,0,1,0,0,0,0,2,6,0
test,whitt-m_inbox285,data/test/whitt-m_inbox285.json,2,2,0,7,5,Deliver_Action_Data;Deliver_Data;Request_Action,3,3,0,0,2,2,1,2,0,1,0,0,2,6,0
test,wolfe-j_inbox116,data/test/wolfe-j_inbox116.json,5,5,0,4,4,Deliver_Action_Data;Deliver_Meeting_Data;Request_Meeting,0,2,0,0,0,0,3,0,0,0,0,0,5,15,0
test,wolfe-j_inbox126,data/test/wolfe-j_inbox126.json,3,3,0,5,3,Deliver_Action_Data;Request_Action,1,4,0,1,2,0,1,1,0,1,0,0,3,6,0
test,wolfe-j_inbox21,data/test/wolfe-j_inbox21.json,3,3,0,4,4,Deliver_Action_Data;Request_Data,0,3,0,0,1,0,1,0,0,0,0,0,3,6,0
test,wolfe-j_inbox249,data/test/wolfe-j_inbox249.json,3,3,0,4,3,Amend_Meeting_Data;Deliver_Action_Data;Deliver_Meeting_Data,0,2,1,0,0,0,1,0,0,0,0,0,3,100,0
test,wolfe-j_inbox266,data/test/wolfe-j_inbox266.json,3,3,0,7,5,Deliver_Action_Data;Request_Action;Request_Action_Data;Request_Data,1,3,0,1,2,0,1,0,1,1,1,0,3,6,0
test,ybarbo-p_inbox286,data/test/ybarbo-p_inbox286.json,3,3,0,6,6,Amend_Data;Deliver_Action_Data;Request_Action;Request_Data,2,2,1,0,2,2,0,0,0,0,0,1,3,17,0
test,ybarbo-p_inbox4,data/test/ybarbo-p_inbox4.json,3,3,0,4,4,Deliver_Action_Data;Deliver_Data;Request_Action,1,2,0,1,1,0,0,0,0,0,0,1,3,9,0
test,ybarbo-p_inbox544,data/test/ybarbo-p_inbox544.json,2,2,0,4,3,Deliver_Data;Request_Action,2,0,0,0,1,0,0,1,0,0,0,1,2,15,0
