question_id,question_family,pilot_id,thread_id,task_id,scope,question,gold_answer,gold_structured,evidence_message_ids,difficulty_or_scope,negative_control
ISCMI-Q0001,OPEN_TASKS,P001,campbell-l_inbox1277,,thread,What tasks are still open in this conversation?,"OPEN: T2, T3, T4, T6","{""answer_type"":""task_set"",""none"":false,""state"":""OPEN"",""tasks"":[{""final_state"":""OPEN"",""last_transition"":""CREATE"",""task_id"":""T2""},{""final_state"":""OPEN"",""last_transition"":""CREATE"",""task_id"":""T3""},{""final_state"":""OPEN"",""last_transition"":""CREATE"",""task_id"":""T4""},{""final_state"":""OPEN"",""last_transition"":""CREATE"",""task_id"":""T6""}]}","[""campbell-l_inbox1277::turn_0"",""campbell-l_inbox1277::turn_3""]",thread_state_set,False
ISCMI-Q0002,OPEN_TASKS,P002,germany-c_inbox223,,thread,What tasks are still open in this conversation?,OPEN: T1,"{""answer_type"":""task_set"",""none"":false,""state"":""OPEN"",""tasks"":[{""final_state"":""OPEN"",""last_transition"":""CREATE"",""task_id"":""T1""}]}","[""germany-c_inbox223::turn_0""]",thread_state_set,False
ISCMI-Q0003,OPEN_TASKS,P003,crandell-s_inbox99,,thread,What tasks are still open in this conversation?,"OPEN: T1, T2","{""answer_type"":""task_set"",""none"":false,""state"":""OPEN"",""tasks"":[{""final_state"":""OPEN"",""last_transition"":""CONFIRM"",""task_id"":""T1""},{""final_state"":""OPEN"",""last_transition"":""CONFIRM"",""task_id"":""T2""}]}","[""crandell-s_inbox99::turn_0"",""crandell-s_inbox99::turn_1"",""crandell-s_inbox99::turn_2"",""crandell-s_inbox99::turn_3""]",thread_state_set,False
ISCMI-Q0004,OPEN_TASKS,P004,beck-s_inbox5,,thread,What tasks are still open in this conversation?,"OPEN: T1, T2, T4, T7, T8, T10","{""answer_type"":""task_set"",""none"":false,""state"":""OPEN"",""tasks"":[{""final_state"":""OPEN"",""last_transition"":""CREATE"",""task_id"":""T1""},{""final_state"":""OPEN"",""last_transition"":""CONFIRM"",""task_id"":""T2""},{""final_state"":""OPEN"",""last_transition"":""MODIFY"",""task_id"":""T4""},{""final_state"":""OPEN"",""last_transition"":""CONFIRM"",""task_id"":""T7""},{""final_state"":""OPEN"",""last_transition"":""CONFIRM"",""task_id"":""T8""},{""final_state"":""OPEN"",""last_transition"":""CREATE"",""task_id"":""T10""}]}","[""beck-s_inbox5::turn_0"",""beck-s_inbox5::turn_1""]",thread_state_set,False
ISCMI-Q0005,OPEN_TASKS,P005,heard-m_inbox85,,thread,What tasks are still open in this conversation?,"OPEN: T1, T3, T4, T5","{""answer_type"":""task_set"",""none"":false,""state"":""OPEN"",""tasks"":[{""final_state"":""OPEN"",""last_transition"":""NONE"",""task_id"":""T1""},{""final_state"":""OPEN"",""last_transition"":""CREATE"",""task_id"":""T3""},{""final_state"":""OPEN"",""last_transition"":""CREATE"",""task_id"":""T4""},{""final_state"":""OPEN"",""last_transition"":""CREATE"",""task_id"":""T5""}]}","[""heard-m_inbox85::turn_0"",""heard-m_inbox85::turn_1"",""heard-m_inbox85::turn_2"",""heard-m_inbox85::turn_3""]",thread_state_set,False
ISCMI-Q0006,OPEN_TASKS,P006,lavorato-j_inbox97,,thread,What tasks are still open in this conversation?,OPEN: T1,"{""answer_type"":""task_set"",""none"":false,""state"":""OPEN"",""tasks"":[{""final_state"":""OPEN"",""last_transition"":""CONFIRM"",""task_id"":""T1""}]}","[""lavorato-j_inbox97::turn_0"",""lavorato-j_inbox97::turn_1"",""lavorato-j_inbox97::turn_2"",""lavorato-j_inbox97::turn_3""]",thread_state_set,False
ISCMI-Q0007,OPEN_TASKS,P007,schoolcraft-d_inbox_junk648,,thread,What tasks are still open in this conversation?,"OPEN: T1, T3, T4","{""answer_type"":""task_set"",""none"":false,""state"":""OPEN"",""tasks"":[{""final_state"":""OPEN"",""last_transition"":""MODIFY"",""task_id"":""T1""},{""final_state"":""OPEN"",""last_transition"":""CREATE"",""task_id"":""T3""},{""final_state"":""OPEN"",""last_transition"":""CREATE"",""task_id"":""T4""}]}","[""schoolcraft-d_inbox_junk648::turn_0"",""schoolcraft-d_inbox_junk648::turn_1"",""schoolcraft-d_inbox_junk648::turn_2"",""schoolcraft-d_inbox_junk648::turn_3""]",thread_state_set,False
ISCMI-Q0008,OPEN_TASKS,P008,kaminski-v_inbox_254,,thread,What tasks are still open in this conversation?,"OPEN: T2, T3, T4, T5, T6","{""answer_type"":""task_set"",""none"":false,""state"":""OPEN"",""tasks"":[{""final_state"":""OPEN"",""last_transition"":""NONE"",""task_id"":""T2""},{""final_state"":""OPEN"",""last_transition"":""CONFIRM"",""task_id"":""T3""},{""final_state"":""OPEN"",""last_transition"":""CREATE"",""task_id"":""T4""},{""final_state"":""OPEN"",""last_transition"":""CREATE"",""task_id"":""T5""},{""final_state"":""OPEN"",""last_transition"":""CREATE"",""task_id"":""T6""}]}","[""kaminski-v_inbox_254::turn_1"",""kaminski-v_inbox_254::turn_2"",""kaminski-v_inbox_254::turn_3"",""kaminski-v_inbox_254::turn_4""]",thread_state_set,False
ISCMI-Q0009,OPEN_TASKS,P009,kaminski-v_inbox254,,thread,What tasks are still open in this conversation?,"OPEN: T2, T3, T4, T5, T6","{""answer_type"":""task_set"",""none"":false,""state"":""OPEN"",""tasks"":[{""final_state"":""OPEN"",""last_transition"":""NONE"",""task_id"":""T2""},{""final_state"":""OPEN"",""last_transition"":""CONFIRM"",""task_id"":""T3""},{""final_state"":""OPEN"",""last_transition"":""CREATE"",""task_id"":""T4""},{""final_state"":""OPEN"",""last_transition"":""CREATE"",""task_id"":""T5""},{""final_state"":""OPEN"",""last_transition"":""CREATE"",""task_id"":""T6""}]}","[""kaminski-v_inbox254::turn_1"",""kaminski-v_inbox254::turn_2"",""kaminski-v_inbox254::turn_3"",""kaminski-v_inbox254::turn_4""]",thread_state_set,False
ISCMI-Q0010,OPEN_TASKS,P010,blair-l_inbox164,,thread,What tasks are still open in this conversation?,NONE,"{""answer_type"":""task_set"",""none"":true,""state"":""OPEN"",""tasks"":[]}","[""blair-l_inbox164::turn_0"",""blair-l_inbox164::turn_1"",""blair-l_inbox164::turn_2""]",thread_state_set,True
ISCMI-Q0011,OPEN_TASKS,P011,schoolcraft-d_inbox_junk289,,thread,What tasks are still open in this conversation?,"OPEN: T1, T2, T3, T4, T5, T6, T7","{""answer_type"":""task_set"",""none"":false,""state"":""OPEN"",""tasks"":[{""final_state"":""OPEN"",""last_transition"":""MODIFY"",""task_id"":""T1""},{""final_state"":""OPEN"",""last_transition"":""CREATE"",""task_id"":""T2""},{""final_state"":""OPEN"",""last_transition"":""CREATE"",""task_id"":""T3""},{""final_state"":""OPEN"",""last_transition"":""CREATE"",""task_id"":""T4""},{""final_state"":""OPEN"",""last_transition"":""CREATE"",""task_id"":""T5""},{""final_state"":""OPEN"",""last_transition"":""CREATE"",""task_id"":""T6""},{""final_state"":""OPEN"",""last_transition"":""CREATE"",""task_id"":""T7""}]}","[""schoolcraft-d_inbox_junk289::turn_0"",""schoolcraft-d_inbox_junk289::turn_2""]",thread_state_set,False
ISCMI-Q0012,OPEN_TASKS,P012,rapp-b_inbox_397,,thread,What tasks are still open in this conversation?,"OPEN: T1, T3, T4, T5, T6","{""answer_type"":""task_set"",""none"":false,""state"":""OPEN"",""tasks"":[{""final_state"":""OPEN"",""last_transition"":""CREATE"",""task_id"":""T1""},{""final_state"":""OPEN"",""last_transition"":""CREATE"",""task_id"":""T3""},{""final_state"":""OPEN"",""last_transition"":""CREATE"",""task_id"":""T4""},{""final_state"":""OPEN"",""last_transition"":""MODIFY"",""task_id"":""T5""},{""final_state"":""OPEN"",""last_transition"":""CREATE"",""task_id"":""T6""}]}","[""rapp-b_inbox_397::turn_1"",""rapp-b_inbox_397::turn_2""]",thread_state_set,False
ISCMI-Q0013,OPEN_TASKS,P013,blair-l_inbox40,,thread,What tasks are still open in this conversation?,"OPEN: T2, T3, T4, T5, T6","{""answer_type"":""task_set"",""none"":false,""state"":""OPEN"",""tasks"":[{""final_state"":""OPEN"",""last_transition"":""CONFIRM"",""task_id"":""T2""},{""final_state"":""OPEN"",""last_transition"":""CREATE"",""task_id"":""T3""},{""final_state"":""OPEN"",""last_transition"":""CREATE"",""task_id"":""T4""},{""final_state"":""OPEN"",""last_transition"":""CREATE"",""task_id"":""T5""},{""final_state"":""OPEN"",""last_transition"":""CREATE"",""task_id"":""T6""}]}","[""blair-l_inbox40::turn_1"",""blair-l_inbox40::turn_2"",""blair-l_inbox40::turn_3""]",thread_state_set,False
ISCMI-Q0014,OPEN_TASKS,P014,wolfe-j_inbox73,,thread,What tasks are still open in this conversation?,"OPEN: T2, T3, T4","{""answer_type"":""task_set"",""none"":false,""state"":""OPEN"",""tasks"":[{""final_state"":""OPEN"",""last_transition"":""CONFIRM"",""task_id"":""T2""},{""final_state"":""OPEN"",""last_transition"":""CREATE"",""task_id"":""T3""},{""final_state"":""OPEN"",""last_transition"":""CREATE"",""task_id"":""T4""}]}","[""wolfe-j_inbox73::turn_1"",""wolfe-j_inbox73::turn_2"",""wolfe-j_inbox73::turn_3"",""wolfe-j_inbox73::turn_4""]",thread_state_set,False
ISCMI-Q0015,OPEN_TASKS,P015,watson-k_inbox347,,thread,What tasks are still open in this conversation?,"OPEN: T3, T4, T5","{""answer_type"":""task_set"",""none"":false,""state"":""OPEN"",""tasks"":[{""final_state"":""OPEN"",""last_transition"":""CREATE"",""task_id"":""T3""},{""final_state"":""OPEN"",""last_transition"":""CREATE"",""task_id"":""T4""},{""final_state"":""OPEN"",""last_transition"":""CREATE"",""task_id"":""T5""}]}","[""watson-k_inbox347::turn_2"",""watson-k_inbox347::turn_3"",""watson-k_inbox347::turn_4""]",thread_state_set,False
ISCMI-Q0016,OPEN_TASKS,P016,buy-r_inbox716,,thread,What tasks are still open in this conversation?,"OPEN: T1, T2, T4, T5, T6","{""answer_type"":""task_set"",""none"":false,""state"":""OPEN"",""tasks"":[{""final_state"":""OPEN"",""last_transition"":""CREATE"",""task_id"":""T1""},{""final_state"":""OPEN"",""last_transition"":""CREATE"",""task_id"":""T2""},{""final_state"":""OPEN"",""last_transition"":""CONFIRM"",""task_id"":""T4""},{""final_state"":""OPEN"",""last_transition"":""CREATE"",""task_id"":""T5""},{""final_state"":""OPEN"",""last_transition"":""CREATE"",""task_id"":""T6""}]}","[""buy-r_inbox716::turn_0"",""buy-r_inbox716::turn_2"",""buy-r_inbox716::turn_3""]",thread_state_set,False
ISCMI-Q0017,OPEN_TASKS,P017,ward-k_inbox310,,thread,What tasks are still open in this conversation?,"OPEN: T1, T2, T3, T4","{""answer_type"":""task_set"",""none"":false,""state"":""OPEN"",""tasks"":[{""final_state"":""OPEN"",""last_transition"":""CREATE"",""task_id"":""T1""},{""final_state"":""OPEN"",""last_transition"":""CREATE"",""task_id"":""T2""},{""final_state"":""OPEN"",""last_transition"":""CONFIRM"",""task_id"":""T3""},{""final_state"":""OPEN"",""last_transition"":""CREATE"",""task_id"":""T4""}]}","[""ward-k_inbox310::turn_0"",""ward-k_inbox310::turn_1"",""ward-k_inbox310::turn_2"",""ward-k_inbox310::turn_3""]",thread_state_set,False
ISCMI-Q0018,OPEN_TASKS,P018,lavorato-j_inbox15,,thread,What tasks are still open in this conversation?,"OPEN: T1, T2","{""answer_type"":""task_set"",""none"":false,""state"":""OPEN"",""tasks"":[{""final_state"":""OPEN"",""last_transition"":""CREATE"",""task_id"":""T1""},{""final_state"":""OPEN"",""last_transition"":""CREATE"",""task_id"":""T2""}]}","[""lavorato-j_inbox15::turn_1""]",thread_state_set,False
ISCMI-Q0019,OPEN_TASKS,P019,hernandez-j_inbox268,,thread,What tasks are still open in this conversation?,"OPEN: T3, T4","{""answer_type"":""task_set"",""none"":false,""state"":""OPEN"",""tasks"":[{""final_state"":""OPEN"",""last_transition"":""CREATE"",""task_id"":""T3""},{""final_state"":""OPEN"",""last_transition"":""CREATE"",""task_id"":""T4""}]}","[""hernandez-j_inbox268::turn_2"",""hernandez-j_inbox268::turn_3""]",thread_state_set,False
ISCMI-Q0020,OPEN_TASKS,P020,mims-thurston-p_inbox272,,thread,What tasks are still open in this conversation?,"OPEN: T1, T2","{""answer_type"":""task_set"",""none"":false,""state"":""OPEN"",""tasks"":[{""final_state"":""OPEN"",""last_transition"":""MODIFY"",""task_id"":""T1""},{""final_state"":""OPEN"",""last_transition"":""CREATE"",""task_id"":""T2""}]}","[""mims-thurston-p_inbox272::turn_0"",""mims-thurston-p_inbox272::turn_1""]",thread_state_set,False
ISCMI-Q0021,OPEN_TASKS,P021,geaccone-t_inbox237,,thread,What tasks are still open in this conversation?,OPEN: T4,"{""answer_type"":""task_set"",""none"":false,""state"":""OPEN"",""tasks"":[{""final_state"":""OPEN"",""last_transition"":""CREATE"",""task_id"":""T4""}]}","[""geaccone-t_inbox237::turn_4""]",thread_state_set,False
ISCMI-Q0022,OPEN_TASKS,P022,dasovich-j_inbox1731,,thread,What tasks are still open in this conversation?,"OPEN: T2, T3","{""answer_type"":""task_set"",""none"":false,""state"":""OPEN"",""tasks"":[{""final_state"":""OPEN"",""last_transition"":""CONFIRM"",""task_id"":""T2""},{""final_state"":""OPEN"",""last_transition"":""CREATE"",""task_id"":""T3""}]}","[""dasovich-j_inbox1731::turn_1"",""dasovich-j_inbox1731::turn_3""]",thread_state_set,False
ISCMI-Q0023,OPEN_TASKS,P023,ybarbo-p_inbox125,,thread,What tasks are still open in this conversation?,"OPEN: T1, T2, T3","{""answer_type"":""task_set"",""none"":false,""state"":""OPEN"",""tasks"":[{""final_state"":""OPEN"",""last_transition"":""CREATE"",""task_id"":""T1""},{""final_state"":""OPEN"",""last_transition"":""MODIFY"",""task_id"":""T2""},{""final_state"":""OPEN"",""last_transition"":""CREATE"",""task_id"":""T3""}]}","[""ybarbo-p_inbox125::turn_0"",""ybarbo-p_inbox125::turn_2"",""ybarbo-p_inbox125::turn_3""]",thread_state_set,False
ISCMI-Q0024,OPEN_TASKS,P024,kaminski-v_inbox687,,thread,What tasks are still open in this conversation?,OPEN: T2,"{""answer_type"":""task_set"",""none"":false,""state"":""OPEN"",""tasks"":[{""final_state"":""OPEN"",""last_transition"":""CONFIRM"",""task_id"":""T2""}]}","[""kaminski-v_inbox687::turn_1"",""kaminski-v_inbox687::turn_2"",""kaminski-v_inbox687::turn_3""]",thread_state_set,False
ISCMI-Q0025,OPEN_TASKS,P025,mccarty-d_inbox96,,thread,What tasks are still open in this conversation?,"OPEN: T2, T4","{""answer_type"":""task_set"",""none"":false,""state"":""OPEN"",""tasks"":[{""final_state"":""OPEN"",""last_transition"":""CREATE"",""task_id"":""T2""},{""final_state"":""OPEN"",""last_transition"":""CREATE"",""task_id"":""T4""}]}","[""mccarty-d_inbox96::turn_1"",""mccarty-d_inbox96::turn_3""]",thread_state_set,False
ISCMI-Q0026,OPEN_TASKS,P026,campbell-l_inbox1169,,thread,What tasks are still open in this conversation?,OPEN: T1,"{""answer_type"":""task_set"",""none"":false,""state"":""OPEN"",""tasks"":[{""final_state"":""OPEN"",""last_transition"":""CREATE"",""task_id"":""T1""}]}","[""campbell-l_inbox1169::turn_1""]",thread_state_set,False
ISCMI-Q0027,OPEN_TASKS,P027,mclaughlin-e_inbox163,,thread,What tasks are still open in this conversation?,NONE,"{""answer_type"":""task_set"",""none"":true,""state"":""OPEN"",""tasks"":[]}","[""mclaughlin-e_inbox163::turn_0"",""mclaughlin-e_inbox163::turn_1""]",thread_state_set,True
ISCMI-Q0028,OPEN_TASKS,P028,germany-c_inbox27,,thread,What tasks are still open in this conversation?,NONE,"{""answer_type"":""task_set"",""none"":true,""state"":""OPEN"",""tasks"":[]}","[""germany-c_inbox27::turn_0"",""germany-c_inbox27::turn_1"",""germany-c_inbox27::turn_2"",""germany-c_inbox27::turn_3"",""germany-c_inbox27::turn_4"",""germany-c_inbox27::turn_5"",""germany-c_inbox27::turn_6"",""germany-c_inbox27::turn_7""]",thread_state_set,True
ISCMI-Q0029,OPEN_TASKS,P029,rapp-b_inbox273,,thread,What tasks are still open in this conversation?,OPEN: T5,"{""answer_type"":""task_set"",""none"":false,""state"":""OPEN"",""tasks"":[{""final_state"":""OPEN"",""last_transition"":""CREATE"",""task_id"":""T5""}]}","[""rapp-b_inbox273::turn_3""]",thread_state_set,False
ISCMI-Q0030,OPEN_TASKS,P030,watson-k_inbox9,,thread,What tasks are still open in this conversation?,"OPEN: T1, T2, T3","{""answer_type"":""task_set"",""none"":false,""state"":""OPEN"",""tasks"":[{""final_state"":""OPEN"",""last_transition"":""CONFIRM"",""task_id"":""T1""},{""final_state"":""OPEN"",""last_transition"":""CREATE"",""task_id"":""T2""},{""final_state"":""OPEN"",""last_transition"":""CREATE"",""task_id"":""T3""}]}","[""watson-k_inbox9::turn_0"",""watson-k_inbox9::turn_1"",""watson-k_inbox9::turn_2"",""watson-k_inbox9::turn_3""]",thread_state_set,False
ISCMI-Q0031,OPEN_TASKS,P031,buy-r_inbox396,,thread,What tasks are still open in this conversation?,"OPEN: T1, T2, T3, T5, T6","{""answer_type"":""task_set"",""none"":false,""state"":""OPEN"",""tasks"":[{""final_state"":""OPEN"",""last_transition"":""MODIFY"",""task_id"":""T1""},{""final_state"":""OPEN"",""last_transition"":""CREATE"",""task_id"":""T2""},{""final_state"":""OPEN"",""last_transition"":""CREATE"",""task_id"":""T3""},{""final_state"":""OPEN"",""last_transition"":""CREATE"",""task_id"":""T5""},{""final_state"":""OPEN"",""last_transition"":""CREATE"",""task_id"":""T6""}]}","[""buy-r_inbox396::turn_0"",""buy-r_inbox396::turn_1"",""buy-r_inbox396::turn_2"",""buy-r_inbox396::turn_3""]",thread_state_set,False
ISCMI-Q0032,OPEN_TASKS,P032,corman-s_inbox_archives142,,thread,What tasks are still open in this conversation?,"OPEN: T1, T2, T3, T4, T5, T6, T7, T8","{""answer_type"":""task_set"",""none"":false,""state"":""OPEN"",""tasks"":[{""final_state"":""OPEN"",""last_transition"":""MODIFY"",""task_id"":""T1""},{""final_state"":""OPEN"",""last_transition"":""CREATE"",""task_id"":""T2""},{""final_state"":""OPEN"",""last_transition"":""CREATE"",""task_id"":""T3""},{""final_state"":""OPEN"",""last_transition"":""CREATE"",""task_id"":""T4""},{""final_state"":""OPEN"",""last_transition"":""CREATE"",""task_id"":""T5""},{""final_state"":""OPEN"",""last_transition"":""CREATE"",""task_id"":""T6""},{""final_state"":""OPEN"",""last_transition"":""CREATE"",""task_id"":""T7""},{""final_state"":""OPEN"",""last_transition"":""CREATE"",""task_id"":""T8""}]}","[""corman-s_inbox_archives142::turn_0"",""corman-s_inbox_archives142::turn_1"",""corman-s_inbox_archives142::turn_2""]",thread_state_set,False
ISCMI-Q0033,OPEN_TASKS,P033,sager-e_inbox522,,thread,What tasks are still open in this conversation?,"OPEN: T2, T4","{""answer_type"":""task_set"",""none"":false,""state"":""OPEN"",""tasks"":[{""final_state"":""OPEN"",""last_transition"":""MODIFY"",""task_id"":""T2""},{""final_state"":""OPEN"",""last_transition"":""CREATE"",""task_id"":""T4""}]}","[""sager-e_inbox522::turn_1"",""sager-e_inbox522::turn_2""]",thread_state_set,False
ISCMI-Q0034,OPEN_TASKS,P034,ward-k_inbox120,,thread,What tasks are still open in this conversation?,"OPEN: T2, T3, T4, T5, T6, T7, T8, T9, T10, T11","{""answer_type"":""task_set"",""none"":false,""state"":""OPEN"",""tasks"":[{""final_state"":""OPEN"",""last_transition"":""CREATE"",""task_id"":""T2""},{""final_state"":""OPEN"",""last_transition"":""CREATE"",""task_id"":""T3""},{""final_state"":""OPEN"",""last_transition"":""CREATE"",""task_id"":""T4""},{""final_state"":""OPEN"",""last_transition"":""CREATE"",""task_id"":""T5""},{""final_state"":""OPEN"",""last_transition"":""CREATE"",""task_id"":""T6""},{""final_state"":""OPEN"",""last_transition"":""CREATE"",""task_id"":""T7""},{""final_state"":""OPEN"",""last_transition"":""CREATE"",""task_id"":""T8""},{""final_state"":""OPEN"",""last_transition"":""CREATE"",""task_id"":""T9""},{""final_state"":""OPEN"",""last_transition"":""CREATE"",""task_id"":""T10""},{""final_state"":""OPEN"",""last_transition"":""CREATE"",""task_id"":""T11""}]}","[""ward-k_inbox120::turn_0"",""ward-k_inbox120::turn_1"",""ward-k_inbox120::turn_2""]",thread_state_set,False
ISCMI-Q0035,OPEN_TASKS,P035,heard-m_inbox_master_netting3,,thread,What tasks are still open in this conversation?,"OPEN: T1, T2, T3, T4, T5, T6, T7","{""answer_type"":""task_set"",""none"":false,""state"":""OPEN"",""tasks"":[{""final_state"":""OPEN"",""last_transition"":""CONFIRM"",""task_id"":""T1""},{""final_state"":""OPEN"",""last_transition"":""MODIFY"",""task_id"":""T2""},{""final_state"":""OPEN"",""last_transition"":""CREATE"",""task_id"":""T3""},{""final_state"":""OPEN"",""last_transition"":""CREATE"",""task_id"":""T4""},{""final_state"":""OPEN"",""last_transition"":""CREATE"",""task_id"":""T5""},{""final_state"":""OPEN"",""last_transition"":""CREATE"",""task_id"":""T6""},{""final_state"":""OPEN"",""last_transition"":""CREATE"",""task_id"":""T7""}]}","[""heard-m_inbox_master_netting3::turn_0"",""heard-m_inbox_master_netting3::turn_1""]",thread_state_set,False
ISCMI-Q0036,OPEN_TASKS,P036,mims-thurston-p_inbox348,,thread,What tasks are still open in this conversation?,"OPEN: T1, T2","{""answer_type"":""task_set"",""none"":false,""state"":""OPEN"",""tasks"":[{""final_state"":""OPEN"",""last_transition"":""CREATE"",""task_id"":""T1""},{""final_state"":""OPEN"",""last_transition"":""CREATE"",""task_id"":""T2""}]}","[""mims-thurston-p_inbox348::turn_0"",""mims-thurston-p_inbox348::turn_1""]",thread_state_set,False
ISCMI-Q0037,OPEN_TASKS,P037,schoolcraft-d_inbox_junk204,,thread,What tasks are still open in this conversation?,"OPEN: T1, T2, T3, T4, T6","{""answer_type"":""task_set"",""none"":false,""state"":""OPEN"",""tasks"":[{""final_state"":""OPEN"",""last_transition"":""CREATE"",""task_id"":""T1""},{""final_state"":""OPEN"",""last_transition"":""CREATE"",""task_id"":""T2""},{""final_state"":""OPEN"",""last_transition"":""CREATE"",""task_id"":""T3""},{""final_state"":""OPEN"",""last_transition"":""CREATE"",""task_id"":""T4""},{""final_state"":""OPEN"",""last_transition"":""CREATE"",""task_id"":""T6""}]}","[""schoolcraft-d_inbox_junk204::turn_0""]",thread_state_set,False
ISCMI-Q0038,OPEN_TASKS,P038,heard-m_inbox_48,,thread,What tasks are still open in this conversation?,"OPEN: T1, T2, T3, T4","{""answer_type"":""task_set"",""none"":false,""state"":""OPEN"",""tasks"":[{""final_state"":""OPEN"",""last_transition"":""NONE"",""task_id"":""T1""},{""final_state"":""OPEN"",""last_transition"":""CREATE"",""task_id"":""T2""},{""final_state"":""OPEN"",""last_transition"":""CREATE"",""task_id"":""T3""},{""final_state"":""OPEN"",""last_transition"":""CREATE"",""task_id"":""T4""}]}","[""heard-m_inbox_48::turn_0"",""heard-m_inbox_48::turn_1"",""heard-m_inbox_48::turn_2""]",thread_state_set,False
ISCMI-Q0039,OPEN_TASKS,P039,lokey-t_inbox578,,thread,What tasks are still open in this conversation?,"OPEN: T2, T3, T5, T6","{""answer_type"":""task_set"",""none"":false,""state"":""OPEN"",""tasks"":[{""final_state"":""OPEN"",""last_transition"":""CONFIRM"",""task_id"":""T2""},{""final_state"":""OPEN"",""last_transition"":""CREATE"",""task_id"":""T3""},{""final_state"":""OPEN"",""last_transition"":""NONE"",""task_id"":""T5""},{""final_state"":""OPEN"",""last_transition"":""CREATE"",""task_id"":""T6""}]}","[""lokey-t_inbox578::turn_1"",""lokey-t_inbox578::turn_2"",""lokey-t_inbox578::turn_3""]",thread_state_set,False
ISCMI-Q0040,OPEN_TASKS,P040,keiser-k_inbox166,,thread,What tasks are still open in this conversation?,"OPEN: T1, T4, T5, T9, T10","{""answer_type"":""task_set"",""none"":false,""state"":""OPEN"",""tasks"":[{""final_state"":""OPEN"",""last_transition"":""MODIFY"",""task_id"":""T1""},{""final_state"":""OPEN"",""last_transition"":""CONFIRM"",""task_id"":""T4""},{""final_state"":""OPEN"",""last_transition"":""MODIFY"",""task_id"":""T5""},{""final_state"":""OPEN"",""last_transition"":""CREATE"",""task_id"":""T9""},{""final_state"":""OPEN"",""last_transition"":""CREATE"",""task_id"":""T10""}]}","[""keiser-k_inbox166::turn_0"",""keiser-k_inbox166::turn_1"",""keiser-k_inbox166::turn_2"",""keiser-k_inbox166::turn_3""]",thread_state_set,False
ISCMI-Q0041,OPEN_TASKS,P041,watson-k_inbox440,,thread,What tasks are still open in this conversation?,OPEN: T2,"{""answer_type"":""task_set"",""none"":false,""state"":""OPEN"",""tasks"":[{""final_state"":""OPEN"",""last_transition"":""NONE"",""task_id"":""T2""}]}","[""watson-k_inbox440::turn_3"",""watson-k_inbox440::turn_4"",""watson-k_inbox440::turn_5""]",thread_state_set,False
ISCMI-Q0042,OPEN_TASKS,P042,lay-k_inbox187,,thread,What tasks are still open in this conversation?,"OPEN: T1, T2, T5","{""answer_type"":""task_set"",""none"":false,""state"":""OPEN"",""tasks"":[{""final_state"":""OPEN"",""last_transition"":""CREATE"",""task_id"":""T1""},{""final_state"":""OPEN"",""last_transition"":""CREATE"",""task_id"":""T2""},{""final_state"":""OPEN"",""last_transition"":""CREATE"",""task_id"":""T5""}]}","[""lay-k_inbox187::turn_0"",""lay-k_inbox187::turn_1""]",thread_state_set,False
ISCMI-Q0043,OPEN_TASKS,P043,lokey-t_inbox734,,thread,What tasks are still open in this conversation?,NONE,"{""answer_type"":""task_set"",""none"":true,""state"":""OPEN"",""tasks"":[]}","[""lokey-t_inbox734::turn_0"",""lokey-t_inbox734::turn_1""]",thread_state_set,True
ISCMI-Q0044,OPEN_TASKS,P044,steffes-j_inbox386,,thread,What tasks are still open in this conversation?,"OPEN: T4, T5, T6","{""answer_type"":""task_set"",""none"":false,""state"":""OPEN"",""tasks"":[{""final_state"":""OPEN"",""last_transition"":""CREATE"",""task_id"":""T4""},{""final_state"":""OPEN"",""last_transition"":""CREATE"",""task_id"":""T5""},{""final_state"":""OPEN"",""last_transition"":""CREATE"",""task_id"":""T6""}]}","[""steffes-j_inbox386::turn_0""]",thread_state_set,False
ISCMI-Q0045,OPEN_TASKS,P045,parks-j_inbox_147,,thread,What tasks are still open in this conversation?,"OPEN: T2, T3, T4, T5, T6, T7, T8, T9, T10, T11, T12","{""answer_type"":""task_set"",""none"":false,""state"":""OPEN"",""tasks"":[{""final_state"":""OPEN"",""last_transition"":""CREATE"",""task_id"":""T2""},{""final_state"":""OPEN"",""last_transition"":""CREATE"",""task_id"":""T3""},{""final_state"":""OPEN"",""last_transition"":""CREATE"",""task_id"":""T4""},{""final_state"":""OPEN"",""last_transition"":""CREATE"",""task_id"":""T5""},{""final_state"":""OPEN"",""last_transition"":""CREATE"",""task_id"":""T6""},{""final_state"":""OPEN"",""last_transition"":""CREATE"",""task_id"":""T7""},{""final_state"":""OPEN"",""last_transition"":""CREATE"",""task_id"":""T8""},{""final_state"":""OPEN"",""last_transition"":""CREATE"",""task_id"":""T9""},{""final_state"":""OPEN"",""last_transition"":""CREATE"",""task_id"":""T10""},{""final_state"":""OPEN"",""last_transition"":""CREATE"",""task_id"":""T11""},{""final_state"":""OPEN"",""last_transition"":""CREATE"",""task_id"":""T12""}]}","[""parks-j_inbox_147::turn_4"",""parks-j_inbox_147::turn_6""]",thread_state_set,False
ISCMI-Q0046,OPEN_TASKS,P046,heard-m_inbox102,,thread,What tasks are still open in this conversation?,"OPEN: T1, T2, T4, T5","{""answer_type"":""task_set"",""none"":false,""state"":""OPEN"",""tasks"":[{""final_state"":""OPEN"",""last_transition"":""CREATE"",""task_id"":""T1""},{""final_state"":""OPEN"",""last_transition"":""CONFIRM"",""task_id"":""T2""},{""final_state"":""OPEN"",""last_transition"":""CREATE"",""task_id"":""T4""},{""final_state"":""OPEN"",""last_transition"":""CREATE"",""task_id"":""T5""}]}","[""heard-m_inbox102::turn_0"",""heard-m_inbox102::turn_2""]",thread_state_set,False
ISCMI-Q0047,OPEN_TASKS,P047,nemec-g_inbox_21,,thread,What tasks are still open in this conversation?,"OPEN: T1, T2, T3","{""answer_type"":""task_set"",""none"":false,""state"":""OPEN"",""tasks"":[{""final_state"":""OPEN"",""last_transition"":""CREATE"",""task_id"":""T1""},{""final_state"":""OPEN"",""last_transition"":""CREATE"",""task_id"":""T2""},{""final_state"":""OPEN"",""last_transition"":""CREATE"",""task_id"":""T3""}]}","[""nemec-g_inbox_21::turn_0""]",thread_state_set,False
ISCMI-Q0048,OPEN_TASKS,P048,blair-l_inbox_180,,thread,What tasks are still open in this conversation?,"OPEN: T1, T2","{""answer_type"":""task_set"",""none"":false,""state"":""OPEN"",""tasks"":[{""final_state"":""OPEN"",""last_transition"":""CONFIRM"",""task_id"":""T1""},{""final_state"":""OPEN"",""last_transition"":""CREATE"",""task_id"":""T2""}]}","[""blair-l_inbox_180::turn_0"",""blair-l_inbox_180::turn_1""]",thread_state_set,False
ISCMI-Q0049,OPEN_TASKS,P049,derrick-j_inbox111,,thread,What tasks are still open in this conversation?,"OPEN: T2, T3","{""answer_type"":""task_set"",""none"":false,""state"":""OPEN"",""tasks"":[{""final_state"":""OPEN"",""last_transition"":""CREATE"",""task_id"":""T2""},{""final_state"":""OPEN"",""last_transition"":""CREATE"",""task_id"":""T3""}]}","[""derrick-j_inbox111::turn_0"",""derrick-j_inbox111::turn_1""]",thread_state_set,False
ISCMI-Q0050,OPEN_TASKS,P050,tycholiz-b_inbox333,,thread,What tasks are still open in this conversation?,"OPEN: T1, T2, T3","{""answer_type"":""task_set"",""none"":false,""state"":""OPEN"",""tasks"":[{""final_state"":""OPEN"",""last_transition"":""MODIFY"",""task_id"":""T1""},{""final_state"":""OPEN"",""last_transition"":""CREATE"",""task_id"":""T2""},{""final_state"":""OPEN"",""last_transition"":""CREATE"",""task_id"":""T3""}]}","[""tycholiz-b_inbox333::turn_0"",""tycholiz-b_inbox333::turn_1""]",thread_state_set,False
ISCMI-Q0051,CLOSED_TASKS,P001,campbell-l_inbox1277,,thread,Which tasks are no longer actionable in this conversation?,NONE,"{""answer_type"":""task_set"",""none"":true,""state"":""CLOSED"",""tasks"":[]}","[""campbell-l_inbox1277::turn_0"",""campbell-l_inbox1277::turn_1"",""campbell-l_inbox1277::turn_2"",""campbell-l_inbox1277::turn_3""]",thread_state_set,True
ISCMI-Q0052,CLOSED_TASKS,P002,germany-c_inbox223,,thread,Which tasks are no longer actionable in this conversation?,"CLOSED: T2 (COMPLETE), T3 (COMPLETE)","{""answer_type"":""task_set"",""none"":false,""state"":""CLOSED"",""tasks"":[{""closure_reason"":""COMPLETE"",""final_state"":""CLOSED"",""last_transition"":""COMPLETE"",""task_id"":""T2""},{""closure_reason"":""COMPLETE"",""final_state"":""CLOSED"",""last_transition"":""COMPLETE"",""task_id"":""T3""}]}","[""germany-c_inbox223::turn_0"",""germany-c_inbox223::turn_2"",""germany-c_inbox223::turn_3"",""germany-c_inbox223::turn_4"",""germany-c_inbox223::turn_5"",""germany-c_inbox223::turn_6""]",thread_state_set,False
ISCMI-Q0053,CLOSED_TASKS,P003,crandell-s_inbox99,,thread,Which tasks are no longer actionable in this conversation?,NONE,"{""answer_type"":""task_set"",""none"":true,""state"":""CLOSED"",""tasks"":[]}","[""crandell-s_inbox99::turn_0"",""crandell-s_inbox99::turn_1"",""crandell-s_inbox99::turn_2"",""crandell-s_inbox99::turn_3"",""crandell-s_inbox99::turn_4""]",thread_state_set,True
ISCMI-Q0054,CLOSED_TASKS,P004,beck-s_inbox5,,thread,Which tasks are no longer actionable in this conversation?,"CLOSED: T3 (COMPLETE), T5 (COMPLETE), T6 (COMPLETE)","{""answer_type"":""task_set"",""none"":false,""state"":""CLOSED"",""tasks"":[{""closure_reason"":""COMPLETE"",""final_state"":""CLOSED"",""last_transition"":""COMPLETE"",""task_id"":""T3""},{""closure_reason"":""COMPLETE"",""final_state"":""CLOSED"",""last_transition"":""COMPLETE"",""task_id"":""T5""},{""closure_reason"":""COMPLETE"",""final_state"":""CLOSED"",""last_transition"":""COMPLETE"",""task_id"":""T6""}]}","[""beck-s_inbox5::turn_0""]",thread_state_set,False
ISCMI-Q0055,CLOSED_TASKS,P005,heard-m_inbox85,,thread,Which tasks are no longer actionable in this conversation?,"CLOSED: T2 (COMPLETE), T6 (COMPLETE)","{""answer_type"":""task_set"",""none"":false,""state"":""CLOSED"",""tasks"":[{""closure_reason"":""COMPLETE"",""final_state"":""CLOSED"",""last_transition"":""COMPLETE"",""task_id"":""T2""},{""closure_reason"":""COMPLETE"",""final_state"":""CLOSED"",""last_transition"":""COMPLETE"",""task_id"":""T6""}]}","[""heard-m_inbox85::turn_0"",""heard-m_inbox85::turn_3"",""heard-m_inbox85::turn_4""]",thread_state_set,False
ISCMI-Q0056,CLOSED_TASKS,P006,lavorato-j_inbox97,,thread,Which tasks are no longer actionable in this conversation?,NONE,"{""answer_type"":""task_set"",""none"":true,""state"":""CLOSED"",""tasks"":[]}","[""lavorato-j_inbox97::turn_0"",""lavorato-j_inbox97::turn_1"",""lavorato-j_inbox97::turn_2"",""lavorato-j_inbox97::turn_3""]",thread_state_set,True
ISCMI-Q0057,CLOSED_TASKS,P007,schoolcraft-d_inbox_junk648,,thread,Which tasks are no longer actionable in this conversation?,CLOSED: T2 (COMPLETE),"{""answer_type"":""task_set"",""none"":false,""state"":""CLOSED"",""tasks"":[{""closure_reason"":""COMPLETE"",""final_state"":""CLOSED"",""last_transition"":""COMPLETE"",""task_id"":""T2""}]}","[""schoolcraft-d_inbox_junk648::turn_0"",""schoolcraft-d_inbox_junk648::turn_1""]",thread_state_set,False
ISCMI-Q0058,CLOSED_TASKS,P008,kaminski-v_inbox_254,,thread,Which tasks are no longer actionable in this conversation?,CLOSED: T1 (COMPLETE),"{""answer_type"":""task_set"",""none"":false,""state"":""CLOSED"",""tasks"":[{""closure_reason"":""COMPLETE"",""final_state"":""CLOSED"",""last_transition"":""NONE"",""task_id"":""T1""}]}","[""kaminski-v_inbox_254::turn_0"",""kaminski-v_inbox_254::turn_1""]",thread_state_set,False
ISCMI-Q0059,CLOSED_TASKS,P009,kaminski-v_inbox254,,thread,Which tasks are no longer actionable in this conversation?,CLOSED: T1 (COMPLETE),"{""answer_type"":""task_set"",""none"":false,""state"":""CLOSED"",""tasks"":[{""closure_reason"":""COMPLETE"",""final_state"":""CLOSED"",""last_transition"":""NONE"",""task_id"":""T1""}]}","[""kaminski-v_inbox254::turn_0"",""kaminski-v_inbox254::turn_1""]",thread_state_set,False
ISCMI-Q0060,CLOSED_TASKS,P010,blair-l_inbox164,,thread,Which tasks are no longer actionable in this conversation?,"CLOSED: T1 (REJECT), T2 (COMPLETE)","{""answer_type"":""task_set"",""none"":false,""state"":""CLOSED"",""tasks"":[{""closure_reason"":""REJECT"",""final_state"":""CLOSED"",""last_transition"":""NONE"",""task_id"":""T1""},{""closure_reason"":""COMPLETE"",""final_state"":""CLOSED"",""last_transition"":""COMPLETE"",""task_id"":""T2""}]}","[""blair-l_inbox164::turn_0"",""blair-l_inbox164::turn_1"",""blair-l_inbox164::turn_2""]",thread_state_set,False
ISCMI-Q0061,CLOSED_TASKS,P011,schoolcraft-d_inbox_junk289,,thread,Which tasks are no longer actionable in this conversation?,NONE,"{""answer_type"":""task_set"",""none"":true,""state"":""CLOSED"",""tasks"":[]}","[""schoolcraft-d_inbox_junk289::turn_0"",""schoolcraft-d_inbox_junk289::turn_1"",""schoolcraft-d_inbox_junk289::turn_2""]",thread_state_set,True
ISCMI-Q0062,CLOSED_TASKS,P012,rapp-b_inbox_397,,thread,Which tasks are no longer actionable in this conversation?,"CLOSED: T2 (COMPLETE), T7 (COMPLETE)","{""answer_type"":""task_set"",""none"":false,""state"":""CLOSED"",""tasks"":[{""closure_reason"":""COMPLETE"",""final_state"":""CLOSED"",""last_transition"":""COMPLETE"",""task_id"":""T2""},{""closure_reason"":""COMPLETE"",""final_state"":""CLOSED"",""last_transition"":""COMPLETE"",""task_id"":""T7""}]}","[""rapp-b_inbox_397::turn_1"",""rapp-b_inbox_397::turn_2"",""rapp-b_inbox_397::turn_3"",""rapp-b_inbox_397::turn_4""]",thread_state_set,False
ISCMI-Q0063,CLOSED_TASKS,P013,blair-l_inbox40,,thread,Which tasks are no longer actionable in this conversation?,CLOSED: T1 (COMPLETE),"{""answer_type"":""task_set"",""none"":false,""state"":""CLOSED"",""tasks"":[{""closure_reason"":""COMPLETE"",""final_state"":""CLOSED"",""last_transition"":""COMPLETE"",""task_id"":""T1""}]}","[""blair-l_inbox40::turn_0"",""blair-l_inbox40::turn_3""]",thread_state_set,False
ISCMI-Q0064,CLOSED_TASKS,P014,wolfe-j_inbox73,,thread,Which tasks are no longer actionable in this conversation?,CLOSED: T1 (COMPLETE),"{""answer_type"":""task_set"",""none"":false,""state"":""CLOSED"",""tasks"":[{""closure_reason"":""COMPLETE"",""final_state"":""CLOSED"",""last_transition"":""COMPLETE"",""task_id"":""T1""}]}","[""wolfe-j_inbox73::turn_0"",""wolfe-j_inbox73::turn_1""]",thread_state_set,False
ISCMI-Q0065,CLOSED_TASKS,P015,watson-k_inbox347,,thread,Which tasks are no longer actionable in this conversation?,"CLOSED: T1 (COMPLETE), T2 (COMPLETE)","{""answer_type"":""task_set"",""none"":false,""state"":""CLOSED"",""tasks"":[{""closure_reason"":""COMPLETE"",""final_state"":""CLOSED"",""last_transition"":""COMPLETE"",""task_id"":""T1""},{""closure_reason"":""COMPLETE"",""final_state"":""CLOSED"",""last_transition"":""COMPLETE"",""task_id"":""T2""}]}","[""watson-k_inbox347::turn_0"",""watson-k_inbox347::turn_1"",""watson-k_inbox347::turn_2"",""watson-k_inbox347::turn_3"",""watson-k_inbox347::turn_4""]",thread_state_set,False
ISCMI-Q0066,CLOSED_TASKS,P016,buy-r_inbox716,,thread,Which tasks are no longer actionable in this conversation?,CLOSED: T3 (COMPLETE),"{""answer_type"":""task_set"",""none"":false,""state"":""CLOSED"",""tasks"":[{""closure_reason"":""COMPLETE"",""final_state"":""CLOSED"",""last_transition"":""COMPLETE"",""task_id"":""T3""}]}","[""buy-r_inbox716::turn_0"",""buy-r_inbox716::turn_1""]",thread_state_set,False
ISCMI-Q0067,CLOSED_TASKS,P017,ward-k_inbox310,,thread,Which tasks are no longer actionable in this conversation?,NONE,"{""answer_type"":""task_set"",""none"":true,""state"":""CLOSED"",""tasks"":[]}","[""ward-k_inbox310::turn_0"",""ward-k_inbox310::turn_1"",""ward-k_inbox310::turn_2"",""ward-k_inbox310::turn_3""]",thread_state_set,True
ISCMI-Q0068,CLOSED_TASKS,P018,lavorato-j_inbox15,,thread,Which tasks are no longer actionable in this conversation?,NONE,"{""answer_type"":""task_set"",""none"":true,""state"":""CLOSED"",""tasks"":[]}","[""lavorato-j_inbox15::turn_0"",""lavorato-j_inbox15::turn_1""]",thread_state_set,True
ISCMI-Q0069,CLOSED_TASKS,P019,hernandez-j_inbox268,,thread,Which tasks are no longer actionable in this conversation?,"CLOSED: T1 (COMPLETE), T2 (COMPLETE)","{""answer_type"":""task_set"",""none"":false,""state"":""CLOSED"",""tasks"":[{""closure_reason"":""COMPLETE"",""final_state"":""CLOSED"",""last_transition"":""COMPLETE"",""task_id"":""T1""},{""closure_reason"":""COMPLETE"",""final_state"":""CLOSED"",""last_transition"":""COMPLETE"",""task_id"":""T2""}]}","[""hernandez-j_inbox268::turn_0"",""hernandez-j_inbox268::turn_1"",""hernandez-j_inbox268::turn_2""]",thread_state_set,False
ISCMI-Q0070,CLOSED_TASKS,P020,mims-thurston-p_inbox272,,thread,Which tasks are no longer actionable in this conversation?,NONE,"{""answer_type"":""task_set"",""none"":true,""state"":""CLOSED"",""tasks"":[]}","[""mims-thurston-p_inbox272::turn_0"",""mims-thurston-p_inbox272::turn_1""]",thread_state_set,True
ISCMI-Q0071,CLOSED_TASKS,P021,geaccone-t_inbox237,,thread,Which tasks are no longer actionable in this conversation?,"CLOSED: T1 (COMPLETE), T2 (COMPLETE), T3 (COMPLETE), T5 (COMPLETE), T6 (COMPLETE)","{""answer_type"":""task_set"",""none"":false,""state"":""CLOSED"",""tasks"":[{""closure_reason"":""COMPLETE"",""final_state"":""CLOSED"",""last_transition"":""COMPLETE"",""task_id"":""T1""},{""closure_reason"":""COMPLETE"",""final_state"":""CLOSED"",""last_transition"":""COMPLETE"",""task_id"":""T2""},{""closure_reason"":""COMPLETE"",""final_state"":""CLOSED"",""last_transition"":""COMPLETE"",""task_id"":""T3""},{""closure_reason"":""COMPLETE"",""final_state"":""CLOSED"",""last_transition"":""COMPLETE"",""task_id"":""T5""},{""closure_reason"":""COMPLETE"",""final_state"":""CLOSED"",""last_transition"":""COMPLETE"",""task_id"":""T6""}]}","[""geaccone-t_inbox237::turn_0"",""geaccone-t_inbox237::turn_1"",""geaccone-t_inbox237::turn_2"",""geaccone-t_inbox237::turn_3"",""geaccone-t_inbox237::turn_4"",""geaccone-t_inbox237::turn_5"",""geaccone-t_inbox237::turn_6"",""geaccone-t_inbox237::turn_7""]",thread_state_set,False
ISCMI-Q0072,CLOSED_TASKS,P022,dasovich-j_inbox1731,,thread,Which tasks are no longer actionable in this conversation?,CLOSED: T1 (COMPLETE),"{""answer_type"":""task_set"",""none"":false,""state"":""CLOSED"",""tasks"":[{""closure_reason"":""COMPLETE"",""final_state"":""CLOSED"",""last_transition"":""COMPLETE"",""task_id"":""T1""}]}","[""dasovich-j_inbox1731::turn_0""]",thread_state_set,False
ISCMI-Q0073,CLOSED_TASKS,P023,ybarbo-p_inbox125,,thread,Which tasks are no longer actionable in this conversation?,NONE,"{""answer_type"":""task_set"",""none"":true,""state"":""CLOSED"",""tasks"":[]}","[""ybarbo-p_inbox125::turn_0"",""ybarbo-p_inbox125::turn_1"",""ybarbo-p_inbox125::turn_2"",""ybarbo-p_inbox125::turn_3""]",thread_state_set,True
ISCMI-Q0074,CLOSED_TASKS,P024,kaminski-v_inbox687,,thread,Which tasks are no longer actionable in this conversation?,CLOSED: T1 (COMPLETE),"{""answer_type"":""task_set"",""none"":false,""state"":""CLOSED"",""tasks"":[{""closure_reason"":""COMPLETE"",""final_state"":""CLOSED"",""last_transition"":""COMPLETE"",""task_id"":""T1""}]}","[""kaminski-v_inbox687::turn_0"",""kaminski-v_inbox687::turn_1"",""kaminski-v_inbox687::turn_3""]",thread_state_set,False
ISCMI-Q0075,CLOSED_TASKS,P025,mccarty-d_inbox96,,thread,Which tasks are no longer actionable in this conversation?,"CLOSED: T1 (COMPLETE), T3 (COMPLETE)","{""answer_type"":""task_set"",""none"":false,""state"":""CLOSED"",""tasks"":[{""closure_reason"":""COMPLETE"",""final_state"":""CLOSED"",""last_transition"":""COMPLETE"",""task_id"":""T1""},{""closure_reason"":""COMPLETE"",""final_state"":""CLOSED"",""last_transition"":""COMPLETE"",""task_id"":""T3""}]}","[""mccarty-d_inbox96::turn_0"",""mccarty-d_inbox96::turn_1"",""mccarty-d_inbox96::turn_2"",""mccarty-d_inbox96::turn_3""]",thread_state_set,False
ISCMI-Q0076,CLOSED_TASKS,P026,campbell-l_inbox1169,,thread,Which tasks are no longer actionable in this conversation?,NONE,"{""answer_type"":""task_set"",""none"":true,""state"":""CLOSED"",""tasks"":[]}","[""campbell-l_inbox1169::turn_0"",""campbell-l_inbox1169::turn_1"",""campbell-l_inbox1169::turn_2""]",thread_state_set,True
ISCMI-Q0077,CLOSED_TASKS,P027,mclaughlin-e_inbox163,,thread,Which tasks are no longer actionable in this conversation?,"CLOSED: T1 (COMPLETE), T2 (COMPLETE), T3 (COMPLETE)","{""answer_type"":""task_set"",""none"":false,""state"":""CLOSED"",""tasks"":[{""closure_reason"":""COMPLETE"",""final_state"":""CLOSED"",""last_transition"":""COMPLETE"",""task_id"":""T1""},{""closure_reason"":""COMPLETE"",""final_state"":""CLOSED"",""last_transition"":""COMPLETE"",""task_id"":""T2""},{""closure_reason"":""COMPLETE"",""final_state"":""CLOSED"",""last_transition"":""COMPLETE"",""task_id"":""T3""}]}","[""mclaughlin-e_inbox163::turn_0"",""mclaughlin-e_inbox163::turn_1""]",thread_state_set,False
ISCMI-Q0078,CLOSED_TASKS,P028,germany-c_inbox27,,thread,Which tasks are no longer actionable in this conversation?,"CLOSED: T1 (COMPLETE), T2 (COMPLETE), T3 (COMPLETE), T4 (COMPLETE), T5 (COMPLETE), T6 (COMPLETE), T7 (COMPLETE), T8 (COMPLETE)","{""answer_type"":""task_set"",""none"":false,""state"":""CLOSED"",""tasks"":[{""closure_reason"":""COMPLETE"",""final_state"":""CLOSED"",""last_transition"":""COMPLETE"",""task_id"":""T1""},{""closure_reason"":""COMPLETE"",""final_state"":""CLOSED"",""last_transition"":""COMPLETE"",""task_id"":""T2""},{""closure_reason"":""COMPLETE"",""final_state"":""CLOSED"",""last_transition"":""COMPLETE"",""task_id"":""T3""},{""closure_reason"":""COMPLETE"",""final_state"":""CLOSED"",""last_transition"":""COMPLETE"",""task_id"":""T4""},{""closure_reason"":""COMPLETE"",""final_state"":""CLOSED"",""last_transition"":""COMPLETE"",""task_id"":""T5""},{""closure_reason"":""COMPLETE"",""final_state"":""CLOSED"",""last_transition"":""COMPLETE"",""task_id"":""T6""},{""closure_reason"":""COMPLETE"",""final_state"":""CLOSED"",""last_transition"":""COMPLETE"",""task_id"":""T7""},{""closure_reason"":""COMPLETE"",""final_state"":""CLOSED"",""last_transition"":""COMPLETE"",""task_id"":""T8""}]}","[""germany-c_inbox27::turn_0"",""germany-c_inbox27::turn_1"",""germany-c_inbox27::turn_2"",""germany-c_inbox27::turn_3"",""germany-c_inbox27::turn_4"",""germany-c_inbox27::turn_5"",""germany-c_inbox27::turn_6""]",thread_state_set,False
ISCMI-Q0079,CLOSED_TASKS,P029,rapp-b_inbox273,,thread,Which tasks are no longer actionable in this conversation?,"CLOSED: T1 (COMPLETE), T2 (COMPLETE), T3 (COMPLETE), T4 (COMPLETE)","{""answer_type"":""task_set"",""none"":false,""state"":""CLOSED"",""tasks"":[{""closure_reason"":""COMPLETE"",""final_state"":""CLOSED"",""last_transition"":""COMPLETE"",""task_id"":""T1""},{""closure_reason"":""COMPLETE"",""final_state"":""CLOSED"",""last_transition"":""COMPLETE"",""task_id"":""T2""},{""closure_reason"":""COMPLETE"",""final_state"":""CLOSED"",""last_transition"":""COMPLETE"",""task_id"":""T3""},{""closure_reason"":""COMPLETE"",""final_state"":""CLOSED"",""last_transition"":""COMPLETE"",""task_id"":""T4""}]}","[""rapp-b_inbox273::turn_0"",""rapp-b_inbox273::turn_1"",""rapp-b_inbox273::turn_2"",""rapp-b_inbox273::turn_4""]",thread_state_set,False
ISCMI-Q0080,CLOSED_TASKS,P030,watson-k_inbox9,,thread,Which tasks are no longer actionable in this conversation?,NONE,"{""answer_type"":""task_set"",""none"":true,""state"":""CLOSED"",""tasks"":[]}","[""watson-k_inbox9::turn_0"",""watson-k_inbox9::turn_1"",""watson-k_inbox9::turn_2"",""watson-k_inbox9::turn_3""]",thread_state_set,True
ISCMI-Q0081,CLOSED_TASKS,P031,buy-r_inbox396,,thread,Which tasks are no longer actionable in this conversation?,CLOSED: T4 (COMPLETE),"{""answer_type"":""task_set"",""none"":false,""state"":""CLOSED"",""tasks"":[{""closure_reason"":""COMPLETE"",""final_state"":""CLOSED"",""last_transition"":""COMPLETE"",""task_id"":""T4""}]}","[""buy-r_inbox396::turn_1""]",thread_state_set,False
ISCMI-Q0082,CLOSED_TASKS,P032,corman-s_inbox_archives142,,thread,Which tasks are no longer actionable in this conversation?,NONE,"{""answer_type"":""task_set"",""none"":true,""state"":""CLOSED"",""tasks"":[]}","[""corman-s_inbox_archives142::turn_0"",""corman-s_inbox_archives142::turn_1"",""corman-s_inbox_archives142::turn_2""]",thread_state_set,True
ISCMI-Q0083,CLOSED_TASKS,P033,sager-e_inbox522,,thread,Which tasks are no longer actionable in this conversation?,CLOSED: T3 (COMPLETE),"{""answer_type"":""task_set"",""none"":false,""state"":""CLOSED"",""tasks"":[{""closure_reason"":""COMPLETE"",""final_state"":""CLOSED"",""last_transition"":""COMPLETE"",""task_id"":""T3""}]}","[""sager-e_inbox522::turn_1""]",thread_state_set,False
ISCMI-Q0084,CLOSED_TASKS,P034,ward-k_inbox120,,thread,Which tasks are no longer actionable in this conversation?,CLOSED: T1 (COMPLETE),"{""answer_type"":""task_set"",""none"":false,""state"":""CLOSED"",""tasks"":[{""closure_reason"":""COMPLETE"",""final_state"":""CLOSED"",""last_transition"":""COMPLETE"",""task_id"":""T1""}]}","[""ward-k_inbox120::turn_0""]",thread_state_set,False
ISCMI-Q0085,CLOSED_TASKS,P035,heard-m_inbox_master_netting3,,thread,Which tasks are no longer actionable in this conversation?,NONE,"{""answer_type"":""task_set"",""none"":true,""state"":""CLOSED"",""tasks"":[]}","[""heard-m_inbox_master_netting3::turn_0"",""heard-m_inbox_master_netting3::turn_1""]",thread_state_set,True
ISCMI-Q0086,CLOSED_TASKS,P036,mims-thurston-p_inbox348,,thread,Which tasks are no longer actionable in this conversation?,NONE,"{""answer_type"":""task_set"",""none"":true,""state"":""CLOSED"",""tasks"":[]}","[""mims-thurston-p_inbox348::turn_0"",""mims-thurston-p_inbox348::turn_1""]",thread_state_set,True
ISCMI-Q0087,CLOSED_TASKS,P037,schoolcraft-d_inbox_junk204,,thread,Which tasks are no longer actionable in this conversation?,CLOSED: T5 (COMPLETE),"{""answer_type"":""task_set"",""none"":false,""state"":""CLOSED"",""tasks"":[{""closure_reason"":""COMPLETE"",""final_state"":""CLOSED"",""last_transition"":""NONE"",""task_id"":""T5""}]}","[""schoolcraft-d_inbox_junk204::turn_0"",""schoolcraft-d_inbox_junk204::turn_1""]",thread_state_set,False
ISCMI-Q0088,CLOSED_TASKS,P038,heard-m_inbox_48,,thread,Which tasks are no longer actionable in this conversation?,NONE,"{""answer_type"":""task_set"",""none"":true,""state"":""CLOSED"",""tasks"":[]}","[""heard-m_inbox_48::turn_0"",""heard-m_inbox_48::turn_1"",""heard-m_inbox_48::turn_2"",""heard-m_inbox_48::turn_3"",""heard-m_inbox_48::turn_4"",""heard-m_inbox_48::turn_5""]",thread_state_set,True
ISCMI-Q0089,CLOSED_TASKS,P039,lokey-t_inbox578,,thread,Which tasks are no longer actionable in this conversation?,"CLOSED: T1 (COMPLETE), T4 (COMPLETE)","{""answer_type"":""task_set"",""none"":false,""state"":""CLOSED"",""tasks"":[{""closure_reason"":""COMPLETE"",""final_state"":""CLOSED"",""last_transition"":""COMPLETE"",""task_id"":""T1""},{""closure_reason"":""COMPLETE"",""final_state"":""CLOSED"",""last_transition"":""COMPLETE"",""task_id"":""T4""}]}","[""lokey-t_inbox578::turn_0"",""lokey-t_inbox578::turn_1"",""lokey-t_inbox578::turn_2""]",thread_state_set,False
ISCMI-Q0090,CLOSED_TASKS,P040,keiser-k_inbox166,,thread,Which tasks are no longer actionable in this conversation?,"CLOSED: T2 (COMPLETE), T3 (COMPLETE), T6 (COMPLETE), T7 (COMPLETE), T8 (COMPLETE), T11 (COMPLETE)","{""answer_type"":""task_set"",""none"":false,""state"":""CLOSED"",""tasks"":[{""closure_reason"":""COMPLETE"",""final_state"":""CLOSED"",""last_transition"":""COMPLETE"",""task_id"":""T2""},{""closure_reason"":""COMPLETE"",""final_state"":""CLOSED"",""last_transition"":""COMPLETE"",""task_id"":""T3""},{""closure_reason"":""COMPLETE"",""final_state"":""CLOSED"",""last_transition"":""COMPLETE"",""task_id"":""T6""},{""closure_reason"":""COMPLETE"",""final_state"":""CLOSED"",""last_transition"":""COMPLETE"",""task_id"":""T7""},{""closure_reason"":""COMPLETE"",""final_state"":""CLOSED"",""last_transition"":""COMPLETE"",""task_id"":""T8""},{""closure_reason"":""COMPLETE"",""final_state"":""CLOSED"",""last_transition"":""COMPLETE"",""task_id"":""T11""}]}","[""keiser-k_inbox166::turn_0"",""keiser-k_inbox166::turn_1"",""keiser-k_inbox166::turn_2"",""keiser-k_inbox166::turn_3""]",thread_state_set,False
ISCMI-Q0091,CLOSED_TASKS,P041,watson-k_inbox440,,thread,Which tasks are no longer actionable in this conversation?,CLOSED: T1 (COMPLETE),"{""answer_type"":""task_set"",""none"":false,""state"":""CLOSED"",""tasks"":[{""closure_reason"":""COMPLETE"",""final_state"":""CLOSED"",""last_transition"":""COMPLETE"",""task_id"":""T1""}]}","[""watson-k_inbox440::turn_1"",""watson-k_inbox440::turn_2""]",thread_state_set,False
ISCMI-Q0092,CLOSED_TASKS,P042,lay-k_inbox187,,thread,Which tasks are no longer actionable in this conversation?,"CLOSED: T3 (COMPLETE), T4 (COMPLETE)","{""answer_type"":""task_set"",""none"":false,""state"":""CLOSED"",""tasks"":[{""closure_reason"":""COMPLETE"",""final_state"":""CLOSED"",""last_transition"":""COMPLETE"",""task_id"":""T3""},{""closure_reason"":""COMPLETE"",""final_state"":""CLOSED"",""last_transition"":""COMPLETE"",""task_id"":""T4""}]}","[""lay-k_inbox187::turn_0""]",thread_state_set,False
ISCMI-Q0093,CLOSED_TASKS,P043,lokey-t_inbox734,,thread,Which tasks are no longer actionable in this conversation?,NONE,"{""answer_type"":""task_set"",""none"":true,""state"":""CLOSED"",""tasks"":[]}","[""lokey-t_inbox734::turn_0"",""lokey-t_inbox734::turn_1""]",thread_state_set,True
ISCMI-Q0094,CLOSED_TASKS,P044,steffes-j_inbox386,,thread,Which tasks are no longer actionable in this conversation?,"CLOSED: T1 (COMPLETE), T2 (COMPLETE), T3 (COMPLETE)","{""answer_type"":""task_set"",""none"":false,""state"":""CLOSED"",""tasks"":[{""closure_reason"":""COMPLETE"",""final_state"":""CLOSED"",""last_transition"":""COMPLETE"",""task_id"":""T1""},{""closure_reason"":""COMPLETE"",""final_state"":""CLOSED"",""last_transition"":""COMPLETE"",""task_id"":""T2""},{""closure_reason"":""COMPLETE"",""final_state"":""CLOSED"",""last_transition"":""COMPLETE"",""task_id"":""T3""}]}","[""steffes-j_inbox386::turn_0"",""steffes-j_inbox386::turn_1""]",thread_state_set,False
ISCMI-Q0095,CLOSED_TASKS,P045,parks-j_inbox_147,,thread,Which tasks are no longer actionable in this conversation?,CLOSED: T1 (COMPLETE),"{""answer_type"":""task_set"",""none"":false,""state"":""CLOSED"",""tasks"":[{""closure_reason"":""COMPLETE"",""final_state"":""CLOSED"",""last_transition"":""COMPLETE"",""task_id"":""T1""}]}","[""parks-j_inbox_147::turn_1"",""parks-j_inbox_147::turn_2"",""parks-j_inbox_147::turn_3"",""parks-j_inbox_147::turn_4""]",thread_state_set,False
ISCMI-Q0096,CLOSED_TASKS,P046,heard-m_inbox102,,thread,Which tasks are no longer actionable in this conversation?,CLOSED: T3 (COMPLETE),"{""answer_type"":""task_set"",""none"":false,""state"":""CLOSED"",""tasks"":[{""closure_reason"":""COMPLETE"",""final_state"":""CLOSED"",""last_transition"":""COMPLETE"",""task_id"":""T3""}]}","[""heard-m_inbox102::turn_2""]",thread_state_set,False
ISCMI-Q0097,CLOSED_TASKS,P047,nemec-g_inbox_21,,thread,Which tasks are no longer actionable in this conversation?,CLOSED: T4 (COMPLETE),"{""answer_type"":""task_set"",""none"":false,""state"":""CLOSED"",""tasks"":[{""closure_reason"":""COMPLETE"",""final_state"":""CLOSED"",""last_transition"":""COMPLETE"",""task_id"":""T4""}]}","[""nemec-g_inbox_21::turn_1"",""nemec-g_inbox_21::turn_2""]",thread_state_set,False
ISCMI-Q0098,CLOSED_TASKS,P048,blair-l_inbox_180,,thread,Which tasks are no longer actionable in this conversation?,NONE,"{""answer_type"":""task_set"",""none"":true,""state"":""CLOSED"",""tasks"":[]}","[""blair-l_inbox_180::turn_0"",""blair-l_inbox_180::turn_1""]",thread_state_set,True
ISCMI-Q0099,CLOSED_TASKS,P049,derrick-j_inbox111,,thread,Which tasks are no longer actionable in this conversation?,CLOSED: T1 (COMPLETE),"{""answer_type"":""task_set"",""none"":false,""state"":""CLOSED"",""tasks"":[{""closure_reason"":""COMPLETE"",""final_state"":""CLOSED"",""last_transition"":""COMPLETE"",""task_id"":""T1""}]}","[""derrick-j_inbox111::turn_0"",""derrick-j_inbox111::turn_1""]",thread_state_set,False
ISCMI-Q0100,CLOSED_TASKS,P050,tycholiz-b_inbox333,,thread,Which tasks are no longer actionable in this conversation?,NONE,"{""answer_type"":""task_set"",""none"":true,""state"":""CLOSED"",""tasks"":[]}","[""tycholiz-b_inbox333::turn_0"",""tycholiz-b_inbox333::turn_1""]",thread_state_set,True
ISCMI-Q0101,ACTOR_RESPONSIBILITY,P001,campbell-l_inbox1277,,thread,"For the currently open tasks with a known responsible party, who is responsible for each one?",T2: Ted Ryther; Mike Riedel; Kyle Purvis; Leo Nichols; T3: Anabelle Torres; T6: Mike Riedel,"{""answer_type"":""task_actor_map"",""tasks"":[{""actor"":""Ted Ryther; Mike Riedel; Kyle Purvis; Leo Nichols"",""task_id"":""T2""},{""actor"":""Anabelle Torres"",""task_id"":""T3""},{""actor"":""Mike Riedel"",""task_id"":""T6""}]}","[""campbell-l_inbox1277::turn_0"",""campbell-l_inbox1277::turn_3""]",thread_participant_mapping,False
ISCMI-Q0102,ACTOR_RESPONSIBILITY,P002,germany-c_inbox223,,thread,"For the currently open tasks with a known responsible party, who is responsible for each one?",T1: Chris Germany,"{""answer_type"":""task_actor_map"",""tasks"":[{""actor"":""Chris Germany"",""task_id"":""T1""}]}","[""germany-c_inbox223::turn_0""]",thread_participant_mapping,False
ISCMI-Q0103,ACTOR_RESPONSIBILITY,P004,beck-s_inbox5,,thread,"For the currently open tasks with a known responsible party, who is responsible for each one?",T1: Cindy Clark; T10: Bill Hare,"{""answer_type"":""task_actor_map"",""tasks"":[{""actor"":""Cindy Clark"",""task_id"":""T1""},{""actor"":""Bill Hare"",""task_id"":""T10""}]}","[""beck-s_inbox5::turn_0"",""beck-s_inbox5::turn_1""]",thread_participant_mapping,False
ISCMI-Q0104,ACTOR_RESPONSIBILITY,P005,heard-m_inbox85,,thread,"For the currently open tasks with a known responsible party, who is responsible for each one?",T1: Robbi Rossi; T3: Robbi Rossi; T4: Robbi Rossi; T5: Robbi Rossi,"{""answer_type"":""task_actor_map"",""tasks"":[{""actor"":""Robbi Rossi"",""task_id"":""T1""},{""actor"":""Robbi Rossi"",""task_id"":""T3""},{""actor"":""Robbi Rossi"",""task_id"":""T4""},{""actor"":""Robbi Rossi"",""task_id"":""T5""}]}","[""heard-m_inbox85::turn_0"",""heard-m_inbox85::turn_1"",""heard-m_inbox85::turn_2"",""heard-m_inbox85::turn_3""]",thread_participant_mapping,False
ISCMI-Q0105,ACTOR_RESPONSIBILITY,P006,lavorato-j_inbox97,,thread,"For the currently open tasks with a known responsible party, who is responsible for each one?",T1: Kevin Presto,"{""answer_type"":""task_actor_map"",""tasks"":[{""actor"":""Kevin Presto"",""task_id"":""T1""}]}","[""lavorato-j_inbox97::turn_0"",""lavorato-j_inbox97::turn_1"",""lavorato-j_inbox97::turn_2"",""lavorato-j_inbox97::turn_3""]",thread_participant_mapping,False
ISCMI-Q0106,ACTOR_RESPONSIBILITY,P007,schoolcraft-d_inbox_junk648,,thread,"For the currently open tasks with a known responsible party, who is responsible for each one?",T1: Mike McCracken; Gene; T3: Mike McCracken; T4: Jonny Hendricks,"{""answer_type"":""task_actor_map"",""tasks"":[{""actor"":""Mike McCracken; Gene"",""task_id"":""T1""},{""actor"":""Mike McCracken"",""task_id"":""T3""},{""actor"":""Jonny Hendricks"",""task_id"":""T4""}]}","[""schoolcraft-d_inbox_junk648::turn_0"",""schoolcraft-d_inbox_junk648::turn_1"",""schoolcraft-d_inbox_junk648::turn_2"",""schoolcraft-d_inbox_junk648::turn_3""]",thread_participant_mapping,False
ISCMI-Q0107,ACTOR_RESPONSIBILITY,P008,kaminski-v_inbox_254,,thread,"For the currently open tasks with a known responsible party, who is responsible for each one?",T2: Tanya Tamarchenko; T3: Tanya Tamarchenko; T4: Tanya Tamarchenko; T5: Frank Hayden; T6: Vince Kaminski,"{""answer_type"":""task_actor_map"",""tasks"":[{""actor"":""Tanya Tamarchenko"",""task_id"":""T2""},{""actor"":""Tanya Tamarchenko"",""task_id"":""T3""},{""actor"":""Tanya Tamarchenko"",""task_id"":""T4""},{""actor"":""Frank Hayden"",""task_id"":""T5""},{""actor"":""Vince Kaminski"",""task_id"":""T6""}]}","[""kaminski-v_inbox_254::turn_1"",""kaminski-v_inbox_254::turn_2"",""kaminski-v_inbox_254::turn_3"",""kaminski-v_inbox_254::turn_4""]",thread_participant_mapping,False
ISCMI-Q0108,ACTOR_RESPONSIBILITY,P009,kaminski-v_inbox254,,thread,"For the currently open tasks with a known responsible party, who is responsible for each one?",T2: Tanya Tamarchenko; T3: Tanya Tamarchenko; T4: Tanya Tamarchenko; T5: Frank Hayden; T6: Vince Kaminski,"{""answer_type"":""task_actor_map"",""tasks"":[{""actor"":""Tanya Tamarchenko"",""task_id"":""T2""},{""actor"":""Tanya Tamarchenko"",""task_id"":""T3""},{""actor"":""Tanya Tamarchenko"",""task_id"":""T4""},{""actor"":""Frank Hayden"",""task_id"":""T5""},{""actor"":""Vince Kaminski"",""task_id"":""T6""}]}","[""kaminski-v_inbox254::turn_1"",""kaminski-v_inbox254::turn_2"",""kaminski-v_inbox254::turn_3"",""kaminski-v_inbox254::turn_4""]",thread_participant_mapping,False
ISCMI-Q0109,ACTOR_RESPONSIBILITY,P011,schoolcraft-d_inbox_junk289,,thread,"For the currently open tasks with a known responsible party, who is responsible for each one?",T2: Jerry; T3: San Juan team; T4: San Juan team; T5: David Roensch; T6: Ben Asante; T7: David Roensch,"{""answer_type"":""task_actor_map"",""tasks"":[{""actor"":""Jerry"",""task_id"":""T2""},{""actor"":""San Juan team"",""task_id"":""T3""},{""actor"":""San Juan team"",""task_id"":""T4""},{""actor"":""David Roensch"",""task_id"":""T5""},{""actor"":""Ben Asante"",""task_id"":""T6""},{""actor"":""David Roensch"",""task_id"":""T7""}]}","[""schoolcraft-d_inbox_junk289::turn_0"",""schoolcraft-d_inbox_junk289::turn_2""]",thread_participant_mapping,False
ISCMI-Q0110,ACTOR_RESPONSIBILITY,P012,rapp-b_inbox_397,,thread,"For the currently open tasks with a known responsible party, who is responsible for each one?",T1: Miranda Southard; T3: William E. Brown; T4: Miranda Southard; T5: Kevin A. Howard; T6: Frazier King; Miranda Southard,"{""answer_type"":""task_actor_map"",""tasks"":[{""actor"":""Miranda Southard"",""task_id"":""T1""},{""actor"":""William E. Brown"",""task_id"":""T3""},{""actor"":""Miranda Southard"",""task_id"":""T4""},{""actor"":""Kevin A. Howard"",""task_id"":""T5""},{""actor"":""Frazier King; Miranda Southard"",""task_id"":""T6""}]}","[""rapp-b_inbox_397::turn_1"",""rapp-b_inbox_397::turn_2""]",thread_participant_mapping,False
ISCMI-Q0111,ACTOR_RESPONSIBILITY,P013,blair-l_inbox40,,thread,"For the currently open tasks with a known responsible party, who is responsible for each one?",T2: PNM; T4: Laura Giambrone; T5: Richard Hanagriff; T6: Laura Giambrone,"{""answer_type"":""task_actor_map"",""tasks"":[{""actor"":""PNM"",""task_id"":""T2""},{""actor"":""Laura Giambrone"",""task_id"":""T4""},{""actor"":""Richard Hanagriff"",""task_id"":""T5""},{""actor"":""Laura Giambrone"",""task_id"":""T6""}]}","[""blair-l_inbox40::turn_1"",""blair-l_inbox40::turn_2"",""blair-l_inbox40::turn_3""]",thread_participant_mapping,False
ISCMI-Q0112,ACTOR_RESPONSIBILITY,P014,wolfe-j_inbox73,,thread,"For the currently open tasks with a known responsible party, who is responsible for each one?",T2: Pat Campbell; T3: Beth Cherry; T4: Jason Wolfe,"{""answer_type"":""task_actor_map"",""tasks"":[{""actor"":""Pat Campbell"",""task_id"":""T2""},{""actor"":""Beth Cherry"",""task_id"":""T3""},{""actor"":""Jason Wolfe"",""task_id"":""T4""}]}","[""wolfe-j_inbox73::turn_1"",""wolfe-j_inbox73::turn_2"",""wolfe-j_inbox73::turn_3"",""wolfe-j_inbox73::turn_4""]",thread_participant_mapping,False
ISCMI-Q0113,ACTOR_RESPONSIBILITY,P015,watson-k_inbox347,,thread,"For the currently open tasks with a known responsible party, who is responsible for each one?",T3: Julie McCoy; T5: Kimberly Watson,"{""answer_type"":""task_actor_map"",""tasks"":[{""actor"":""Julie McCoy"",""task_id"":""T3""},{""actor"":""Kimberly Watson"",""task_id"":""T5""}]}","[""watson-k_inbox347::turn_2"",""watson-k_inbox347::turn_4""]",thread_participant_mapping,False
ISCMI-Q0114,ACTOR_RESPONSIBILITY,P016,buy-r_inbox716,,thread,"For the currently open tasks with a known responsible party, who is responsible for each one?",T1: David Delainey; Mark Muller; T2: Rick Buy; T4: Rick Causey; T5: Rick Causey; T6: Mark Muller,"{""answer_type"":""task_actor_map"",""tasks"":[{""actor"":""David Delainey; Mark Muller"",""task_id"":""T1""},{""actor"":""Rick Buy"",""task_id"":""T2""},{""actor"":""Rick Causey"",""task_id"":""T4""},{""actor"":""Rick Causey"",""task_id"":""T5""},{""actor"":""Mark Muller"",""task_id"":""T6""}]}","[""buy-r_inbox716::turn_0"",""buy-r_inbox716::turn_2"",""buy-r_inbox716::turn_3""]",thread_participant_mapping,False
ISCMI-Q0115,ACTOR_RESPONSIBILITY,P017,ward-k_inbox310,,thread,"For the currently open tasks with a known responsible party, who is responsible for each one?",T1: Darla Saucier; T2: Kim Ward; T3: Megan Parker; T4: Megan Parker,"{""answer_type"":""task_actor_map"",""tasks"":[{""actor"":""Darla Saucier"",""task_id"":""T1""},{""actor"":""Kim Ward"",""task_id"":""T2""},{""actor"":""Megan Parker"",""task_id"":""T3""},{""actor"":""Megan Parker"",""task_id"":""T4""}]}","[""ward-k_inbox310::turn_0"",""ward-k_inbox310::turn_1"",""ward-k_inbox310::turn_2"",""ward-k_inbox310::turn_3""]",thread_participant_mapping,False
ISCMI-Q0116,ACTOR_RESPONSIBILITY,P018,lavorato-j_inbox15,,thread,"For the currently open tasks with a known responsible party, who is responsible for each one?",T1: Baughman; T2: Dave,"{""answer_type"":""task_actor_map"",""tasks"":[{""actor"":""Baughman"",""task_id"":""T1""},{""actor"":""Dave"",""task_id"":""T2""}]}","[""lavorato-j_inbox15::turn_1""]",thread_participant_mapping,False
ISCMI-Q0117,ACTOR_RESPONSIBILITY,P019,hernandez-j_inbox268,,thread,"For the currently open tasks with a known responsible party, who is responsible for each one?",T3: Dave Marquardt; T4: Don Baughman; Juan Hernandez; M. Forney,"{""answer_type"":""task_actor_map"",""tasks"":[{""actor"":""Dave Marquardt"",""task_id"":""T3""},{""actor"":""Don Baughman; Juan Hernandez; M. Forney"",""task_id"":""T4""}]}","[""hernandez-j_inbox268::turn_2"",""hernandez-j_inbox268::turn_3""]",thread_participant_mapping,False
ISCMI-Q0118,ACTOR_RESPONSIBILITY,P020,mims-thurston-p_inbox272,,thread,"For the currently open tasks with a known responsible party, who is responsible for each one?",T1: Cora Pendergrass; T2: Marlo James; Kam Keiser; Marlene Hilliard,"{""answer_type"":""task_actor_map"",""tasks"":[{""actor"":""Cora Pendergrass"",""task_id"":""T1""},{""actor"":""Marlo James; Kam Keiser; Marlene Hilliard"",""task_id"":""T2""}]}","[""mims-thurston-p_inbox272::turn_0"",""mims-thurston-p_inbox272::turn_1""]",thread_participant_mapping,False
ISCMI-Q0119,ACTOR_RESPONSIBILITY,P021,geaccone-t_inbox237,,thread,"For the currently open tasks with a known responsible party, who is responsible for each one?",T4: Tracy Geaccone,"{""answer_type"":""task_actor_map"",""tasks"":[{""actor"":""Tracy Geaccone"",""task_id"":""T4""}]}","[""geaccone-t_inbox237::turn_4""]",thread_participant_mapping,False
ISCMI-Q0120,ACTOR_RESPONSIBILITY,P022,dasovich-j_inbox1731,,thread,"For the currently open tasks with a known responsible party, who is responsible for each one?",T2: James Steffes; Jeff Dasovich; T3: James Steffes; Jeff Dasovich,"{""answer_type"":""task_actor_map"",""tasks"":[{""actor"":""James Steffes; Jeff Dasovich"",""task_id"":""T2""},{""actor"":""James Steffes; Jeff Dasovich"",""task_id"":""T3""}]}","[""dasovich-j_inbox1731::turn_1"",""dasovich-j_inbox1731::turn_3""]",thread_participant_mapping,False
ISCMI-Q0121,ACTOR_RESPONSIBILITY,P023,ybarbo-p_inbox125,,thread,"For the currently open tasks with a known responsible party, who is responsible for each one?",T1: Tushar Dhruv; T2: LNG group; T3: Paul Y'Barbo; Dan Masters,"{""answer_type"":""task_actor_map"",""tasks"":[{""actor"":""Tushar Dhruv"",""task_id"":""T1""},{""actor"":""LNG group"",""task_id"":""T2""},{""actor"":""Paul Y'Barbo; Dan Masters"",""task_id"":""T3""}]}","[""ybarbo-p_inbox125::turn_0"",""ybarbo-p_inbox125::turn_2"",""ybarbo-p_inbox125::turn_3""]",thread_participant_mapping,False
ISCMI-Q0122,ACTOR_RESPONSIBILITY,P024,kaminski-v_inbox687,,thread,"For the currently open tasks with a known responsible party, who is responsible for each one?",T2: Anita DuPont,"{""answer_type"":""task_actor_map"",""tasks"":[{""actor"":""Anita DuPont"",""task_id"":""T2""}]}","[""kaminski-v_inbox687::turn_1"",""kaminski-v_inbox687::turn_2"",""kaminski-v_inbox687::turn_3""]",thread_participant_mapping,False
ISCMI-Q0123,ACTOR_RESPONSIBILITY,P025,mccarty-d_inbox96,,thread,"For the currently open tasks with a known responsible party, who is responsible for each one?",T2: Phil Lowry; T4: Amelia Alder,"{""answer_type"":""task_actor_map"",""tasks"":[{""actor"":""Phil Lowry"",""task_id"":""T2""},{""actor"":""Amelia Alder"",""task_id"":""T4""}]}","[""mccarty-d_inbox96::turn_1"",""mccarty-d_inbox96::turn_3""]",thread_participant_mapping,False
ISCMI-Q0124,ACTOR_RESPONSIBILITY,P026,campbell-l_inbox1169,,thread,"For the currently open tasks with a known responsible party, who is responsible for each one?",T1: Charles Child,"{""answer_type"":""task_actor_map"",""tasks"":[{""actor"":""Charles Child"",""task_id"":""T1""}]}","[""campbell-l_inbox1169::turn_1""]",thread_participant_mapping,False
ISCMI-Q0125,ACTOR_RESPONSIBILITY,P029,rapp-b_inbox273,,thread,"For the currently open tasks with a known responsible party, who is responsible for each one?",T5: Tracy Scott,"{""answer_type"":""task_actor_map"",""tasks"":[{""actor"":""Tracy Scott"",""task_id"":""T5""}]}","[""rapp-b_inbox273::turn_3""]",thread_participant_mapping,False
ISCMI-Q0126,ACTOR_RESPONSIBILITY,P030,watson-k_inbox9,,thread,"For the currently open tasks with a known responsible party, who is responsible for each one?",T1: Kimberly Watson; T2: Diane Fellers; T3: Kimberly Watson,"{""answer_type"":""task_actor_map"",""tasks"":[{""actor"":""Kimberly Watson"",""task_id"":""T1""},{""actor"":""Diane Fellers"",""task_id"":""T2""},{""actor"":""Kimberly Watson"",""task_id"":""T3""}]}","[""watson-k_inbox9::turn_0"",""watson-k_inbox9::turn_1"",""watson-k_inbox9::turn_2"",""watson-k_inbox9::turn_3""]",thread_participant_mapping,False
ISCMI-Q0127,ACTOR_RESPONSIBILITY,P031,buy-r_inbox396,,thread,"For the currently open tasks with a known responsible party, who is responsible for each one?",T2: Lavorato; Haedicke; Goerte; Lay; T3: Nancy Corbet; Teresa Bushman; T5: Ellen; T6: Bradford Larson,"{""answer_type"":""task_actor_map"",""tasks"":[{""actor"":""Lavorato; Haedicke; Goerte; Lay"",""task_id"":""T2""},{""actor"":""Nancy Corbet; Teresa Bushman"",""task_id"":""T3""},{""actor"":""Ellen"",""task_id"":""T5""},{""actor"":""Bradford Larson"",""task_id"":""T6""}]}","[""buy-r_inbox396::turn_0"",""buy-r_inbox396::turn_2"",""buy-r_inbox396::turn_3""]",thread_participant_mapping,False
ISCMI-Q0128,ACTOR_RESPONSIBILITY,P032,corman-s_inbox_archives142,,thread,"For the currently open tasks with a known responsible party, who is responsible for each one?",T2: Donna Scott; Sheila Nacey; Mike Bryant; Steve January; Lynn Blair; Bradley Holmes; Rick Dietz; T3: Mike Bryant; T4: Steve January; T6: Lynn Blair; T7: Donna Scott; T8: Donna Scott,"{""answer_type"":""task_actor_map"",""tasks"":[{""actor"":""Donna Scott; Sheila Nacey; Mike Bryant; Steve January; Lynn Blair; Bradley Holmes; Rick Dietz"",""task_id"":""T2""},{""actor"":""Mike Bryant"",""task_id"":""T3""},{""actor"":""Steve January"",""task_id"":""T4""},{""actor"":""Lynn Blair"",""task_id"":""T6""},{""actor"":""Donna Scott"",""task_id"":""T7""},{""actor"":""Donna Scott"",""task_id"":""T8""}]}","[""corman-s_inbox_archives142::turn_0""]",thread_participant_mapping,False
ISCMI-Q0129,ACTOR_RESPONSIBILITY,P033,sager-e_inbox522,,thread,"For the currently open tasks with a known responsible party, who is responsible for each one?",T4: David Portz,"{""answer_type"":""task_actor_map"",""tasks"":[{""actor"":""David Portz"",""task_id"":""T4""}]}","[""sager-e_inbox522::turn_1""]",thread_participant_mapping,False
ISCMI-Q0130,ACTOR_RESPONSIBILITY,P034,ward-k_inbox120,,thread,"For the currently open tasks with a known responsible party, who is responsible for each one?",T2: Megan Parker; T3: Enron; T4: City of Pasadena; T5: Megan Parker; T6: Patti; T7: Kim Ward; T8: El Paso; T9: Kern River; T10: City of Pasadena; T11: Megan Parker,"{""answer_type"":""task_actor_map"",""tasks"":[{""actor"":""Megan Parker"",""task_id"":""T2""},{""actor"":""Enron"",""task_id"":""T3""},{""actor"":""City of Pasadena"",""task_id"":""T4""},{""actor"":""Megan Parker"",""task_id"":""T5""},{""actor"":""Patti"",""task_id"":""T6""},{""actor"":""Kim Ward"",""task_id"":""T7""},{""actor"":""El Paso"",""task_id"":""T8""},{""actor"":""Kern River"",""task_id"":""T9""},{""actor"":""City of Pasadena"",""task_id"":""T10""},{""actor"":""Megan Parker"",""task_id"":""T11""}]}","[""ward-k_inbox120::turn_0"",""ward-k_inbox120::turn_1"",""ward-k_inbox120::turn_2""]",thread_participant_mapping,False
ISCMI-Q0131,ACTOR_RESPONSIBILITY,P035,heard-m_inbox_master_netting3,,thread,"For the currently open tasks with a known responsible party, who is responsible for each one?",T1: Leslie Hansen; T2: Jay Williams; T3: credit group; T4: credit group; T5: credit group; T6: Marie Heard; T7: Marie Heard,"{""answer_type"":""task_actor_map"",""tasks"":[{""actor"":""Leslie Hansen"",""task_id"":""T1""},{""actor"":""Jay Williams"",""task_id"":""T2""},{""actor"":""credit group"",""task_id"":""T3""},{""actor"":""credit group"",""task_id"":""T4""},{""actor"":""credit group"",""task_id"":""T5""},{""actor"":""Marie Heard"",""task_id"":""T6""},{""actor"":""Marie Heard"",""task_id"":""T7""}]}","[""heard-m_inbox_master_netting3::turn_0"",""heard-m_inbox_master_netting3::turn_1""]",thread_participant_mapping,False
ISCMI-Q0132,ACTOR_RESPONSIBILITY,P036,mims-thurston-p_inbox348,,thread,"For the currently open tasks with a known responsible party, who is responsible for each one?",T1: Sylvia Pollan; T2: Sylvia Pollan,"{""answer_type"":""task_actor_map"",""tasks"":[{""actor"":""Sylvia Pollan"",""task_id"":""T1""},{""actor"":""Sylvia Pollan"",""task_id"":""T2""}]}","[""mims-thurston-p_inbox348::turn_0"",""mims-thurston-p_inbox348::turn_1""]",thread_participant_mapping,False
ISCMI-Q0133,ACTOR_RESPONSIBILITY,P037,schoolcraft-d_inbox_junk204,,thread,"For the currently open tasks with a known responsible party, who is responsible for each one?",T1: Scott Hibbard; T2: Cara Vaughan; T3: Robert Benningfield; T4: Chris Greaney; T6: team members,"{""answer_type"":""task_actor_map"",""tasks"":[{""actor"":""Scott Hibbard"",""task_id"":""T1""},{""actor"":""Cara Vaughan"",""task_id"":""T2""},{""actor"":""Robert Benningfield"",""task_id"":""T3""},{""actor"":""Chris Greaney"",""task_id"":""T4""},{""actor"":""team members"",""task_id"":""T6""}]}","[""schoolcraft-d_inbox_junk204::turn_0""]",thread_participant_mapping,False
ISCMI-Q0134,ACTOR_RESPONSIBILITY,P038,heard-m_inbox_48,,thread,"For the currently open tasks with a known responsible party, who is responsible for each one?",T1: Sheila Glover; T2: Sheila Glover; T3: Sheila Glover; T4: Sheila Glover,"{""answer_type"":""task_actor_map"",""tasks"":[{""actor"":""Sheila Glover"",""task_id"":""T1""},{""actor"":""Sheila Glover"",""task_id"":""T2""},{""actor"":""Sheila Glover"",""task_id"":""T3""},{""actor"":""Sheila Glover"",""task_id"":""T4""}]}","[""heard-m_inbox_48::turn_0"",""heard-m_inbox_48::turn_1"",""heard-m_inbox_48::turn_2""]",thread_participant_mapping,False
ISCMI-Q0135,ACTOR_RESPONSIBILITY,P039,lokey-t_inbox578,,thread,"For the currently open tasks with a known responsible party, who is responsible for each one?",T2: Rachel Cady; T5: Shelley Corman; T6: Shelley Corman,"{""answer_type"":""task_actor_map"",""tasks"":[{""actor"":""Rachel Cady"",""task_id"":""T2""},{""actor"":""Shelley Corman"",""task_id"":""T5""},{""actor"":""Shelley Corman"",""task_id"":""T6""}]}","[""lokey-t_inbox578::turn_1"",""lokey-t_inbox578::turn_2"",""lokey-t_inbox578::turn_3""]",thread_participant_mapping,False
ISCMI-Q0136,ACTOR_RESPONSIBILITY,P040,keiser-k_inbox166,,thread,"For the currently open tasks with a known responsible party, who is responsible for each one?",T1: Kam Keiser; T4: Kam Keiser; T5: Kam Keiser; T9: Chris Abel; T10: Kam Keiser,"{""answer_type"":""task_actor_map"",""tasks"":[{""actor"":""Kam Keiser"",""task_id"":""T1""},{""actor"":""Kam Keiser"",""task_id"":""T4""},{""actor"":""Kam Keiser"",""task_id"":""T5""},{""actor"":""Chris Abel"",""task_id"":""T9""},{""actor"":""Kam Keiser"",""task_id"":""T10""}]}","[""keiser-k_inbox166::turn_0"",""keiser-k_inbox166::turn_1"",""keiser-k_inbox166::turn_2"",""keiser-k_inbox166::turn_3""]",thread_participant_mapping,False
ISCMI-Q0137,ACTOR_RESPONSIBILITY,P041,watson-k_inbox440,,thread,"For the currently open tasks with a known responsible party, who is responsible for each one?",T2: Lorraine Lindberg,"{""answer_type"":""task_actor_map"",""tasks"":[{""actor"":""Lorraine Lindberg"",""task_id"":""T2""}]}","[""watson-k_inbox440::turn_3"",""watson-k_inbox440::turn_4"",""watson-k_inbox440::turn_5""]",thread_participant_mapping,False
ISCMI-Q0138,ACTOR_RESPONSIBILITY,P042,lay-k_inbox187,,thread,"For the currently open tasks with a known responsible party, who is responsible for each one?",T1: a meghívott családtagok; T2: az Osmar ételét kapó címzettek; T5: a levél címzettjei,"{""answer_type"":""task_actor_map"",""tasks"":[{""actor"":""a meghívott családtagok"",""task_id"":""T1""},{""actor"":""az Osmar ételét kapó címzettek"",""task_id"":""T2""},{""actor"":""a levél címzettjei"",""task_id"":""T5""}]}","[""lay-k_inbox187::turn_0"",""lay-k_inbox187::turn_1""]",thread_participant_mapping,False
ISCMI-Q0139,ACTOR_RESPONSIBILITY,P044,steffes-j_inbox386,,thread,"For the currently open tasks with a known responsible party, who is responsible for each one?",T4: Kevin; T5: Tim; T6: Alan,"{""answer_type"":""task_actor_map"",""tasks"":[{""actor"":""Kevin"",""task_id"":""T4""},{""actor"":""Tim"",""task_id"":""T5""},{""actor"":""Alan"",""task_id"":""T6""}]}","[""steffes-j_inbox386::turn_0""]",thread_participant_mapping,False
ISCMI-Q0140,ACTOR_RESPONSIBILITY,P045,parks-j_inbox_147,,thread,"For the currently open tasks with a known responsible party, who is responsible for each one?",T2: Beth Jenkins; T3: Jeff Nielsen; T4: Jeff Stephens; T5: Jess Hewitt; T6: Joe Parks; T7: John Lavorato; T8: Jonathan McKay; T9: Mark Davis; T10: Tiffany Smith; T11: William Stuart; T12: Joe Parks,"{""answer_type"":""task_actor_map"",""tasks"":[{""actor"":""Beth Jenkins"",""task_id"":""T2""},{""actor"":""Jeff Nielsen"",""task_id"":""T3""},{""actor"":""Jeff Stephens"",""task_id"":""T4""},{""actor"":""Jess Hewitt"",""task_id"":""T5""},{""actor"":""Joe Parks"",""task_id"":""T6""},{""actor"":""John Lavorato"",""task_id"":""T7""},{""actor"":""Jonathan McKay"",""task_id"":""T8""},{""actor"":""Mark Davis"",""task_id"":""T9""},{""actor"":""Tiffany Smith"",""task_id"":""T10""},{""actor"":""William Stuart"",""task_id"":""T11""},{""actor"":""Joe Parks"",""task_id"":""T12""}]}","[""parks-j_inbox_147::turn_4"",""parks-j_inbox_147::turn_6""]",thread_participant_mapping,False
ISCMI-Q0141,ACTOR_RESPONSIBILITY,P046,heard-m_inbox102,,thread,"For the currently open tasks with a known responsible party, who is responsible for each one?",T1: az Enron erre jogosult munkatársai; T2: Marie Heard; Sara Shackleton; T4: Enron North America Corp.; T5: Sara Shackleton,"{""answer_type"":""task_actor_map"",""tasks"":[{""actor"":""az Enron erre jogosult munkatársai"",""task_id"":""T1""},{""actor"":""Marie Heard; Sara Shackleton"",""task_id"":""T2""},{""actor"":""Enron North America Corp."",""task_id"":""T4""},{""actor"":""Sara Shackleton"",""task_id"":""T5""}]}","[""heard-m_inbox102::turn_0"",""heard-m_inbox102::turn_2""]",thread_participant_mapping,False
ISCMI-Q0142,ACTOR_RESPONSIBILITY,P047,nemec-g_inbox_21,,thread,"For the currently open tasks with a known responsible party, who is responsible for each one?",T1: Gerald Nemec; T2: Gerald Nemec; T3: Gerald Nemec,"{""answer_type"":""task_actor_map"",""tasks"":[{""actor"":""Gerald Nemec"",""task_id"":""T1""},{""actor"":""Gerald Nemec"",""task_id"":""T2""},{""actor"":""Gerald Nemec"",""task_id"":""T3""}]}","[""nemec-g_inbox_21::turn_0""]",thread_participant_mapping,False
ISCMI-Q0143,ACTOR_RESPONSIBILITY,P048,blair-l_inbox_180,,thread,"For the currently open tasks with a known responsible party, who is responsible for each one?",T1: Jean McFarland; T2: Jean McFarland,"{""answer_type"":""task_actor_map"",""tasks"":[{""actor"":""Jean McFarland"",""task_id"":""T1""},{""actor"":""Jean McFarland"",""task_id"":""T2""}]}","[""blair-l_inbox_180::turn_0"",""blair-l_inbox_180::turn_1""]",thread_participant_mapping,False
ISCMI-Q0144,ACTOR_RESPONSIBILITY,P049,derrick-j_inbox111,,thread,"For the currently open tasks with a known responsible party, who is responsible for each one?",T2: Kenneth Lay; T3: Jim Derrick,"{""answer_type"":""task_actor_map"",""tasks"":[{""actor"":""Kenneth Lay"",""task_id"":""T2""},{""actor"":""Jim Derrick"",""task_id"":""T3""}]}","[""derrick-j_inbox111::turn_0"",""derrick-j_inbox111::turn_1""]",thread_participant_mapping,False
ISCMI-Q0145,ACTOR_RESPONSIBILITY,P050,tycholiz-b_inbox333,,thread,"For the currently open tasks with a known responsible party, who is responsible for each one?",T1: Barry Tycholiz; Mike Grigsby; T3: Mark Whitt; Mike Grigsby; Phillip Allen,"{""answer_type"":""task_actor_map"",""tasks"":[{""actor"":""Barry Tycholiz; Mike Grigsby"",""task_id"":""T1""},{""actor"":""Mark Whitt; Mike Grigsby; Phillip Allen"",""task_id"":""T3""}]}","[""tycholiz-b_inbox333::turn_0"",""tycholiz-b_inbox333::turn_1""]",thread_participant_mapping,False
ISCMI-Q0146,REQUESTER,P001,campbell-l_inbox1277,,thread,"For the tracked tasks with a known requester, who requested each one?",T2: Anabelle Torres,"{""answer_type"":""task_requester_map"",""tasks"":[{""final_state"":""OPEN"",""requester"":""Anabelle Torres"",""task_id"":""T2""}]}","[""campbell-l_inbox1277::turn_0""]",thread_participant_mapping,False
ISCMI-Q0147,REQUESTER,P004,beck-s_inbox5,,thread,"For the tracked tasks with a known requester, who requested each one?",T10: Cynthia Clark,"{""answer_type"":""task_requester_map"",""tasks"":[{""final_state"":""OPEN"",""requester"":""Cynthia Clark"",""task_id"":""T10""}]}","[""beck-s_inbox5::turn_1""]",thread_participant_mapping,False
ISCMI-Q0148,REQUESTER,P005,heard-m_inbox85,,thread,"For the tracked tasks with a known requester, who requested each one?",T5: Marie Heard,"{""answer_type"":""task_requester_map"",""tasks"":[{""final_state"":""OPEN"",""requester"":""Marie Heard"",""task_id"":""T5""}]}","[""heard-m_inbox85::turn_3""]",thread_participant_mapping,False
ISCMI-Q0149,REQUESTER,P007,schoolcraft-d_inbox_junk648,,thread,"For the tracked tasks with a known requester, who requested each one?",T3: Darrell Schoolcraft,"{""answer_type"":""task_requester_map"",""tasks"":[{""final_state"":""OPEN"",""requester"":""Darrell Schoolcraft"",""task_id"":""T3""}]}","[""schoolcraft-d_inbox_junk648::turn_2""]",thread_participant_mapping,False
ISCMI-Q0150,REQUESTER,P008,kaminski-v_inbox_254,,thread,"For the tracked tasks with a known requester, who requested each one?",T3: Louise Kitchen; T4: Frank Hayden; T6: Tanya Tamarchenko,"{""answer_type"":""task_requester_map"",""tasks"":[{""final_state"":""OPEN"",""requester"":""Louise Kitchen"",""task_id"":""T3""},{""final_state"":""OPEN"",""requester"":""Frank Hayden"",""task_id"":""T4""},{""final_state"":""OPEN"",""requester"":""Tanya Tamarchenko"",""task_id"":""T6""}]}","[""kaminski-v_inbox_254::turn_2"",""kaminski-v_inbox_254::turn_3"",""kaminski-v_inbox_254::turn_4""]",thread_participant_mapping,False
ISCMI-Q0151,REQUESTER,P009,kaminski-v_inbox254,,thread,"For the tracked tasks with a known requester, who requested each one?",T3: Louise Kitchen; T4: Frank Hayden; T6: Tanya Tamarchenko,"{""answer_type"":""task_requester_map"",""tasks"":[{""final_state"":""OPEN"",""requester"":""Louise Kitchen"",""task_id"":""T3""},{""final_state"":""OPEN"",""requester"":""Frank Hayden"",""task_id"":""T4""},{""final_state"":""OPEN"",""requester"":""Tanya Tamarchenko"",""task_id"":""T6""}]}","[""kaminski-v_inbox254::turn_2"",""kaminski-v_inbox254::turn_3"",""kaminski-v_inbox254::turn_4""]",thread_participant_mapping,False
ISCMI-Q0152,REQUESTER,P011,schoolcraft-d_inbox_junk289,,thread,"For the tracked tasks with a known requester, who requested each one?",T1: David Roensch; T2: David Roensch; T3: David Roensch; T4: David Roensch; T6: David Roensch,"{""answer_type"":""task_requester_map"",""tasks"":[{""final_state"":""OPEN"",""requester"":""David Roensch"",""task_id"":""T1""},{""final_state"":""OPEN"",""requester"":""David Roensch"",""task_id"":""T2""},{""final_state"":""OPEN"",""requester"":""David Roensch"",""task_id"":""T3""},{""final_state"":""OPEN"",""requester"":""David Roensch"",""task_id"":""T4""},{""final_state"":""OPEN"",""requester"":""David Roensch"",""task_id"":""T6""}]}","[""schoolcraft-d_inbox_junk289::turn_0"",""schoolcraft-d_inbox_junk289::turn_2""]",thread_participant_mapping,False
ISCMI-Q0153,REQUESTER,P012,rapp-b_inbox_397,,thread,"For the tracked tasks with a known requester, who requested each one?",T1: Frazier King; T3: Frazier King; T4: Frazier King; T5: William E. Brown; T6: Frazier King,"{""answer_type"":""task_requester_map"",""tasks"":[{""final_state"":""OPEN"",""requester"":""Frazier King"",""task_id"":""T1""},{""final_state"":""OPEN"",""requester"":""Frazier King"",""task_id"":""T3""},{""final_state"":""OPEN"",""requester"":""Frazier King"",""task_id"":""T4""},{""final_state"":""OPEN"",""requester"":""William E. Brown"",""task_id"":""T5""},{""final_state"":""OPEN"",""requester"":""Frazier King"",""task_id"":""T6""}]}","[""rapp-b_inbox_397::turn_1"",""rapp-b_inbox_397::turn_2""]",thread_participant_mapping,False
ISCMI-Q0154,REQUESTER,P013,blair-l_inbox40,,thread,"For the tracked tasks with a known requester, who requested each one?",T3: Sue Neville; T4: Michael Bodnar; T5: Michael Bodnar; T6: Michael Bodnar,"{""answer_type"":""task_requester_map"",""tasks"":[{""final_state"":""OPEN"",""requester"":""Sue Neville"",""task_id"":""T3""},{""final_state"":""OPEN"",""requester"":""Michael Bodnar"",""task_id"":""T4""},{""final_state"":""OPEN"",""requester"":""Michael Bodnar"",""task_id"":""T5""},{""final_state"":""OPEN"",""requester"":""Michael Bodnar"",""task_id"":""T6""}]}","[""blair-l_inbox40::turn_1"",""blair-l_inbox40::turn_3""]",thread_participant_mapping,False
ISCMI-Q0155,REQUESTER,P014,wolfe-j_inbox73,,thread,"For the tracked tasks with a known requester, who requested each one?",T3: Pat Campbell; T4: Beth Cherry,"{""answer_type"":""task_requester_map"",""tasks"":[{""final_state"":""OPEN"",""requester"":""Pat Campbell"",""task_id"":""T3""},{""final_state"":""OPEN"",""requester"":""Beth Cherry"",""task_id"":""T4""}]}","[""wolfe-j_inbox73::turn_3"",""wolfe-j_inbox73::turn_4""]",thread_participant_mapping,False
ISCMI-Q0156,REQUESTER,P015,watson-k_inbox347,,thread,"For the tracked tasks with a known requester, who requested each one?",T4: Kimberly Watson; T5: Julie McCoy,"{""answer_type"":""task_requester_map"",""tasks"":[{""final_state"":""OPEN"",""requester"":""Kimberly Watson"",""task_id"":""T4""},{""final_state"":""OPEN"",""requester"":""Julie McCoy"",""task_id"":""T5""}]}","[""watson-k_inbox347::turn_3"",""watson-k_inbox347::turn_4""]",thread_participant_mapping,False
ISCMI-Q0157,REQUESTER,P016,buy-r_inbox716,,thread,"For the tracked tasks with a known requester, who requested each one?",T1: David Delainey; T2: David Delainey; T6: David Delainey,"{""answer_type"":""task_requester_map"",""tasks"":[{""final_state"":""OPEN"",""requester"":""David Delainey"",""task_id"":""T1""},{""final_state"":""OPEN"",""requester"":""David Delainey"",""task_id"":""T2""},{""final_state"":""OPEN"",""requester"":""David Delainey"",""task_id"":""T6""}]}","[""buy-r_inbox716::turn_0"",""buy-r_inbox716::turn_3""]",thread_participant_mapping,False
ISCMI-Q0158,REQUESTER,P017,ward-k_inbox310,,thread,"For the tracked tasks with a known requester, who requested each one?",T1: Kim Ward; T2: Darla Saucier; T3: Kim Ward; T4: Kim Ward,"{""answer_type"":""task_requester_map"",""tasks"":[{""final_state"":""OPEN"",""requester"":""Kim Ward"",""task_id"":""T1""},{""final_state"":""OPEN"",""requester"":""Darla Saucier"",""task_id"":""T2""},{""final_state"":""OPEN"",""requester"":""Kim Ward"",""task_id"":""T3""},{""final_state"":""OPEN"",""requester"":""Kim Ward"",""task_id"":""T4""}]}","[""ward-k_inbox310::turn_0"",""ward-k_inbox310::turn_1"",""ward-k_inbox310::turn_2"",""ward-k_inbox310::turn_3""]",thread_participant_mapping,False
ISCMI-Q0159,REQUESTER,P019,hernandez-j_inbox268,,thread,"For the tracked tasks with a known requester, who requested each one?",T4: Lloyd Will,"{""answer_type"":""task_requester_map"",""tasks"":[{""final_state"":""OPEN"",""requester"":""Lloyd Will"",""task_id"":""T4""}]}","[""hernandez-j_inbox268::turn_3""]",thread_participant_mapping,False
ISCMI-Q0160,REQUESTER,P020,mims-thurston-p_inbox272,,thread,"For the tracked tasks with a known requester, who requested each one?",T1: Marlo James; T2: Cora Pendergrass,"{""answer_type"":""task_requester_map"",""tasks"":[{""final_state"":""OPEN"",""requester"":""Marlo James"",""task_id"":""T1""},{""final_state"":""OPEN"",""requester"":""Cora Pendergrass"",""task_id"":""T2""}]}","[""mims-thurston-p_inbox272::turn_0"",""mims-thurston-p_inbox272::turn_1""]",thread_participant_mapping,False
ISCMI-Q0161,REQUESTER,P021,geaccone-t_inbox237,,thread,"For the tracked tasks with a known requester, who requested each one?",T4: Cindy Stark; T5: Tracy Geaccone,"{""answer_type"":""task_requester_map"",""tasks"":[{""final_state"":""OPEN"",""requester"":""Cindy Stark"",""task_id"":""T4""},{""final_state"":""CLOSED"",""requester"":""Tracy Geaccone"",""task_id"":""T5""}]}","[""geaccone-t_inbox237::turn_4"",""geaccone-t_inbox237::turn_5"",""geaccone-t_inbox237::turn_7""]",thread_participant_mapping,False
ISCMI-Q0162,REQUESTER,P023,ybarbo-p_inbox125,,thread,"For the tracked tasks with a known requester, who requested each one?",T2: Doug Leach; T3: Tushar Dhruv,"{""answer_type"":""task_requester_map"",""tasks"":[{""final_state"":""OPEN"",""requester"":""Doug Leach"",""task_id"":""T2""},{""final_state"":""OPEN"",""requester"":""Tushar Dhruv"",""task_id"":""T3""}]}","[""ybarbo-p_inbox125::turn_0"",""ybarbo-p_inbox125::turn_2"",""ybarbo-p_inbox125::turn_3""]",thread_participant_mapping,False
ISCMI-Q0163,REQUESTER,P026,campbell-l_inbox1169,,thread,"For the tracked tasks with a known requester, who requested each one?",T1: Louis Soldano,"{""answer_type"":""task_requester_map"",""tasks"":[{""final_state"":""OPEN"",""requester"":""Louis Soldano"",""task_id"":""T1""}]}","[""campbell-l_inbox1169::turn_1""]",thread_participant_mapping,False
ISCMI-Q0164,REQUESTER,P030,watson-k_inbox9,,thread,"For the tracked tasks with a known requester, who requested each one?",T1: Diane Fellers; T2: Kimberly Watson; T3: Diane Fellers,"{""answer_type"":""task_requester_map"",""tasks"":[{""final_state"":""OPEN"",""requester"":""Diane Fellers"",""task_id"":""T1""},{""final_state"":""OPEN"",""requester"":""Kimberly Watson"",""task_id"":""T2""},{""final_state"":""OPEN"",""requester"":""Diane Fellers"",""task_id"":""T3""}]}","[""watson-k_inbox9::turn_0"",""watson-k_inbox9::turn_1"",""watson-k_inbox9::turn_2"",""watson-k_inbox9::turn_3""]",thread_participant_mapping,False
ISCMI-Q0165,REQUESTER,P031,buy-r_inbox396,,thread,"For the tracked tasks with a known requester, who requested each one?",T2: Sharon Butcher; T5: Bradford Larson,"{""answer_type"":""task_requester_map"",""tasks"":[{""final_state"":""OPEN"",""requester"":""Sharon Butcher"",""task_id"":""T2""},{""final_state"":""OPEN"",""requester"":""Bradford Larson"",""task_id"":""T5""}]}","[""buy-r_inbox396::turn_0"",""buy-r_inbox396::turn_2""]",thread_participant_mapping,False
ISCMI-Q0166,REQUESTER,P032,corman-s_inbox_archives142,,thread,"For the tracked tasks with a known requester, who requested each one?",T2: Shelley Corman; T3: Shelley Corman; T4: Shelley Corman; T5: Shelley Corman; T6: Shelley Corman; T7: Shelley Corman; T8: Shelley Corman,"{""answer_type"":""task_requester_map"",""tasks"":[{""final_state"":""OPEN"",""requester"":""Shelley Corman"",""task_id"":""T2""},{""final_state"":""OPEN"",""requester"":""Shelley Corman"",""task_id"":""T3""},{""final_state"":""OPEN"",""requester"":""Shelley Corman"",""task_id"":""T4""},{""final_state"":""OPEN"",""requester"":""Shelley Corman"",""task_id"":""T5""},{""final_state"":""OPEN"",""requester"":""Shelley Corman"",""task_id"":""T6""},{""final_state"":""OPEN"",""requester"":""Shelley Corman"",""task_id"":""T7""},{""final_state"":""OPEN"",""requester"":""Shelley Corman"",""task_id"":""T8""}]}","[""corman-s_inbox_archives142::turn_0""]",thread_participant_mapping,False
ISCMI-Q0167,REQUESTER,P034,ward-k_inbox120,,thread,"For the tracked tasks with a known requester, who requested each one?",T4: Megan Parker; T5: Kim Ward; T6: Megan Parker; T7: Megan Parker; T8: Megan Parker; T9: Megan Parker; T10: Megan Parker,"{""answer_type"":""task_requester_map"",""tasks"":[{""final_state"":""OPEN"",""requester"":""Megan Parker"",""task_id"":""T4""},{""final_state"":""OPEN"",""requester"":""Kim Ward"",""task_id"":""T5""},{""final_state"":""OPEN"",""requester"":""Megan Parker"",""task_id"":""T6""},{""final_state"":""OPEN"",""requester"":""Megan Parker"",""task_id"":""T7""},{""final_state"":""OPEN"",""requester"":""Megan Parker"",""task_id"":""T8""},{""final_state"":""OPEN"",""requester"":""Megan Parker"",""task_id"":""T9""},{""final_state"":""OPEN"",""requester"":""Megan Parker"",""task_id"":""T10""}]}","[""ward-k_inbox120::turn_0"",""ward-k_inbox120::turn_1"",""ward-k_inbox120::turn_2""]",thread_participant_mapping,False
ISCMI-Q0168,REQUESTER,P035,heard-m_inbox_master_netting3,,thread,"For the tracked tasks with a known requester, who requested each one?",T2: Leslie Hansen; T3: Leslie Hansen; T4: Leslie Hansen; T5: Leslie Hansen; T6: Leslie Hansen; T7: Leslie Hansen,"{""answer_type"":""task_requester_map"",""tasks"":[{""final_state"":""OPEN"",""requester"":""Leslie Hansen"",""task_id"":""T2""},{""final_state"":""OPEN"",""requester"":""Leslie Hansen"",""task_id"":""T3""},{""final_state"":""OPEN"",""requester"":""Leslie Hansen"",""task_id"":""T4""},{""final_state"":""OPEN"",""requester"":""Leslie Hansen"",""task_id"":""T5""},{""final_state"":""OPEN"",""requester"":""Leslie Hansen"",""task_id"":""T6""},{""final_state"":""OPEN"",""requester"":""Leslie Hansen"",""task_id"":""T7""}]}","[""heard-m_inbox_master_netting3::turn_0"",""heard-m_inbox_master_netting3::turn_1""]",thread_participant_mapping,False
ISCMI-Q0169,REQUESTER,P036,mims-thurston-p_inbox348,,thread,"For the tracked tasks with a known requester, who requested each one?",T1: Andy Edling,"{""answer_type"":""task_requester_map"",""tasks"":[{""final_state"":""OPEN"",""requester"":""Andy Edling"",""task_id"":""T1""}]}","[""mims-thurston-p_inbox348::turn_0""]",thread_participant_mapping,False
ISCMI-Q0170,REQUESTER,P037,schoolcraft-d_inbox_junk204,,thread,"For the tracked tasks with a known requester, who requested each one?",T1: Terry; T2: Terry; T3: Terry; T4: Terry; T6: Terry,"{""answer_type"":""task_requester_map"",""tasks"":[{""final_state"":""OPEN"",""requester"":""Terry"",""task_id"":""T1""},{""final_state"":""OPEN"",""requester"":""Terry"",""task_id"":""T2""},{""final_state"":""OPEN"",""requester"":""Terry"",""task_id"":""T3""},{""final_state"":""OPEN"",""requester"":""Terry"",""task_id"":""T4""},{""final_state"":""OPEN"",""requester"":""Terry"",""task_id"":""T6""}]}","[""schoolcraft-d_inbox_junk204::turn_0""]",thread_participant_mapping,False
ISCMI-Q0171,REQUESTER,P038,heard-m_inbox_48,,thread,"For the tracked tasks with a known requester, who requested each one?",T1: Sheila Glover; T2: Mike; T3: Kimberly Hopley,"{""answer_type"":""task_requester_map"",""tasks"":[{""final_state"":""OPEN"",""requester"":""Sheila Glover"",""task_id"":""T1""},{""final_state"":""OPEN"",""requester"":""Mike"",""task_id"":""T2""},{""final_state"":""OPEN"",""requester"":""Kimberly Hopley"",""task_id"":""T3""}]}","[""heard-m_inbox_48::turn_0"",""heard-m_inbox_48::turn_2""]",thread_participant_mapping,False
ISCMI-Q0172,REQUESTER,P039,lokey-t_inbox578,,thread,"For the tracked tasks with a known requester, who requested each one?",T1: Rachel Cady; T3: Shelley Corman,"{""answer_type"":""task_requester_map"",""tasks"":[{""final_state"":""CLOSED"",""requester"":""Rachel Cady"",""task_id"":""T1""},{""final_state"":""OPEN"",""requester"":""Shelley Corman"",""task_id"":""T3""}]}","[""lokey-t_inbox578::turn_0"",""lokey-t_inbox578::turn_1""]",thread_participant_mapping,False
ISCMI-Q0173,REQUESTER,P040,keiser-k_inbox166,,thread,"For the tracked tasks with a known requester, who requested each one?",T1: Chris Abel; T5: Chris Abel; T10: Chris Abel,"{""answer_type"":""task_requester_map"",""tasks"":[{""final_state"":""OPEN"",""requester"":""Chris Abel"",""task_id"":""T1""},{""final_state"":""OPEN"",""requester"":""Chris Abel"",""task_id"":""T5""},{""final_state"":""OPEN"",""requester"":""Chris Abel"",""task_id"":""T10""}]}","[""keiser-k_inbox166::turn_0"",""keiser-k_inbox166::turn_1"",""keiser-k_inbox166::turn_2"",""keiser-k_inbox166::turn_3""]",thread_participant_mapping,False
ISCMI-Q0174,REQUESTER,P041,watson-k_inbox440,,thread,"For the tracked tasks with a known requester, who requested each one?",T1: Steven Harris; T2: Steven Harris,"{""answer_type"":""task_requester_map"",""tasks"":[{""final_state"":""CLOSED"",""requester"":""Steven Harris"",""task_id"":""T1""},{""final_state"":""OPEN"",""requester"":""Steven Harris"",""task_id"":""T2""}]}","[""watson-k_inbox440::turn_1"",""watson-k_inbox440::turn_2"",""watson-k_inbox440::turn_3"",""watson-k_inbox440::turn_4"",""watson-k_inbox440::turn_5""]",thread_participant_mapping,False
ISCMI-Q0175,REQUESTER,P042,lay-k_inbox187,,thread,"For the tracked tasks with a known requester, who requested each one?",T1: Barbara VanDerVliet; T2: Barbara VanDerVliet; T5: Mary Bourne-Marth,"{""answer_type"":""task_requester_map"",""tasks"":[{""final_state"":""OPEN"",""requester"":""Barbara VanDerVliet"",""task_id"":""T1""},{""final_state"":""OPEN"",""requester"":""Barbara VanDerVliet"",""task_id"":""T2""},{""final_state"":""OPEN"",""requester"":""Mary Bourne-Marth"",""task_id"":""T5""}]}","[""lay-k_inbox187::turn_0"",""lay-k_inbox187::turn_1""]",thread_participant_mapping,False
ISCMI-Q0176,REQUESTER,P044,steffes-j_inbox386,,thread,"For the tracked tasks with a known requester, who requested each one?",T1: Sarah Novosel; T4: Sarah Novosel; T5: Sarah Novosel; T6: Sarah Novosel,"{""answer_type"":""task_requester_map"",""tasks"":[{""final_state"":""CLOSED"",""requester"":""Sarah Novosel"",""task_id"":""T1""},{""final_state"":""OPEN"",""requester"":""Sarah Novosel"",""task_id"":""T4""},{""final_state"":""OPEN"",""requester"":""Sarah Novosel"",""task_id"":""T5""},{""final_state"":""OPEN"",""requester"":""Sarah Novosel"",""task_id"":""T6""}]}","[""steffes-j_inbox386::turn_0"",""steffes-j_inbox386::turn_1""]",thread_participant_mapping,False
ISCMI-Q0177,REQUESTER,P045,parks-j_inbox_147,,thread,"For the tracked tasks with a known requester, who requested each one?",T1: Danielle Marcinkowski; T2: Daniel Muschar; T3: Daniel Muschar; T4: Daniel Muschar; T5: Daniel Muschar; T6: Daniel Muschar; T7: Daniel Muschar; T8: Daniel Muschar; T9: Daniel Muschar; T10: Daniel Muschar; T11: Daniel Muschar; T12: Daniel Muschar,"{""answer_type"":""task_requester_map"",""tasks"":[{""final_state"":""CLOSED"",""requester"":""Danielle Marcinkowski"",""task_id"":""T1""},{""final_state"":""OPEN"",""requester"":""Daniel Muschar"",""task_id"":""T2""},{""final_state"":""OPEN"",""requester"":""Daniel Muschar"",""task_id"":""T3""},{""final_state"":""OPEN"",""requester"":""Daniel Muschar"",""task_id"":""T4""},{""final_state"":""OPEN"",""requester"":""Daniel Muschar"",""task_id"":""T5""},{""final_state"":""OPEN"",""requester"":""Daniel Muschar"",""task_id"":""T6""},{""final_state"":""OPEN"",""requester"":""Daniel Muschar"",""task_id"":""T7""},{""final_state"":""OPEN"",""requester"":""Daniel Muschar"",""task_id"":""T8""},{""final_state"":""OPEN"",""requester"":""Daniel Muschar"",""task_id"":""T9""},{""final_state"":""OPEN"",""requester"":""Daniel Muschar"",""task_id"":""T10""},{""final_state"":""OPEN"",""requester"":""Daniel Muschar"",""task_id"":""T11""},{""final_state"":""OPEN"",""requester"":""Daniel Muschar"",""task_id"":""T12""}]}","[""parks-j_inbox_147::turn_1"",""parks-j_inbox_147::turn_2"",""parks-j_inbox_147::turn_3"",""parks-j_inbox_147::turn_4"",""parks-j_inbox_147::turn_6""]",thread_participant_mapping,False
ISCMI-Q0178,REQUESTER,P046,heard-m_inbox102,,thread,"For the tracked tasks with a known requester, who requested each one?",T1: Jean-Pierre St-Cyr; T2: Jean-Pierre St-Cyr; T4: Jean-Pierre St-Cyr,"{""answer_type"":""task_requester_map"",""tasks"":[{""final_state"":""OPEN"",""requester"":""Jean-Pierre St-Cyr"",""task_id"":""T1""},{""final_state"":""OPEN"",""requester"":""Jean-Pierre St-Cyr"",""task_id"":""T2""},{""final_state"":""OPEN"",""requester"":""Jean-Pierre St-Cyr"",""task_id"":""T4""}]}","[""heard-m_inbox102::turn_0"",""heard-m_inbox102::turn_2""]",thread_participant_mapping,False
ISCMI-Q0179,REQUESTER,P047,nemec-g_inbox_21,,thread,"For the tracked tasks with a known requester, who requested each one?",T1: Stacey Richardson; T2: Stacey Richardson; T3: Stacey Richardson,"{""answer_type"":""task_requester_map"",""tasks"":[{""final_state"":""OPEN"",""requester"":""Stacey Richardson"",""task_id"":""T1""},{""final_state"":""OPEN"",""requester"":""Stacey Richardson"",""task_id"":""T2""},{""final_state"":""OPEN"",""requester"":""Stacey Richardson"",""task_id"":""T3""}]}","[""nemec-g_inbox_21::turn_0""]",thread_participant_mapping,False
ISCMI-Q0180,REQUESTER,P049,derrick-j_inbox111,,thread,"For the tracked tasks with a known requester, who requested each one?",T2: James A. Hughes,"{""answer_type"":""task_requester_map"",""tasks"":[{""final_state"":""OPEN"",""requester"":""James A. Hughes"",""task_id"":""T2""}]}","[""derrick-j_inbox111::turn_0""]",thread_participant_mapping,False
ISCMI-Q0181,REQUESTER,P050,tycholiz-b_inbox333,,thread,"For the tracked tasks with a known requester, who requested each one?",T1: Mike Grigsby; T3: Barry Tycholiz,"{""answer_type"":""task_requester_map"",""tasks"":[{""final_state"":""OPEN"",""requester"":""Mike Grigsby"",""task_id"":""T1""},{""final_state"":""OPEN"",""requester"":""Barry Tycholiz"",""task_id"":""T3""}]}","[""tycholiz-b_inbox333::turn_0"",""tycholiz-b_inbox333::turn_1""]",thread_participant_mapping,False
ISCMI-Q0182,TASK_HISTORY,P001,campbell-l_inbox1277,,thread,"Which tasks changed over multiple messages in this conversation, and what transition sequence did each follow?",T1: CREATE/OPEN -> COMPLETE/CLOSED -> NONE/UNCERTAIN,"{""answer_type"":""task_history_set"",""tasks"":[{""events"":[{""chronological_rank"":1,""message_id"":""campbell-l_inbox1277::turn_0"",""resulting_state"":""OPEN"",""transition"":""CREATE""},{""chronological_rank"":3,""message_id"":""campbell-l_inbox1277::turn_2"",""resulting_state"":""CLOSED"",""transition"":""COMPLETE""},{""chronological_rank"":4,""message_id"":""campbell-l_inbox1277::turn_3"",""resulting_state"":""UNCERTAIN"",""transition"":""NONE""}],""final_state"":""UNCERTAIN"",""meaningful_transition_count"":2,""task_id"":""T1""}]}","[""campbell-l_inbox1277::turn_0"",""campbell-l_inbox1277::turn_2"",""campbell-l_inbox1277::turn_3""]",thread_multi_transition_history,False
ISCMI-Q0183,TASK_HISTORY,P002,germany-c_inbox223,,thread,"Which tasks changed over multiple messages in this conversation, and what transition sequence did each follow?",T2: CREATE/OPEN -> MODIFY/OPEN -> MODIFY/OPEN -> COMPLETE/CLOSED; T3: CREATE/OPEN -> COMPLETE/CLOSED,"{""answer_type"":""task_history_set"",""tasks"":[{""events"":[{""chronological_rank"":1,""message_id"":""germany-c_inbox223::turn_0"",""resulting_state"":""OPEN"",""transition"":""CREATE""},{""chronological_rank"":3,""message_id"":""germany-c_inbox223::turn_2"",""resulting_state"":""OPEN"",""transition"":""MODIFY""},{""chronological_rank"":4,""message_id"":""germany-c_inbox223::turn_3"",""resulting_state"":""OPEN"",""transition"":""MODIFY""},{""chronological_rank"":5,""message_id"":""germany-c_inbox223::turn_4"",""resulting_state"":""CLOSED"",""transition"":""COMPLETE""}],""final_state"":""CLOSED"",""meaningful_transition_count"":4,""task_id"":""T2""},{""events"":[{""chronological_rank"":6,""message_id"":""germany-c_inbox223::turn_5"",""resulting_state"":""OPEN"",""transition"":""CREATE""},{""chronological_rank"":7,""message_id"":""germany-c_inbox223::turn_6"",""resulting_state"":""CLOSED"",""transition"":""COMPLETE""}],""final_state"":""CLOSED"",""meaningful_transition_count"":2,""task_id"":""T3""}]}","[""germany-c_inbox223::turn_0"",""germany-c_inbox223::turn_2"",""germany-c_inbox223::turn_3"",""germany-c_inbox223::turn_4"",""germany-c_inbox223::turn_5"",""germany-c_inbox223::turn_6""]",thread_multi_transition_history,False
ISCMI-Q0184,TASK_HISTORY,P003,crandell-s_inbox99,,thread,"Which tasks changed over multiple messages in this conversation, and what transition sequence did each follow?",T1: CREATE/OPEN -> CONFIRM/OPEN -> CONFIRM/OPEN; T2: CREATE/OPEN -> NONE/OPEN -> NONE/OPEN -> CONFIRM/OPEN,"{""answer_type"":""task_history_set"",""tasks"":[{""events"":[{""chronological_rank"":1,""message_id"":""crandell-s_inbox99::turn_0"",""resulting_state"":""OPEN"",""transition"":""CREATE""},{""chronological_rank"":2,""message_id"":""crandell-s_inbox99::turn_1"",""resulting_state"":""OPEN"",""transition"":""CONFIRM""},{""chronological_rank"":4,""message_id"":""crandell-s_inbox99::turn_3"",""resulting_state"":""OPEN"",""transition"":""CONFIRM""}],""final_state"":""OPEN"",""meaningful_transition_count"":3,""task_id"":""T1""},{""events"":[{""chronological_rank"":1,""message_id"":""crandell-s_inbox99::turn_0"",""resulting_state"":""OPEN"",""transition"":""CREATE""},{""chronological_rank"":2,""message_id"":""crandell-s_inbox99::turn_1"",""resulting_state"":""OPEN"",""transition"":""NONE""},{""chronological_rank"":3,""message_id"":""crandell-s_inbox99::turn_2"",""resulting_state"":""OPEN"",""transition"":""NONE""},{""chronological_rank"":4,""message_id"":""crandell-s_inbox99::turn_3"",""resulting_state"":""OPEN"",""transition"":""CONFIRM""}],""final_state"":""OPEN"",""meaningful_transition_count"":2,""task_id"":""T2""}]}","[""crandell-s_inbox99::turn_0"",""crandell-s_inbox99::turn_1"",""crandell-s_inbox99::turn_2"",""crandell-s_inbox99::turn_3""]",thread_multi_transition_history,False
ISCMI-Q0185,TASK_HISTORY,P004,beck-s_inbox5,,thread,"Which tasks changed over multiple messages in this conversation, and what transition sequence did each follow?",T2: CREATE/OPEN -> CONFIRM/OPEN; T4: CREATE/OPEN -> MODIFY/OPEN; T7: CREATE/OPEN -> CONFIRM/OPEN; T8: CREATE/OPEN -> CONFIRM/OPEN,"{""answer_type"":""task_history_set"",""tasks"":[{""events"":[{""chronological_rank"":1,""message_id"":""beck-s_inbox5::turn_0"",""resulting_state"":""OPEN"",""transition"":""CREATE""},{""chronological_rank"":2,""message_id"":""beck-s_inbox5::turn_1"",""resulting_state"":""OPEN"",""transition"":""CONFIRM""}],""final_state"":""OPEN"",""meaningful_transition_count"":2,""task_id"":""T2""},{""events"":[{""chronological_rank"":1,""message_id"":""beck-s_inbox5::turn_0"",""resulting_state"":""OPEN"",""transition"":""CREATE""},{""chronological_rank"":2,""message_id"":""beck-s_inbox5::turn_1"",""resulting_state"":""OPEN"",""transition"":""MODIFY""}],""final_state"":""OPEN"",""meaningful_transition_count"":2,""task_id"":""T4""},{""events"":[{""chronological_rank"":1,""message_id"":""beck-s_inbox5::turn_0"",""resulting_state"":""OPEN"",""transition"":""CREATE""},{""chronological_rank"":2,""message_id"":""beck-s_inbox5::turn_1"",""resulting_state"":""OPEN"",""transition"":""CONFIRM""}],""final_state"":""OPEN"",""meaningful_transition_count"":2,""task_id"":""T7""},{""events"":[{""chronological_rank"":1,""message_id"":""beck-s_inbox5::turn_0"",""resulting_state"":""OPEN"",""transition"":""CREATE""},{""chronological_rank"":2,""message_id"":""beck-s_inbox5::turn_1"",""resulting_state"":""OPEN"",""transition"":""CONFIRM""}],""final_state"":""OPEN"",""meaningful_transition_count"":2,""task_id"":""T8""}]}","[""beck-s_inbox5::turn_0"",""beck-s_inbox5::turn_1""]",thread_multi_transition_history,False
ISCMI-Q0186,TASK_HISTORY,P005,heard-m_inbox85,,thread,"Which tasks changed over multiple messages in this conversation, and what transition sequence did each follow?",T1: CREATE/OPEN -> MODIFY/OPEN -> NONE/OPEN; T6: CREATE/OPEN -> COMPLETE/CLOSED,"{""answer_type"":""task_history_set"",""tasks"":[{""events"":[{""chronological_rank"":1,""message_id"":""heard-m_inbox85::turn_0"",""resulting_state"":""OPEN"",""transition"":""CREATE""},{""chronological_rank"":2,""message_id"":""heard-m_inbox85::turn_1"",""resulting_state"":""OPEN"",""transition"":""MODIFY""},{""chronological_rank"":3,""message_id"":""heard-m_inbox85::turn_2"",""resulting_state"":""OPEN"",""transition"":""NONE""}],""final_state"":""OPEN"",""meaningful_transition_count"":2,""task_id"":""T1""},{""events"":[{""chronological_rank"":4,""message_id"":""heard-m_inbox85::turn_3"",""resulting_state"":""OPEN"",""transition"":""CREATE""},{""chronological_rank"":5,""message_id"":""heard-m_inbox85::turn_4"",""resulting_state"":""CLOSED"",""transition"":""COMPLETE""}],""final_state"":""CLOSED"",""meaningful_transition_count"":2,""task_id"":""T6""}]}","[""heard-m_inbox85::turn_0"",""heard-m_inbox85::turn_1"",""heard-m_inbox85::turn_2"",""heard-m_inbox85::turn_3"",""heard-m_inbox85::turn_4""]",thread_multi_transition_history,False
ISCMI-Q0187,TASK_HISTORY,P006,lavorato-j_inbox97,,thread,"Which tasks changed over multiple messages in this conversation, and what transition sequence did each follow?",T1: CREATE/OPEN -> MODIFY/OPEN -> MODIFY/OPEN -> CONFIRM/OPEN,"{""answer_type"":""task_history_set"",""tasks"":[{""events"":[{""chronological_rank"":1,""message_id"":""lavorato-j_inbox97::turn_0"",""resulting_state"":""OPEN"",""transition"":""CREATE""},{""chronological_rank"":2,""message_id"":""lavorato-j_inbox97::turn_1"",""resulting_state"":""OPEN"",""transition"":""MODIFY""},{""chronological_rank"":3,""message_id"":""lavorato-j_inbox97::turn_2"",""resulting_state"":""OPEN"",""transition"":""MODIFY""},{""chronological_rank"":4,""message_id"":""lavorato-j_inbox97::turn_3"",""resulting_state"":""OPEN"",""transition"":""CONFIRM""}],""final_state"":""OPEN"",""meaningful_transition_count"":4,""task_id"":""T1""}]}","[""lavorato-j_inbox97::turn_0"",""lavorato-j_inbox97::turn_1"",""lavorato-j_inbox97::turn_2"",""lavorato-j_inbox97::turn_3""]",thread_multi_transition_history,False
ISCMI-Q0188,TASK_HISTORY,P007,schoolcraft-d_inbox_junk648,,thread,"Which tasks changed over multiple messages in this conversation, and what transition sequence did each follow?",T1: CREATE/OPEN -> CONFIRM/OPEN -> CONFIRM/OPEN -> MODIFY/OPEN; T2: CREATE/OPEN -> COMPLETE/CLOSED,"{""answer_type"":""task_history_set"",""tasks"":[{""events"":[{""chronological_rank"":1,""message_id"":""schoolcraft-d_inbox_junk648::turn_0"",""resulting_state"":""OPEN"",""transition"":""CREATE""},{""chronological_rank"":2,""message_id"":""schoolcraft-d_inbox_junk648::turn_1"",""resulting_state"":""OPEN"",""transition"":""CONFIRM""},{""chronological_rank"":3,""message_id"":""schoolcraft-d_inbox_junk648::turn_2"",""resulting_state"":""OPEN"",""transition"":""CONFIRM""},{""chronological_rank"":4,""message_id"":""schoolcraft-d_inbox_junk648::turn_3"",""resulting_state"":""OPEN"",""transition"":""MODIFY""}],""final_state"":""OPEN"",""meaningful_transition_count"":4,""task_id"":""T1""},{""events"":[{""chronological_rank"":1,""message_id"":""schoolcraft-d_inbox_junk648::turn_0"",""resulting_state"":""OPEN"",""transition"":""CREATE""},{""chronological_rank"":2,""message_id"":""schoolcraft-d_inbox_junk648::turn_1"",""resulting_state"":""CLOSED"",""transition"":""COMPLETE""}],""final_state"":""CLOSED"",""meaningful_transition_count"":2,""task_id"":""T2""}]}","[""schoolcraft-d_inbox_junk648::turn_0"",""schoolcraft-d_inbox_junk648::turn_1"",""schoolcraft-d_inbox_junk648::turn_2"",""schoolcraft-d_inbox_junk648::turn_3""]",thread_multi_transition_history,False
ISCMI-Q0189,TASK_HISTORY,P008,kaminski-v_inbox_254,,thread,"Which tasks changed over multiple messages in this conversation, and what transition sequence did each follow?",T3: CREATE/OPEN -> CONFIRM/OPEN,"{""answer_type"":""task_history_set"",""tasks"":[{""events"":[{""chronological_rank"":3,""message_id"":""kaminski-v_inbox_254::turn_2"",""resulting_state"":""OPEN"",""transition"":""CREATE""},{""chronological_rank"":4,""message_id"":""kaminski-v_inbox_254::turn_3"",""resulting_state"":""OPEN"",""transition"":""CONFIRM""}],""final_state"":""OPEN"",""meaningful_transition_count"":2,""task_id"":""T3""}]}","[""kaminski-v_inbox_254::turn_2"",""kaminski-v_inbox_254::turn_3""]",thread_multi_transition_history,False
ISCMI-Q0190,TASK_HISTORY,P009,kaminski-v_inbox254,,thread,"Which tasks changed over multiple messages in this conversation, and what transition sequence did each follow?",T3: CREATE/OPEN -> CONFIRM/OPEN,"{""answer_type"":""task_history_set"",""tasks"":[{""events"":[{""chronological_rank"":3,""message_id"":""kaminski-v_inbox254::turn_2"",""resulting_state"":""OPEN"",""transition"":""CREATE""},{""chronological_rank"":4,""message_id"":""kaminski-v_inbox254::turn_3"",""resulting_state"":""OPEN"",""transition"":""CONFIRM""}],""final_state"":""OPEN"",""meaningful_transition_count"":2,""task_id"":""T3""}]}","[""kaminski-v_inbox254::turn_2"",""kaminski-v_inbox254::turn_3""]",thread_multi_transition_history,False
ISCMI-Q0191,TASK_HISTORY,P010,blair-l_inbox164,,thread,"Which tasks changed over multiple messages in this conversation, and what transition sequence did each follow?",T2: CREATE/OPEN -> COMPLETE/CLOSED,"{""answer_type"":""task_history_set"",""tasks"":[{""events"":[{""chronological_rank"":2,""message_id"":""blair-l_inbox164::turn_1"",""resulting_state"":""OPEN"",""transition"":""CREATE""},{""chronological_rank"":3,""message_id"":""blair-l_inbox164::turn_2"",""resulting_state"":""CLOSED"",""transition"":""COMPLETE""}],""final_state"":""CLOSED"",""meaningful_transition_count"":2,""task_id"":""T2""}]}","[""blair-l_inbox164::turn_1"",""blair-l_inbox164::turn_2""]",thread_multi_transition_history,False
ISCMI-Q0192,TASK_HISTORY,P011,schoolcraft-d_inbox_junk289,,thread,"Which tasks changed over multiple messages in this conversation, and what transition sequence did each follow?",T1: CREATE/OPEN -> MODIFY/OPEN,"{""answer_type"":""task_history_set"",""tasks"":[{""events"":[{""chronological_rank"":1,""message_id"":""schoolcraft-d_inbox_junk289::turn_0"",""resulting_state"":""OPEN"",""transition"":""CREATE""},{""chronological_rank"":3,""message_id"":""schoolcraft-d_inbox_junk289::turn_2"",""resulting_state"":""OPEN"",""transition"":""MODIFY""}],""final_state"":""OPEN"",""meaningful_transition_count"":2,""task_id"":""T1""}]}","[""schoolcraft-d_inbox_junk289::turn_0"",""schoolcraft-d_inbox_junk289::turn_2""]",thread_multi_transition_history,False
ISCMI-Q0193,TASK_HISTORY,P012,rapp-b_inbox_397,,thread,"Which tasks changed over multiple messages in this conversation, and what transition sequence did each follow?",T2: CREATE/OPEN -> NONE/OPEN -> COMPLETE/CLOSED; T5: CREATE/OPEN -> MODIFY/OPEN; T7: CREATE/OPEN -> COMPLETE/CLOSED,"{""answer_type"":""task_history_set"",""tasks"":[{""events"":[{""chronological_rank"":2,""message_id"":""rapp-b_inbox_397::turn_1"",""resulting_state"":""OPEN"",""transition"":""CREATE""},{""chronological_rank"":3,""message_id"":""rapp-b_inbox_397::turn_2"",""resulting_state"":""OPEN"",""transition"":""NONE""},{""chronological_rank"":5,""message_id"":""rapp-b_inbox_397::turn_4"",""resulting_state"":""CLOSED"",""transition"":""COMPLETE""}],""final_state"":""CLOSED"",""meaningful_transition_count"":2,""task_id"":""T2""},{""events"":[{""chronological_rank"":2,""message_id"":""rapp-b_inbox_397::turn_1"",""resulting_state"":""OPEN"",""transition"":""CREATE""},{""chronological_rank"":3,""message_id"":""rapp-b_inbox_397::turn_2"",""resulting_state"":""OPEN"",""transition"":""MODIFY""}],""final_state"":""OPEN"",""meaningful_transition_count"":2,""task_id"":""T5""},{""events"":[{""chronological_rank"":4,""message_id"":""rapp-b_inbox_397::turn_3"",""resulting_state"":""OPEN"",""transition"":""CREATE""},{""chronological_rank"":5,""message_id"":""rapp-b_inbox_397::turn_4"",""resulting_state"":""CLOSED"",""transition"":""COMPLETE""}],""final_state"":""CLOSED"",""meaningful_transition_count"":2,""task_id"":""T7""}]}","[""rapp-b_inbox_397::turn_1"",""rapp-b_inbox_397::turn_2"",""rapp-b_inbox_397::turn_3"",""rapp-b_inbox_397::turn_4""]",thread_multi_transition_history,False
ISCMI-Q0194,TASK_HISTORY,P013,blair-l_inbox40,,thread,"Which tasks changed over multiple messages in this conversation, and what transition sequence did each follow?",T1: CREATE/OPEN -> COMPLETE/CLOSED; T2: CREATE/OPEN -> CONFIRM/OPEN,"{""answer_type"":""task_history_set"",""tasks"":[{""events"":[{""chronological_rank"":1,""message_id"":""blair-l_inbox40::turn_0"",""resulting_state"":""OPEN"",""transition"":""CREATE""},{""chronological_rank"":4,""message_id"":""blair-l_inbox40::turn_3"",""resulting_state"":""CLOSED"",""transition"":""COMPLETE""}],""final_state"":""CLOSED"",""meaningful_transition_count"":2,""task_id"":""T1""},{""events"":[{""chronological_rank"":2,""message_id"":""blair-l_inbox40::turn_1"",""resulting_state"":""OPEN"",""transition"":""CREATE""},{""chronological_rank"":3,""message_id"":""blair-l_inbox40::turn_2"",""resulting_state"":""OPEN"",""transition"":""CONFIRM""}],""final_state"":""OPEN"",""meaningful_transition_count"":2,""task_id"":""T2""}]}","[""blair-l_inbox40::turn_0"",""blair-l_inbox40::turn_1"",""blair-l_inbox40::turn_2"",""blair-l_inbox40::turn_3""]",thread_multi_transition_history,False
ISCMI-Q0195,TASK_HISTORY,P014,wolfe-j_inbox73,,thread,"Which tasks changed over multiple messages in this conversation, and what transition sequence did each follow?",T1: CREATE/OPEN -> COMPLETE/CLOSED; T2: CREATE/OPEN -> CONFIRM/OPEN,"{""answer_type"":""task_history_set"",""tasks"":[{""events"":[{""chronological_rank"":1,""message_id"":""wolfe-j_inbox73::turn_0"",""resulting_state"":""OPEN"",""transition"":""CREATE""},{""chronological_rank"":2,""message_id"":""wolfe-j_inbox73::turn_1"",""resulting_state"":""CLOSED"",""transition"":""COMPLETE""}],""final_state"":""CLOSED"",""meaningful_transition_count"":2,""task_id"":""T1""},{""events"":[{""chronological_rank"":2,""message_id"":""wolfe-j_inbox73::turn_1"",""resulting_state"":""OPEN"",""transition"":""CREATE""},{""chronological_rank"":3,""message_id"":""wolfe-j_inbox73::turn_2"",""resulting_state"":""OPEN"",""transition"":""CONFIRM""}],""final_state"":""OPEN"",""meaningful_transition_count"":2,""task_id"":""T2""}]}","[""wolfe-j_inbox73::turn_0"",""wolfe-j_inbox73::turn_1"",""wolfe-j_inbox73::turn_2""]",thread_multi_transition_history,False
ISCMI-Q0196,TASK_HISTORY,P015,watson-k_inbox347,,thread,"Which tasks changed over multiple messages in this conversation, and what transition sequence did each follow?",T1: CREATE/OPEN -> COMPLETE/CLOSED; T2: CREATE/OPEN -> CONFIRM/OPEN -> MODIFY/OPEN -> COMPLETE/CLOSED,"{""answer_type"":""task_history_set"",""tasks"":[{""events"":[{""chronological_rank"":1,""message_id"":""watson-k_inbox347::turn_0"",""resulting_state"":""OPEN"",""transition"":""CREATE""},{""chronological_rank"":2,""message_id"":""watson-k_inbox347::turn_1"",""resulting_state"":""CLOSED"",""transition"":""COMPLETE""}],""final_state"":""CLOSED"",""meaningful_transition_count"":2,""task_id"":""T1""},{""events"":[{""chronological_rank"":2,""message_id"":""watson-k_inbox347::turn_1"",""resulting_state"":""OPEN"",""transition"":""CREATE""},{""chronological_rank"":3,""message_id"":""watson-k_inbox347::turn_2"",""resulting_state"":""OPEN"",""transition"":""CONFIRM""},{""chronological_rank"":4,""message_id"":""watson-k_inbox347::turn_3"",""resulting_state"":""OPEN"",""transition"":""MODIFY""},{""chronological_rank"":5,""message_id"":""watson-k_inbox347::turn_4"",""resulting_state"":""CLOSED"",""transition"":""COMPLETE""}],""final_state"":""CLOSED"",""meaningful_transition_count"":4,""task_id"":""T2""}]}","[""watson-k_inbox347::turn_0"",""watson-k_inbox347::turn_1"",""watson-k_inbox347::turn_2"",""watson-k_inbox347::turn_3"",""watson-k_inbox347::turn_4""]",thread_multi_transition_history,False
ISCMI-Q0197,TASK_HISTORY,P016,buy-r_inbox716,,thread,"Which tasks changed over multiple messages in this conversation, and what transition sequence did each follow?",T3: CREATE/OPEN -> COMPLETE/CLOSED; T4: CREATE/OPEN -> CONFIRM/OPEN,"{""answer_type"":""task_history_set"",""tasks"":[{""events"":[{""chronological_rank"":1,""message_id"":""buy-r_inbox716::turn_0"",""resulting_state"":""OPEN"",""transition"":""CREATE""},{""chronological_rank"":2,""message_id"":""buy-r_inbox716::turn_1"",""resulting_state"":""CLOSED"",""transition"":""COMPLETE""}],""final_state"":""CLOSED"",""meaningful_transition_count"":2,""task_id"":""T3""},{""events"":[{""chronological_rank"":1,""message_id"":""buy-r_inbox716::turn_0"",""resulting_state"":""OPEN"",""transition"":""CREATE""},{""chronological_rank"":3,""message_id"":""buy-r_inbox716::turn_2"",""resulting_state"":""OPEN"",""transition"":""CONFIRM""}],""final_state"":""OPEN"",""meaningful_transition_count"":2,""task_id"":""T4""}]}","[""buy-r_inbox716::turn_0"",""buy-r_inbox716::turn_1"",""buy-r_inbox716::turn_2""]",thread_multi_transition_history,False
ISCMI-Q0198,TASK_HISTORY,P017,ward-k_inbox310,,thread,"Which tasks changed over multiple messages in this conversation, and what transition sequence did each follow?",T3: CREATE/OPEN -> CONFIRM/OPEN,"{""answer_type"":""task_history_set"",""tasks"":[{""events"":[{""chronological_rank"":3,""message_id"":""ward-k_inbox310::turn_2"",""resulting_state"":""OPEN"",""transition"":""CREATE""},{""chronological_rank"":4,""message_id"":""ward-k_inbox310::turn_3"",""resulting_state"":""OPEN"",""transition"":""CONFIRM""}],""final_state"":""OPEN"",""meaningful_transition_count"":2,""task_id"":""T3""}]}","[""ward-k_inbox310::turn_2"",""ward-k_inbox310::turn_3""]",thread_multi_transition_history,False
ISCMI-Q0199,TASK_HISTORY,P019,hernandez-j_inbox268,,thread,"Which tasks changed over multiple messages in this conversation, and what transition sequence did each follow?",T1: CREATE/OPEN -> COMPLETE/CLOSED; T2: CREATE/OPEN -> COMPLETE/CLOSED,"{""answer_type"":""task_history_set"",""tasks"":[{""events"":[{""chronological_rank"":1,""message_id"":""hernandez-j_inbox268::turn_0"",""resulting_state"":""OPEN"",""transition"":""CREATE""},{""chronological_rank"":3,""message_id"":""hernandez-j_inbox268::turn_2"",""resulting_state"":""CLOSED"",""transition"":""COMPLETE""}],""final_state"":""CLOSED"",""meaningful_transition_count"":2,""task_id"":""T1""},{""events"":[{""chronological_rank"":2,""message_id"":""hernandez-j_inbox268::turn_1"",""resulting_state"":""OPEN"",""transition"":""CREATE""},{""chronological_rank"":3,""message_id"":""hernandez-j_inbox268::turn_2"",""resulting_state"":""CLOSED"",""transition"":""COMPLETE""}],""final_state"":""CLOSED"",""meaningful_transition_count"":2,""task_id"":""T2""}]}","[""hernandez-j_inbox268::turn_0"",""hernandez-j_inbox268::turn_1"",""hernandez-j_inbox268::turn_2""]",thread_multi_transition_history,False
ISCMI-Q0200,TASK_HISTORY,P020,mims-thurston-p_inbox272,,thread,"Which tasks changed over multiple messages in this conversation, and what transition sequence did each follow?",T1: CREATE/OPEN -> MODIFY/OPEN,"{""answer_type"":""task_history_set"",""tasks"":[{""events"":[{""chronological_rank"":1,""message_id"":""mims-thurston-p_inbox272::turn_0"",""resulting_state"":""OPEN"",""transition"":""CREATE""},{""chronological_rank"":2,""message_id"":""mims-thurston-p_inbox272::turn_1"",""resulting_state"":""OPEN"",""transition"":""MODIFY""}],""final_state"":""OPEN"",""meaningful_transition_count"":2,""task_id"":""T1""}]}","[""mims-thurston-p_inbox272::turn_0"",""mims-thurston-p_inbox272::turn_1""]",thread_multi_transition_history,False
ISCMI-Q0201,TASK_HISTORY,P021,geaccone-t_inbox237,,thread,"Which tasks changed over multiple messages in this conversation, and what transition sequence did each follow?",T1: CREATE/OPEN -> COMPLETE/CLOSED; T2: CREATE/OPEN -> COMPLETE/CLOSED; T3: CREATE/OPEN -> COMPLETE/CLOSED; T5: CREATE/OPEN -> COMPLETE/CLOSED; T6: CREATE/OPEN -> COMPLETE/CLOSED,"{""answer_type"":""task_history_set"",""tasks"":[{""events"":[{""chronological_rank"":1,""message_id"":""geaccone-t_inbox237::turn_0"",""resulting_state"":""OPEN"",""transition"":""CREATE""},{""chronological_rank"":2,""message_id"":""geaccone-t_inbox237::turn_1"",""resulting_state"":""CLOSED"",""transition"":""COMPLETE""}],""final_state"":""CLOSED"",""meaningful_transition_count"":2,""task_id"":""T1""},{""events"":[{""chronological_rank"":2,""message_id"":""geaccone-t_inbox237::turn_1"",""resulting_state"":""OPEN"",""transition"":""CREATE""},{""chronological_rank"":3,""message_id"":""geaccone-t_inbox237::turn_2"",""resulting_state"":""CLOSED"",""transition"":""COMPLETE""}],""final_state"":""CLOSED"",""meaningful_transition_count"":2,""task_id"":""T2""},{""events"":[{""chronological_rank"":4,""message_id"":""geaccone-t_inbox237::turn_3"",""resulting_state"":""OPEN"",""transition"":""CREATE""},{""chronological_rank"":5,""message_id"":""geaccone-t_inbox237::turn_4"",""resulting_state"":""CLOSED"",""transition"":""COMPLETE""}],""final_state"":""CLOSED"",""meaningful_transition_count"":2,""task_id"":""T3""},{""events"":[{""chronological_rank"":6,""message_id"":""geaccone-t_inbox237::turn_5"",""resulting_state"":""OPEN"",""transition"":""CREATE""},{""chronological_rank"":8,""message_id"":""geaccone-t_inbox237::turn_7"",""resulting_state"":""CLOSED"",""transition"":""COMPLETE""}],""final_state"":""CLOSED"",""meaningful_transition_count"":2,""task_id"":""T5""},{""events"":[{""chronological_rank"":7,""message_id"":""geaccone-t_inbox237::turn_6"",""resulting_state"":""OPEN"",""transition"":""CREATE""},{""chronological_rank"":8,""message_id"":""geaccone-t_inbox237::turn_7"",""resulting_state"":""CLOSED"",""transition"":""COMPLETE""}],""final_state"":""CLOSED"",""meaningful_transition_count"":2,""task_id"":""T6""}]}","[""geaccone-t_inbox237::turn_0"",""geaccone-t_inbox237::turn_1"",""geaccone-t_inbox237::turn_2"",""geaccone-t_inbox237::turn_3"",""geaccone-t_inbox237::turn_4"",""geaccone-t_inbox237::turn_5"",""geaccone-t_inbox237::turn_6"",""geaccone-t_inbox237::turn_7""]",thread_multi_transition_history,False
ISCMI-Q0202,TASK_HISTORY,P022,dasovich-j_inbox1731,,thread,"Which tasks changed over multiple messages in this conversation, and what transition sequence did each follow?",T2: CREATE/OPEN -> CONFIRM/OPEN,"{""answer_type"":""task_history_set"",""tasks"":[{""events"":[{""chronological_rank"":2,""message_id"":""dasovich-j_inbox1731::turn_1"",""resulting_state"":""OPEN"",""transition"":""CREATE""},{""chronological_rank"":4,""message_id"":""dasovich-j_inbox1731::turn_3"",""resulting_state"":""OPEN"",""transition"":""CONFIRM""}],""final_state"":""OPEN"",""meaningful_transition_count"":2,""task_id"":""T2""}]}","[""dasovich-j_inbox1731::turn_1"",""dasovich-j_inbox1731::turn_3""]",thread_multi_transition_history,False
ISCMI-Q0203,TASK_HISTORY,P023,ybarbo-p_inbox125,,thread,"Which tasks changed over multiple messages in this conversation, and what transition sequence did each follow?",T2: CREATE/OPEN -> CONFIRM/OPEN -> MODIFY/OPEN,"{""answer_type"":""task_history_set"",""tasks"":[{""events"":[{""chronological_rank"":1,""message_id"":""ybarbo-p_inbox125::turn_0"",""resulting_state"":""OPEN"",""transition"":""CREATE""},{""chronological_rank"":3,""message_id"":""ybarbo-p_inbox125::turn_2"",""resulting_state"":""OPEN"",""transition"":""CONFIRM""},{""chronological_rank"":4,""message_id"":""ybarbo-p_inbox125::turn_3"",""resulting_state"":""OPEN"",""transition"":""MODIFY""}],""final_state"":""OPEN"",""meaningful_transition_count"":3,""task_id"":""T2""}]}","[""ybarbo-p_inbox125::turn_0"",""ybarbo-p_inbox125::turn_2"",""ybarbo-p_inbox125::turn_3""]",thread_multi_transition_history,False
ISCMI-Q0204,TASK_HISTORY,P024,kaminski-v_inbox687,,thread,"Which tasks changed over multiple messages in this conversation, and what transition sequence did each follow?",T1: CREATE/OPEN -> CONFIRM/OPEN -> COMPLETE/CLOSED; T2: CREATE/OPEN -> MODIFY/OPEN -> CONFIRM/OPEN,"{""answer_type"":""task_history_set"",""tasks"":[{""events"":[{""chronological_rank"":1,""message_id"":""kaminski-v_inbox687::turn_0"",""resulting_state"":""OPEN"",""transition"":""CREATE""},{""chronological_rank"":2,""message_id"":""kaminski-v_inbox687::turn_1"",""resulting_state"":""OPEN"",""transition"":""CONFIRM""},{""chronological_rank"":4,""message_id"":""kaminski-v_inbox687::turn_3"",""resulting_state"":""CLOSED"",""transition"":""COMPLETE""}],""final_state"":""CLOSED"",""meaningful_transition_count"":3,""task_id"":""T1""},{""events"":[{""chronological_rank"":2,""message_id"":""kaminski-v_inbox687::turn_1"",""resulting_state"":""OPEN"",""transition"":""CREATE""},{""chronological_rank"":3,""message_id"":""kaminski-v_inbox687::turn_2"",""resulting_state"":""OPEN"",""transition"":""MODIFY""},{""chronological_rank"":4,""message_id"":""kaminski-v_inbox687::turn_3"",""resulting_state"":""OPEN"",""transition"":""CONFIRM""}],""final_state"":""OPEN"",""meaningful_transition_count"":3,""task_id"":""T2""}]}","[""kaminski-v_inbox687::turn_0"",""kaminski-v_inbox687::turn_1"",""kaminski-v_inbox687::turn_2"",""kaminski-v_inbox687::turn_3""]",thread_multi_transition_history,False
ISCMI-Q0205,TASK_HISTORY,P025,mccarty-d_inbox96,,thread,"Which tasks changed over multiple messages in this conversation, and what transition sequence did each follow?",T1: CREATE/OPEN -> COMPLETE/CLOSED; T3: CREATE/OPEN -> MODIFY/OPEN -> COMPLETE/CLOSED,"{""answer_type"":""task_history_set"",""tasks"":[{""events"":[{""chronological_rank"":1,""message_id"":""mccarty-d_inbox96::turn_0"",""resulting_state"":""OPEN"",""transition"":""CREATE""},{""chronological_rank"":2,""message_id"":""mccarty-d_inbox96::turn_1"",""resulting_state"":""CLOSED"",""transition"":""COMPLETE""}],""final_state"":""CLOSED"",""meaningful_transition_count"":2,""task_id"":""T1""},{""events"":[{""chronological_rank"":2,""message_id"":""mccarty-d_inbox96::turn_1"",""resulting_state"":""OPEN"",""transition"":""CREATE""},{""chronological_rank"":3,""message_id"":""mccarty-d_inbox96::turn_2"",""resulting_state"":""OPEN"",""transition"":""MODIFY""},{""chronological_rank"":4,""message_id"":""mccarty-d_inbox96::turn_3"",""resulting_state"":""CLOSED"",""transition"":""COMPLETE""}],""final_state"":""CLOSED"",""meaningful_transition_count"":3,""task_id"":""T3""}]}","[""mccarty-d_inbox96::turn_0"",""mccarty-d_inbox96::turn_1"",""mccarty-d_inbox96::turn_2"",""mccarty-d_inbox96::turn_3""]",thread_multi_transition_history,False
ISCMI-Q0206,TASK_HISTORY,P027,mclaughlin-e_inbox163,,thread,"Which tasks changed over multiple messages in this conversation, and what transition sequence did each follow?",T1: CREATE/OPEN -> COMPLETE/CLOSED; T2: CREATE/OPEN -> COMPLETE/CLOSED,"{""answer_type"":""task_history_set"",""tasks"":[{""events"":[{""chronological_rank"":1,""message_id"":""mclaughlin-e_inbox163::turn_0"",""resulting_state"":""OPEN"",""transition"":""CREATE""},{""chronological_rank"":2,""message_id"":""mclaughlin-e_inbox163::turn_1"",""resulting_state"":""CLOSED"",""transition"":""COMPLETE""}],""final_state"":""CLOSED"",""meaningful_transition_count"":2,""task_id"":""T1""},{""events"":[{""chronological_rank"":1,""message_id"":""mclaughlin-e_inbox163::turn_0"",""resulting_state"":""OPEN"",""transition"":""CREATE""},{""chronological_rank"":2,""message_id"":""mclaughlin-e_inbox163::turn_1"",""resulting_state"":""CLOSED"",""transition"":""COMPLETE""}],""final_state"":""CLOSED"",""meaningful_transition_count"":2,""task_id"":""T2""}]}","[""mclaughlin-e_inbox163::turn_0"",""mclaughlin-e_inbox163::turn_1""]",thread_multi_transition_history,False
ISCMI-Q0207,TASK_HISTORY,P028,germany-c_inbox27,,thread,"Which tasks changed over multiple messages in this conversation, and what transition sequence did each follow?",T1: CREATE/OPEN -> COMPLETE/CLOSED; T2: CREATE/OPEN -> COMPLETE/CLOSED; T3: CREATE/OPEN -> COMPLETE/CLOSED; T4: CREATE/OPEN -> COMPLETE/CLOSED; T5: CREATE/OPEN -> COMPLETE/CLOSED; T6: CREATE/OPEN -> COMPLETE/CLOSED; T8: CREATE/OPEN -> COMPLETE/CLOSED,"{""answer_type"":""task_history_set"",""tasks"":[{""events"":[{""chronological_rank"":1,""message_id"":""germany-c_inbox27::turn_0"",""resulting_state"":""OPEN"",""transition"":""CREATE""},{""chronological_rank"":2,""message_id"":""germany-c_inbox27::turn_1"",""resulting_state"":""CLOSED"",""transition"":""COMPLETE""}],""final_state"":""CLOSED"",""meaningful_transition_count"":2,""task_id"":""T1""},{""events"":[{""chronological_rank"":2,""message_id"":""germany-c_inbox27::turn_1"",""resulting_state"":""OPEN"",""transition"":""CREATE""},{""chronological_rank"":3,""message_id"":""germany-c_inbox27::turn_2"",""resulting_state"":""CLOSED"",""transition"":""COMPLETE""}],""final_state"":""CLOSED"",""meaningful_transition_count"":2,""task_id"":""T2""},{""events"":[{""chronological_rank"":3,""message_id"":""germany-c_inbox27::turn_2"",""resulting_state"":""OPEN"",""transition"":""CREATE""},{""chronological_rank"":5,""message_id"":""germany-c_inbox27::turn_4"",""resulting_state"":""CLOSED"",""transition"":""COMPLETE""}],""final_state"":""CLOSED"",""meaningful_transition_count"":2,""task_id"":""T3""},{""events"":[{""chronological_rank"":4,""message_id"":""germany-c_inbox27::turn_3"",""resulting_state"":""OPEN"",""transition"":""CREATE""},{""chronological_rank"":5,""message_id"":""germany-c_inbox27::turn_4"",""resulting_state"":""CLOSED"",""transition"":""COMPLETE""}],""final_state"":""CLOSED"",""meaningful_transition_count"":2,""task_id"":""T4""},{""events"":[{""chronological_rank"":4,""message_id"":""germany-c_inbox27::turn_3"",""resulting_state"":""OPEN"",""transition"":""CREATE""},{""chronological_rank"":5,""message_id"":""germany-c_inbox27::turn_4"",""resulting_state"":""CLOSED"",""transition"":""COMPLETE""}],""final_state"":""CLOSED"",""meaningful_transition_count"":2,""task_id"":""T5""},{""events"":[{""chronological_rank"":4,""message_id"":""germany-c_inbox27::turn_3"",""resulting_state"":""OPEN"",""transition"":""CREATE""},{""chronological_rank"":5,""message_id"":""germany-c_inbox27::turn_4"",""resulting_state"":""CLOSED"",""transition"":""COMPLETE""}],""final_state"":""CLOSED"",""meaningful_transition_count"":2,""task_id"":""T6""},{""events"":[{""chronological_rank"":6,""message_id"":""germany-c_inbox27::turn_5"",""resulting_state"":""OPEN"",""transition"":""CREATE""},{""chronological_rank"":7,""message_id"":""germany-c_inbox27::turn_6"",""resulting_state"":""CLOSED"",""transition"":""COMPLETE""}],""final_state"":""CLOSED"",""meaningful_transition_count"":2,""task_id"":""T8""}]}","[""germany-c_inbox27::turn_0"",""germany-c_inbox27::turn_1"",""germany-c_inbox27::turn_2"",""germany-c_inbox27::turn_3"",""germany-c_inbox27::turn_4"",""germany-c_inbox27::turn_5"",""germany-c_inbox27::turn_6""]",thread_multi_transition_history,False
ISCMI-Q0208,TASK_HISTORY,P029,rapp-b_inbox273,,thread,"Which tasks changed over multiple messages in this conversation, and what transition sequence did each follow?",T1: CREATE/OPEN -> COMPLETE/CLOSED; T2: CREATE/OPEN -> COMPLETE/CLOSED; T3: CREATE/OPEN -> MODIFY/OPEN -> COMPLETE/CLOSED; T4: CREATE/OPEN -> COMPLETE/CLOSED,"{""answer_type"":""task_history_set"",""tasks"":[{""events"":[{""chronological_rank"":1,""message_id"":""rapp-b_inbox273::turn_0"",""resulting_state"":""OPEN"",""transition"":""CREATE""},{""chronological_rank"":5,""message_id"":""rapp-b_inbox273::turn_4"",""resulting_state"":""CLOSED"",""transition"":""COMPLETE""}],""final_state"":""CLOSED"",""meaningful_transition_count"":2,""task_id"":""T1""},{""events"":[{""chronological_rank"":1,""message_id"":""rapp-b_inbox273::turn_0"",""resulting_state"":""OPEN"",""transition"":""CREATE""},{""chronological_rank"":5,""message_id"":""rapp-b_inbox273::turn_4"",""resulting_state"":""CLOSED"",""transition"":""COMPLETE""}],""final_state"":""CLOSED"",""meaningful_transition_count"":2,""task_id"":""T2""},{""events"":[{""chronological_rank"":2,""message_id"":""rapp-b_inbox273::turn_1"",""resulting_state"":""OPEN"",""transition"":""CREATE""},{""chronological_rank"":3,""message_id"":""rapp-b_inbox273::turn_2"",""resulting_state"":""OPEN"",""transition"":""MODIFY""},{""chronological_rank"":5,""message_id"":""rapp-b_inbox273::turn_4"",""resulting_state"":""CLOSED"",""transition"":""COMPLETE""}],""final_state"":""CLOSED"",""meaningful_transition_count"":3,""task_id"":""T3""},{""events"":[{""chronological_rank"":3,""message_id"":""rapp-b_inbox273::turn_2"",""resulting_state"":""OPEN"",""transition"":""CREATE""},{""chronological_rank"":5,""message_id"":""rapp-b_inbox273::turn_4"",""resulting_state"":""CLOSED"",""transition"":""COMPLETE""}],""final_state"":""CLOSED"",""meaningful_transition_count"":2,""task_id"":""T4""}]}","[""rapp-b_inbox273::turn_0"",""rapp-b_inbox273::turn_1"",""rapp-b_inbox273::turn_2"",""rapp-b_inbox273::turn_4""]",thread_multi_transition_history,False
ISCMI-Q0209,TASK_HISTORY,P030,watson-k_inbox9,,thread,"Which tasks changed over multiple messages in this conversation, and what transition sequence did each follow?",T1: CREATE/OPEN -> MODIFY/OPEN -> CONFIRM/OPEN,"{""answer_type"":""task_history_set"",""tasks"":[{""events"":[{""chronological_rank"":1,""message_id"":""watson-k_inbox9::turn_0"",""resulting_state"":""OPEN"",""transition"":""CREATE""},{""chronological_rank"":2,""message_id"":""watson-k_inbox9::turn_1"",""resulting_state"":""OPEN"",""transition"":""MODIFY""},{""chronological_rank"":3,""message_id"":""watson-k_inbox9::turn_2"",""resulting_state"":""OPEN"",""transition"":""CONFIRM""}],""final_state"":""OPEN"",""meaningful_transition_count"":3,""task_id"":""T1""}]}","[""watson-k_inbox9::turn_0"",""watson-k_inbox9::turn_1"",""watson-k_inbox9::turn_2""]",thread_multi_transition_history,False
ISCMI-Q0210,TASK_HISTORY,P031,buy-r_inbox396,,thread,"Which tasks changed over multiple messages in this conversation, and what transition sequence did each follow?",T1: CREATE/OPEN -> MODIFY/OPEN,"{""answer_type"":""task_history_set"",""tasks"":[{""events"":[{""chronological_rank"":1,""message_id"":""buy-r_inbox396::turn_0"",""resulting_state"":""OPEN"",""transition"":""CREATE""},{""chronological_rank"":2,""message_id"":""buy-r_inbox396::turn_1"",""resulting_state"":""OPEN"",""transition"":""MODIFY""}],""final_state"":""OPEN"",""meaningful_transition_count"":2,""task_id"":""T1""}]}","[""buy-r_inbox396::turn_0"",""buy-r_inbox396::turn_1""]",thread_multi_transition_history,False
ISCMI-Q0211,TASK_HISTORY,P032,corman-s_inbox_archives142,,thread,"Which tasks changed over multiple messages in this conversation, and what transition sequence did each follow?",T1: CREATE/OPEN -> MODIFY/OPEN -> MODIFY/OPEN,"{""answer_type"":""task_history_set"",""tasks"":[{""events"":[{""chronological_rank"":1,""message_id"":""corman-s_inbox_archives142::turn_0"",""resulting_state"":""OPEN"",""transition"":""CREATE""},{""chronological_rank"":2,""message_id"":""corman-s_inbox_archives142::turn_1"",""resulting_state"":""OPEN"",""transition"":""MODIFY""},{""chronological_rank"":3,""message_id"":""corman-s_inbox_archives142::turn_2"",""resulting_state"":""OPEN"",""transition"":""MODIFY""}],""final_state"":""OPEN"",""meaningful_transition_count"":3,""task_id"":""T1""}]}","[""corman-s_inbox_archives142::turn_0"",""corman-s_inbox_archives142::turn_1"",""corman-s_inbox_archives142::turn_2""]",thread_multi_transition_history,False
ISCMI-Q0212,TASK_HISTORY,P033,sager-e_inbox522,,thread,"Which tasks changed over multiple messages in this conversation, and what transition sequence did each follow?",T2: CREATE/OPEN -> MODIFY/OPEN,"{""answer_type"":""task_history_set"",""tasks"":[{""events"":[{""chronological_rank"":2,""message_id"":""sager-e_inbox522::turn_1"",""resulting_state"":""OPEN"",""transition"":""CREATE""},{""chronological_rank"":3,""message_id"":""sager-e_inbox522::turn_2"",""resulting_state"":""OPEN"",""transition"":""MODIFY""}],""final_state"":""OPEN"",""meaningful_transition_count"":2,""task_id"":""T2""}]}","[""sager-e_inbox522::turn_1"",""sager-e_inbox522::turn_2""]",thread_multi_transition_history,False
ISCMI-Q0213,TASK_HISTORY,P035,heard-m_inbox_master_netting3,,thread,"Which tasks changed over multiple messages in this conversation, and what transition sequence did each follow?",T1: CREATE/OPEN -> CONFIRM/OPEN; T2: CREATE/OPEN -> MODIFY/OPEN,"{""answer_type"":""task_history_set"",""tasks"":[{""events"":[{""chronological_rank"":1,""message_id"":""heard-m_inbox_master_netting3::turn_0"",""resulting_state"":""OPEN"",""transition"":""CREATE""},{""chronological_rank"":2,""message_id"":""heard-m_inbox_master_netting3::turn_1"",""resulting_state"":""OPEN"",""transition"":""CONFIRM""}],""final_state"":""OPEN"",""meaningful_transition_count"":2,""task_id"":""T1""},{""events"":[{""chronological_rank"":1,""message_id"":""heard-m_inbox_master_netting3::turn_0"",""resulting_state"":""OPEN"",""transition"":""CREATE""},{""chronological_rank"":2,""message_id"":""heard-m_inbox_master_netting3::turn_1"",""resulting_state"":""OPEN"",""transition"":""MODIFY""}],""final_state"":""OPEN"",""meaningful_transition_count"":2,""task_id"":""T2""}]}","[""heard-m_inbox_master_netting3::turn_0"",""heard-m_inbox_master_netting3::turn_1""]",thread_multi_transition_history,False
ISCMI-Q0214,TASK_HISTORY,P039,lokey-t_inbox578,,thread,"Which tasks changed over multiple messages in this conversation, and what transition sequence did each follow?",T1: CREATE/OPEN -> COMPLETE/CLOSED; T2: CREATE/OPEN -> CONFIRM/OPEN,"{""answer_type"":""task_history_set"",""tasks"":[{""events"":[{""chronological_rank"":1,""message_id"":""lokey-t_inbox578::turn_0"",""resulting_state"":""OPEN"",""transition"":""CREATE""},{""chronological_rank"":2,""message_id"":""lokey-t_inbox578::turn_1"",""resulting_state"":""CLOSED"",""transition"":""COMPLETE""}],""final_state"":""CLOSED"",""meaningful_transition_count"":2,""task_id"":""T1""},{""events"":[{""chronological_rank"":2,""message_id"":""lokey-t_inbox578::turn_1"",""resulting_state"":""OPEN"",""transition"":""CREATE""},{""chronological_rank"":3,""message_id"":""lokey-t_inbox578::turn_2"",""resulting_state"":""OPEN"",""transition"":""CONFIRM""}],""final_state"":""OPEN"",""meaningful_transition_count"":2,""task_id"":""T2""}]}","[""lokey-t_inbox578::turn_0"",""lokey-t_inbox578::turn_1"",""lokey-t_inbox578::turn_2""]",thread_multi_transition_history,False
ISCMI-Q0215,TASK_HISTORY,P040,keiser-k_inbox166,,thread,"Which tasks changed over multiple messages in this conversation, and what transition sequence did each follow?",T1: CREATE/OPEN -> MODIFY/OPEN; T2: CREATE/OPEN -> COMPLETE/CLOSED; T3: CREATE/OPEN -> COMPLETE/CLOSED; T4: CREATE/OPEN -> CONFIRM/OPEN; T5: CREATE/OPEN -> CONFIRM/OPEN -> MODIFY/OPEN; T6: CREATE/OPEN -> COMPLETE/CLOSED; T7: CREATE/OPEN -> COMPLETE/CLOSED; T8: CREATE/OPEN -> COMPLETE/CLOSED,"{""answer_type"":""task_history_set"",""tasks"":[{""events"":[{""chronological_rank"":1,""message_id"":""keiser-k_inbox166::turn_0"",""resulting_state"":""OPEN"",""transition"":""CREATE""},{""chronological_rank"":4,""message_id"":""keiser-k_inbox166::turn_3"",""resulting_state"":""OPEN"",""transition"":""MODIFY""}],""final_state"":""OPEN"",""meaningful_transition_count"":2,""task_id"":""T1""},{""events"":[{""chronological_rank"":1,""message_id"":""keiser-k_inbox166::turn_0"",""resulting_state"":""OPEN"",""transition"":""CREATE""},{""chronological_rank"":2,""message_id"":""keiser-k_inbox166::turn_1"",""resulting_state"":""CLOSED"",""transition"":""COMPLETE""}],""final_state"":""CLOSED"",""meaningful_transition_count"":2,""task_id"":""T2""},{""events"":[{""chronological_rank"":2,""message_id"":""keiser-k_inbox166::turn_1"",""resulting_state"":""OPEN"",""transition"":""CREATE""},{""chronological_rank"":3,""message_id"":""keiser-k_inbox166::turn_2"",""resulting_state"":""CLOSED"",""transition"":""COMPLETE""}],""final_state"":""CLOSED"",""meaningful_transition_count"":2,""task_id"":""T3""},{""events"":[{""chronological_rank"":2,""message_id"":""keiser-k_inbox166::turn_1"",""resulting_state"":""OPEN"",""transition"":""CREATE""},{""chronological_rank"":3,""message_id"":""keiser-k_inbox166::turn_2"",""resulting_state"":""OPEN"",""transition"":""CONFIRM""}],""final_state"":""OPEN"",""meaningful_transition_count"":2,""task_id"":""T4""},{""events"":[{""chronological_rank"":2,""message_id"":""keiser-k_inbox166::turn_1"",""resulting_state"":""OPEN"",""transition"":""CREATE""},{""chronological_rank"":3,""message_id"":""keiser-k_inbox166::turn_2"",""resulting_state"":""OPEN"",""transition"":""CONFIRM""},{""chronological_rank"":4,""message_id"":""keiser-k_inbox166::turn_3"",""resulting_state"":""OPEN"",""transition"":""MODIFY""}],""final_state"":""OPEN"",""meaningful_transition_count"":3,""task_id"":""T5""},{""events"":[{""chronological_rank"":3,""message_id"":""keiser-k_inbox166::turn_2"",""resulting_state"":""OPEN"",""transition"":""CREATE""},{""chronological_rank"":4,""message_id"":""keiser-k_inbox166::turn_3"",""resulting_state"":""CLOSED"",""transition"":""COMPLETE""}],""final_state"":""CLOSED"",""meaningful_transition_count"":2,""task_id"":""T6""},{""events"":[{""chronological_rank"":3,""message_id"":""keiser-k_inbox166::turn_2"",""resulting_state"":""OPEN"",""transition"":""CREATE""},{""chronological_rank"":4,""message_id"":""keiser-k_inbox166::turn_3"",""resulting_state"":""CLOSED"",""transition"":""COMPLETE""}],""final_state"":""CLOSED"",""meaningful_transition_count"":2,""task_id"":""T7""},{""events"":[{""chronological_rank"":3,""message_id"":""keiser-k_inbox166::turn_2"",""resulting_state"":""OPEN"",""transition"":""CREATE""},{""chronological_rank"":4,""message_id"":""keiser-k_inbox166::turn_3"",""resulting_state"":""CLOSED"",""transition"":""COMPLETE""}],""final_state"":""CLOSED"",""meaningful_transition_count"":2,""task_id"":""T8""}]}","[""keiser-k_inbox166::turn_0"",""keiser-k_inbox166::turn_1"",""keiser-k_inbox166::turn_2"",""keiser-k_inbox166::turn_3""]",thread_multi_transition_history,False
ISCMI-Q0216,TASK_HISTORY,P041,watson-k_inbox440,,thread,"Which tasks changed over multiple messages in this conversation, and what transition sequence did each follow?",T1: CREATE/OPEN -> COMPLETE/CLOSED,"{""answer_type"":""task_history_set"",""tasks"":[{""events"":[{""chronological_rank"":2,""message_id"":""watson-k_inbox440::turn_1"",""resulting_state"":""OPEN"",""transition"":""CREATE""},{""chronological_rank"":3,""message_id"":""watson-k_inbox440::turn_2"",""resulting_state"":""CLOSED"",""transition"":""COMPLETE""}],""final_state"":""CLOSED"",""meaningful_transition_count"":2,""task_id"":""T1""}]}","[""watson-k_inbox440::turn_1"",""watson-k_inbox440::turn_2""]",thread_multi_transition_history,False
ISCMI-Q0217,TASK_HISTORY,P044,steffes-j_inbox386,,thread,"Which tasks changed over multiple messages in this conversation, and what transition sequence did each follow?",T1: CREATE/OPEN -> COMPLETE/CLOSED,"{""answer_type"":""task_history_set"",""tasks"":[{""events"":[{""chronological_rank"":1,""message_id"":""steffes-j_inbox386::turn_0"",""resulting_state"":""OPEN"",""transition"":""CREATE""},{""chronological_rank"":2,""message_id"":""steffes-j_inbox386::turn_1"",""resulting_state"":""CLOSED"",""transition"":""COMPLETE""}],""final_state"":""CLOSED"",""meaningful_transition_count"":2,""task_id"":""T1""}]}","[""steffes-j_inbox386::turn_0"",""steffes-j_inbox386::turn_1""]",thread_multi_transition_history,False
ISCMI-Q0218,TASK_HISTORY,P045,parks-j_inbox_147,,thread,"Which tasks changed over multiple messages in this conversation, and what transition sequence did each follow?",T1: CREATE/OPEN -> MODIFY/OPEN -> MODIFY/OPEN -> COMPLETE/CLOSED,"{""answer_type"":""task_history_set"",""tasks"":[{""events"":[{""chronological_rank"":2,""message_id"":""parks-j_inbox_147::turn_1"",""resulting_state"":""OPEN"",""transition"":""CREATE""},{""chronological_rank"":3,""message_id"":""parks-j_inbox_147::turn_2"",""resulting_state"":""OPEN"",""transition"":""MODIFY""},{""chronological_rank"":4,""message_id"":""parks-j_inbox_147::turn_3"",""resulting_state"":""OPEN"",""transition"":""MODIFY""},{""chronological_rank"":5,""message_id"":""parks-j_inbox_147::turn_4"",""resulting_state"":""CLOSED"",""transition"":""COMPLETE""}],""final_state"":""CLOSED"",""meaningful_transition_count"":4,""task_id"":""T1""}]}","[""parks-j_inbox_147::turn_1"",""parks-j_inbox_147::turn_2"",""parks-j_inbox_147::turn_3"",""parks-j_inbox_147::turn_4""]",thread_multi_transition_history,False
ISCMI-Q0219,TASK_HISTORY,P046,heard-m_inbox102,,thread,"Which tasks changed over multiple messages in this conversation, and what transition sequence did each follow?",T2: CREATE/OPEN -> CONFIRM/OPEN,"{""answer_type"":""task_history_set"",""tasks"":[{""events"":[{""chronological_rank"":1,""message_id"":""heard-m_inbox102::turn_0"",""resulting_state"":""OPEN"",""transition"":""CREATE""},{""chronological_rank"":3,""message_id"":""heard-m_inbox102::turn_2"",""resulting_state"":""OPEN"",""transition"":""CONFIRM""}],""final_state"":""OPEN"",""meaningful_transition_count"":2,""task_id"":""T2""}]}","[""heard-m_inbox102::turn_0"",""heard-m_inbox102::turn_2""]",thread_multi_transition_history,False
ISCMI-Q0220,TASK_HISTORY,P047,nemec-g_inbox_21,,thread,"Which tasks changed over multiple messages in this conversation, and what transition sequence did each follow?",T4: CREATE/OPEN -> COMPLETE/CLOSED,"{""answer_type"":""task_history_set"",""tasks"":[{""events"":[{""chronological_rank"":2,""message_id"":""nemec-g_inbox_21::turn_1"",""resulting_state"":""OPEN"",""transition"":""CREATE""},{""chronological_rank"":3,""message_id"":""nemec-g_inbox_21::turn_2"",""resulting_state"":""CLOSED"",""transition"":""COMPLETE""}],""final_state"":""CLOSED"",""meaningful_transition_count"":2,""task_id"":""T4""}]}","[""nemec-g_inbox_21::turn_1"",""nemec-g_inbox_21::turn_2""]",thread_multi_transition_history,False
ISCMI-Q0221,TASK_HISTORY,P048,blair-l_inbox_180,,thread,"Which tasks changed over multiple messages in this conversation, and what transition sequence did each follow?",T1: CREATE/OPEN -> CONFIRM/OPEN,"{""answer_type"":""task_history_set"",""tasks"":[{""events"":[{""chronological_rank"":1,""message_id"":""blair-l_inbox_180::turn_0"",""resulting_state"":""OPEN"",""transition"":""CREATE""},{""chronological_rank"":2,""message_id"":""blair-l_inbox_180::turn_1"",""resulting_state"":""OPEN"",""transition"":""CONFIRM""}],""final_state"":""OPEN"",""meaningful_transition_count"":2,""task_id"":""T1""}]}","[""blair-l_inbox_180::turn_0"",""blair-l_inbox_180::turn_1""]",thread_multi_transition_history,False
ISCMI-Q0222,TASK_HISTORY,P049,derrick-j_inbox111,,thread,"Which tasks changed over multiple messages in this conversation, and what transition sequence did each follow?",T1: CREATE/OPEN -> COMPLETE/CLOSED,"{""answer_type"":""task_history_set"",""tasks"":[{""events"":[{""chronological_rank"":1,""message_id"":""derrick-j_inbox111::turn_0"",""resulting_state"":""OPEN"",""transition"":""CREATE""},{""chronological_rank"":2,""message_id"":""derrick-j_inbox111::turn_1"",""resulting_state"":""CLOSED"",""transition"":""COMPLETE""}],""final_state"":""CLOSED"",""meaningful_transition_count"":2,""task_id"":""T1""}]}","[""derrick-j_inbox111::turn_0"",""derrick-j_inbox111::turn_1""]",thread_multi_transition_history,False
ISCMI-Q0223,TASK_HISTORY,P050,tycholiz-b_inbox333,,thread,"Which tasks changed over multiple messages in this conversation, and what transition sequence did each follow?",T1: CREATE/OPEN -> MODIFY/OPEN,"{""answer_type"":""task_history_set"",""tasks"":[{""events"":[{""chronological_rank"":1,""message_id"":""tycholiz-b_inbox333::turn_0"",""resulting_state"":""OPEN"",""transition"":""CREATE""},{""chronological_rank"":2,""message_id"":""tycholiz-b_inbox333::turn_1"",""resulting_state"":""OPEN"",""transition"":""MODIFY""}],""final_state"":""OPEN"",""meaningful_transition_count"":2,""task_id"":""T1""}]}","[""tycholiz-b_inbox333::turn_0"",""tycholiz-b_inbox333::turn_1""]",thread_multi_transition_history,False
ISCMI-Q0224,DEADLINE,P001,campbell-l_inbox1277,,thread,"Which open tasks have a known deadline, and what are the deadlines?",T2: 2001-12-28; T4: 2002-01-15; T6: 2002-01-02,"{""answer_type"":""task_deadline_map"",""tasks"":[{""deadline"":""2001-12-28"",""task_id"":""T2""},{""deadline"":""2002-01-15"",""task_id"":""T4""},{""deadline"":""2002-01-02"",""task_id"":""T6""}]}","[""campbell-l_inbox1277::turn_0"",""campbell-l_inbox1277::turn_3""]",thread_auxiliary_attribute,False
ISCMI-Q0225,DEADLINE,P012,rapp-b_inbox_397,,thread,"Which open tasks have a known deadline, and what are the deadlines?",T6: 2001-11-12,"{""answer_type"":""task_deadline_map"",""tasks"":[{""deadline"":""2001-11-12"",""task_id"":""T6""}]}","[""rapp-b_inbox_397::turn_1""]",thread_auxiliary_attribute,False
ISCMI-Q0226,DEADLINE,P023,ybarbo-p_inbox125,,thread,"Which open tasks have a known deadline, and what are the deadlines?",T1: 2001-04-06,"{""answer_type"":""task_deadline_map"",""tasks"":[{""deadline"":""2001-04-06"",""task_id"":""T1""}]}","[""ybarbo-p_inbox125::turn_0""]",thread_auxiliary_attribute,False
ISCMI-Q0227,DEADLINE,P034,ward-k_inbox120,,thread,"Which open tasks have a known deadline, and what are the deadlines?",T3: 2001-11-30,"{""answer_type"":""task_deadline_map"",""tasks"":[{""deadline"":""2001-11-30"",""task_id"":""T3""}]}","[""ward-k_inbox120::turn_0""]",thread_auxiliary_attribute,False
ISCMI-Q0228,DEADLINE,P036,mims-thurston-p_inbox348,,thread,"Which open tasks have a known deadline, and what are the deadlines?",T1: 2001-12-05,"{""answer_type"":""task_deadline_map"",""tasks"":[{""deadline"":""2001-12-05"",""task_id"":""T1""}]}","[""mims-thurston-p_inbox348::turn_0""]",thread_auxiliary_attribute,False
ISCMI-Q0229,DEADLINE,P045,parks-j_inbox_147,,thread,"Which open tasks have a known deadline, and what are the deadlines?",T2: 2002-04-29; T3: 2002-04-29; T4: 2002-04-29; T5: 2002-04-29; T6: 2002-04-29; T7: 2002-04-29; T8: 2002-04-29; T9: 2002-04-29; T10: 2002-04-29; T11: 2002-04-29,"{""answer_type"":""task_deadline_map"",""tasks"":[{""deadline"":""2002-04-29"",""task_id"":""T2""},{""deadline"":""2002-04-29"",""task_id"":""T3""},{""deadline"":""2002-04-29"",""task_id"":""T4""},{""deadline"":""2002-04-29"",""task_id"":""T5""},{""deadline"":""2002-04-29"",""task_id"":""T6""},{""deadline"":""2002-04-29"",""task_id"":""T7""},{""deadline"":""2002-04-29"",""task_id"":""T8""},{""deadline"":""2002-04-29"",""task_id"":""T9""},{""deadline"":""2002-04-29"",""task_id"":""T10""},{""deadline"":""2002-04-29"",""task_id"":""T11""}]}","[""parks-j_inbox_147::turn_4""]",thread_auxiliary_attribute,False
ISCMI-Q0230,WAITING_FOR,P001,campbell-l_inbox1277,,thread,Which open tasks are waiting for another person or input?,T6: Larry Campbell,"{""answer_type"":""task_waiting_for_map"",""tasks"":[{""task_id"":""T6"",""waiting_for"":""Larry Campbell""}]}","[""campbell-l_inbox1277::turn_3""]",thread_auxiliary_attribute,False
ISCMI-Q0231,WAITING_FOR,P004,beck-s_inbox5,,thread,Which open tasks are waiting for another person or input?,T2: Global data; T7: confirmation of activity upstream,"{""answer_type"":""task_waiting_for_map"",""tasks"":[{""task_id"":""T2"",""waiting_for"":""Global data""},{""task_id"":""T7"",""waiting_for"":""confirmation of activity upstream""}]}","[""beck-s_inbox5::turn_0"",""beck-s_inbox5::turn_1""]",thread_auxiliary_attribute,False
ISCMI-Q0232,WAITING_FOR,P005,heard-m_inbox85,,thread,Which open tasks are waiting for another person or input?,T3: férje banki adatai; T4: a rendelések leadása és a pontos összeg,"{""answer_type"":""task_waiting_for_map"",""tasks"":[{""task_id"":""T3"",""waiting_for"":""férje banki adatai""},{""task_id"":""T4"",""waiting_for"":""a rendelések leadása és a pontos összeg""}]}","[""heard-m_inbox85::turn_0"",""heard-m_inbox85::turn_2""]",thread_auxiliary_attribute,False
ISCMI-Q0233,WAITING_FOR,P007,schoolcraft-d_inbox_junk648,,thread,Which open tasks are waiting for another person or input?,T1: Jonny Hendricks rendelkezésre állásának megerősítése,"{""answer_type"":""task_waiting_for_map"",""tasks"":[{""task_id"":""T1"",""waiting_for"":""Jonny Hendricks rendelkezésre állásának megerősítése""}]}","[""schoolcraft-d_inbox_junk648::turn_0"",""schoolcraft-d_inbox_junk648::turn_1"",""schoolcraft-d_inbox_junk648::turn_2"",""schoolcraft-d_inbox_junk648::turn_3""]",thread_auxiliary_attribute,False
ISCMI-Q0234,WAITING_FOR,P011,schoolcraft-d_inbox_junk289,,thread,Which open tasks are waiting for another person or input?,T1: a száraz piggelés eredménye; T7: a száraz piggelés eredménye,"{""answer_type"":""task_waiting_for_map"",""tasks"":[{""task_id"":""T1"",""waiting_for"":""a száraz piggelés eredménye""},{""task_id"":""T7"",""waiting_for"":""a száraz piggelés eredménye""}]}","[""schoolcraft-d_inbox_junk289::turn_0"",""schoolcraft-d_inbox_junk289::turn_2""]",thread_auxiliary_attribute,False
ISCMI-Q0235,WAITING_FOR,P012,rapp-b_inbox_397,,thread,Which open tasks are waiting for another person or input?,T6: a szükséges szervezeti és munkaköri anyagok,"{""answer_type"":""task_waiting_for_map"",""tasks"":[{""task_id"":""T6"",""waiting_for"":""a szükséges szervezeti és munkaköri anyagok""}]}","[""rapp-b_inbox_397::turn_1""]",thread_auxiliary_attribute,False
ISCMI-Q0236,WAITING_FOR,P014,wolfe-j_inbox73,,thread,Which open tasks are waiting for another person or input?,T3: Jay Wolfe válasza,"{""answer_type"":""task_waiting_for_map"",""tasks"":[{""task_id"":""T3"",""waiting_for"":""Jay Wolfe válasza""}]}","[""wolfe-j_inbox73::turn_3""]",thread_auxiliary_attribute,False
ISCMI-Q0237,WAITING_FOR,P017,ward-k_inbox310,,thread,Which open tasks are waiting for another person or input?,T3: Darla Saucier / a PPL-részlet,"{""answer_type"":""task_waiting_for_map"",""tasks"":[{""task_id"":""T3"",""waiting_for"":""Darla Saucier / a PPL-részlet""}]}","[""ward-k_inbox310::turn_2"",""ward-k_inbox310::turn_3""]",thread_auxiliary_attribute,False
ISCMI-Q0238,WAITING_FOR,P020,mims-thurston-p_inbox272,,thread,Which open tasks are waiting for another person or input?,T1: októberi riportok,"{""answer_type"":""task_waiting_for_map"",""tasks"":[{""task_id"":""T1"",""waiting_for"":""októberi riportok""}]}","[""mims-thurston-p_inbox272::turn_0"",""mims-thurston-p_inbox272::turn_1""]",thread_auxiliary_attribute,False
ISCMI-Q0239,WAITING_FOR,P024,kaminski-v_inbox687,,thread,Which open tasks are waiting for another person or input?,T2: Shirley válasza,"{""answer_type"":""task_waiting_for_map"",""tasks"":[{""task_id"":""T2"",""waiting_for"":""Shirley válasza""}]}","[""kaminski-v_inbox687::turn_1"",""kaminski-v_inbox687::turn_2"",""kaminski-v_inbox687::turn_3""]",thread_auxiliary_attribute,False
ISCMI-Q0240,WAITING_FOR,P029,rapp-b_inbox273,,thread,Which open tasks are waiting for another person or input?,T5: Frazier King Jr. jóváhagyása,"{""answer_type"":""task_waiting_for_map"",""tasks"":[{""task_id"":""T5"",""waiting_for"":""Frazier King Jr. jóváhagyása""}]}","[""rapp-b_inbox273::turn_3""]",thread_auxiliary_attribute,False
ISCMI-Q0241,WAITING_FOR,P030,watson-k_inbox9,,thread,Which open tasks are waiting for another person or input?,T1: Eric Gadddal és Dan McCartyval egyeztetendő véglegesítés,"{""answer_type"":""task_waiting_for_map"",""tasks"":[{""task_id"":""T1"",""waiting_for"":""Eric Gadddal és Dan McCartyval egyeztetendő véglegesítés""}]}","[""watson-k_inbox9::turn_0"",""watson-k_inbox9::turn_1"",""watson-k_inbox9::turn_2""]",thread_auxiliary_attribute,False
ISCMI-Q0242,WAITING_FOR,P032,corman-s_inbox_archives142,,thread,Which open tasks are waiting for another person or input?,T1: Shelley Corman elérhetősége,"{""answer_type"":""task_waiting_for_map"",""tasks"":[{""task_id"":""T1"",""waiting_for"":""Shelley Corman elérhetősége""}]}","[""corman-s_inbox_archives142::turn_0"",""corman-s_inbox_archives142::turn_1"",""corman-s_inbox_archives142::turn_2""]",thread_auxiliary_attribute,False
ISCMI-Q0243,WAITING_FOR,P034,ward-k_inbox120,,thread,Which open tasks are waiting for another person or input?,T2: számlák elkészülése,"{""answer_type"":""task_waiting_for_map"",""tasks"":[{""task_id"":""T2"",""waiting_for"":""számlák elkészülése""}]}","[""ward-k_inbox120::turn_0""]",thread_auxiliary_attribute,False
ISCMI-Q0244,WAITING_FOR,P036,mims-thurston-p_inbox348,,thread,Which open tasks are waiting for another person or input?,T2: Andy Edling ROFR-űrlapja,"{""answer_type"":""task_waiting_for_map"",""tasks"":[{""task_id"":""T2"",""waiting_for"":""Andy Edling ROFR-űrlapja""}]}","[""mims-thurston-p_inbox348::turn_1""]",thread_auxiliary_attribute,False
ISCMI-Q0245,WAITING_FOR,P039,lokey-t_inbox578,,thread,Which open tasks are waiting for another person or input?,T5: Sheila visszajelzése,"{""answer_type"":""task_waiting_for_map"",""tasks"":[{""task_id"":""T5"",""waiting_for"":""Sheila visszajelzése""}]}","[""lokey-t_inbox578::turn_2"",""lokey-t_inbox578::turn_3""]",thread_auxiliary_attribute,False
ISCMI-Q0246,WAITING_FOR,P040,keiser-k_inbox166,,thread,Which open tasks are waiting for another person or input?,T10: Canada Gas adatai vagy válasza,"{""answer_type"":""task_waiting_for_map"",""tasks"":[{""task_id"":""T10"",""waiting_for"":""Canada Gas adatai vagy válasza""}]}","[""keiser-k_inbox166::turn_3""]",thread_auxiliary_attribute,False
ISCMI-Q0247,WAITING_FOR,P041,watson-k_inbox440,,thread,Which open tasks are waiting for another person or input?,T2: Lorraine Lindberg válasza a Las Vegas-i kapcsolattartóról,"{""answer_type"":""task_waiting_for_map"",""tasks"":[{""task_id"":""T2"",""waiting_for"":""Lorraine Lindberg válasza a Las Vegas-i kapcsolattartóról""}]}","[""watson-k_inbox440::turn_3"",""watson-k_inbox440::turn_4"",""watson-k_inbox440::turn_5""]",thread_auxiliary_attribute,False
ISCMI-Q0248,WAITING_FOR,P044,steffes-j_inbox386,,thread,Which open tasks are waiting for another person or input?,T6: Dave Perrino és Steve Walton visszajelzése az LMP in the West érv helyességéről,"{""answer_type"":""task_waiting_for_map"",""tasks"":[{""task_id"":""T6"",""waiting_for"":""Dave Perrino és Steve Walton visszajelzése az LMP in the West érv helyességéről""}]}","[""steffes-j_inbox386::turn_0""]",thread_auxiliary_attribute,False
ISCMI-Q0249,BLOCKED_BY,P001,campbell-l_inbox1277,,thread,"Which open tasks are blocked, and what is blocking them?",T6: Larry Campbell nem érhető el telefonon/pageren,"{""answer_type"":""task_blocker_map"",""tasks"":[{""blocked_by"":""Larry Campbell nem érhető el telefonon/pageren"",""task_id"":""T6""}]}","[""campbell-l_inbox1277::turn_3""]",thread_auxiliary_attribute,False
ISCMI-Q0250,BLOCKED_BY,P007,schoolcraft-d_inbox_junk648,,thread,"Which open tasks are blocked, and what is blocking them?",T4: Jonny Hendricks floridai elfoglaltsága,"{""answer_type"":""task_blocker_map"",""tasks"":[{""blocked_by"":""Jonny Hendricks floridai elfoglaltsága"",""task_id"":""T4""}]}","[""schoolcraft-d_inbox_junk648::turn_3""]",thread_auxiliary_attribute,False
ISCMI-Q0251,BLOCKED_BY,P034,ward-k_inbox120,,thread,"Which open tasks are blocked, and what is blocking them?",T11: T7; T8; T9; T10,"{""answer_type"":""task_blocker_map"",""tasks"":[{""blocked_by"":""T7; T8; T9; T10"",""task_id"":""T11""}]}","[""ward-k_inbox120::turn_2""]",thread_auxiliary_attribute,False
ISCMI-Q0252,BLOCKED_BY,P044,steffes-j_inbox386,,thread,"Which open tasks are blocked, and what is blocking them?",T5: T6,"{""answer_type"":""task_blocker_map"",""tasks"":[{""blocked_by"":""T6"",""task_id"":""T5""}]}","[""steffes-j_inbox386::turn_0""]",thread_auxiliary_attribute,False
ISCMI-Q0253,NO_TASK_CONTROL,P001,campbell-l_inbox1277,,message,Does the message at chronological position 2 in this conversation create or update a tracked task?,NONE,"{""annotation_status"":""NO_TASK"",""answer_type"":""no_task"",""message_id"":""campbell-l_inbox1277::turn_1"",""none"":true}","[""campbell-l_inbox1277::turn_1""]",message_negative_control,True
ISCMI-Q0254,NO_TASK_CONTROL,P003,crandell-s_inbox99,,message,Does the message at chronological position 5 in this conversation create or update a tracked task?,NONE,"{""annotation_status"":""NO_TASK"",""answer_type"":""no_task"",""message_id"":""crandell-s_inbox99::turn_4"",""none"":true}","[""crandell-s_inbox99::turn_4""]",message_negative_control,True
ISCMI-Q0255,NO_TASK_CONTROL,P004,beck-s_inbox5,,message,Does the message at chronological position 3 in this conversation create or update a tracked task?,NONE,"{""annotation_status"":""NO_TASK"",""answer_type"":""no_task"",""message_id"":""beck-s_inbox5::turn_2"",""none"":true}","[""beck-s_inbox5::turn_2""]",message_negative_control,True
ISCMI-Q0256,NO_TASK_CONTROL,P004,beck-s_inbox5,,message,Does the message at chronological position 4 in this conversation create or update a tracked task?,NONE,"{""annotation_status"":""NO_TASK"",""answer_type"":""no_task"",""message_id"":""beck-s_inbox5::turn_3"",""none"":true}","[""beck-s_inbox5::turn_3""]",message_negative_control,True
ISCMI-Q0257,NO_TASK_CONTROL,P007,schoolcraft-d_inbox_junk648,,message,Does the message at chronological position 5 in this conversation create or update a tracked task?,NONE,"{""annotation_status"":""NO_TASK"",""answer_type"":""no_task"",""message_id"":""schoolcraft-d_inbox_junk648::turn_4"",""none"":true}","[""schoolcraft-d_inbox_junk648::turn_4""]",message_negative_control,True
ISCMI-Q0258,NO_TASK_CONTROL,P012,rapp-b_inbox_397,,message,Does the message at chronological position 1 in this conversation create or update a tracked task?,NONE,"{""annotation_status"":""NO_TASK"",""answer_type"":""no_task"",""message_id"":""rapp-b_inbox_397::turn_0"",""none"":true}","[""rapp-b_inbox_397::turn_0""]",message_negative_control,True
ISCMI-Q0259,NO_TASK_CONTROL,P018,lavorato-j_inbox15,,message,Does the message at chronological position 1 in this conversation create or update a tracked task?,NONE,"{""annotation_status"":""NO_TASK"",""answer_type"":""no_task"",""message_id"":""lavorato-j_inbox15::turn_0"",""none"":true}","[""lavorato-j_inbox15::turn_0""]",message_negative_control,True
ISCMI-Q0260,NO_TASK_CONTROL,P022,dasovich-j_inbox1731,,message,Does the message at chronological position 3 in this conversation create or update a tracked task?,NONE,"{""annotation_status"":""NO_TASK"",""answer_type"":""no_task"",""message_id"":""dasovich-j_inbox1731::turn_2"",""none"":true}","[""dasovich-j_inbox1731::turn_2""]",message_negative_control,True
ISCMI-Q0261,NO_TASK_CONTROL,P023,ybarbo-p_inbox125,,message,Does the message at chronological position 2 in this conversation create or update a tracked task?,NONE,"{""annotation_status"":""NO_TASK"",""answer_type"":""no_task"",""message_id"":""ybarbo-p_inbox125::turn_1"",""none"":true}","[""ybarbo-p_inbox125::turn_1""]",message_negative_control,True
ISCMI-Q0262,NO_TASK_CONTROL,P026,campbell-l_inbox1169,,message,Does the message at chronological position 1 in this conversation create or update a tracked task?,NONE,"{""annotation_status"":""NO_TASK"",""answer_type"":""no_task"",""message_id"":""campbell-l_inbox1169::turn_0"",""none"":true}","[""campbell-l_inbox1169::turn_0""]",message_negative_control,True
ISCMI-Q0263,NO_TASK_CONTROL,P026,campbell-l_inbox1169,,message,Does the message at chronological position 3 in this conversation create or update a tracked task?,NONE,"{""annotation_status"":""NO_TASK"",""answer_type"":""no_task"",""message_id"":""campbell-l_inbox1169::turn_2"",""none"":true}","[""campbell-l_inbox1169::turn_2""]",message_negative_control,True
ISCMI-Q0264,NO_TASK_CONTROL,P028,germany-c_inbox27,,message,Does the message at chronological position 8 in this conversation create or update a tracked task?,NONE,"{""annotation_status"":""NO_TASK"",""answer_type"":""no_task"",""message_id"":""germany-c_inbox27::turn_7"",""none"":true}","[""germany-c_inbox27::turn_7""]",message_negative_control,True
ISCMI-Q0265,NO_TASK_CONTROL,P038,heard-m_inbox_48,,message,Does the message at chronological position 4 in this conversation create or update a tracked task?,NONE,"{""annotation_status"":""NO_TASK"",""answer_type"":""no_task"",""message_id"":""heard-m_inbox_48::turn_3"",""none"":true}","[""heard-m_inbox_48::turn_3""]",message_negative_control,True
ISCMI-Q0266,NO_TASK_CONTROL,P038,heard-m_inbox_48,,message,Does the message at chronological position 5 in this conversation create or update a tracked task?,NONE,"{""annotation_status"":""NO_TASK"",""answer_type"":""no_task"",""message_id"":""heard-m_inbox_48::turn_4"",""none"":true}","[""heard-m_inbox_48::turn_4""]",message_negative_control,True
ISCMI-Q0267,NO_TASK_CONTROL,P041,watson-k_inbox440,,message,Does the message at chronological position 1 in this conversation create or update a tracked task?,NONE,"{""annotation_status"":""NO_TASK"",""answer_type"":""no_task"",""message_id"":""watson-k_inbox440::turn_0"",""none"":true}","[""watson-k_inbox440::turn_0""]",message_negative_control,True
ISCMI-Q0268,NO_TASK_CONTROL,P043,lokey-t_inbox734,,message,Does the message at chronological position 1 in this conversation create or update a tracked task?,NONE,"{""annotation_status"":""NO_TASK"",""answer_type"":""no_task"",""message_id"":""lokey-t_inbox734::turn_0"",""none"":true}","[""lokey-t_inbox734::turn_0""]",message_negative_control,True
ISCMI-Q0269,NO_TASK_CONTROL,P043,lokey-t_inbox734,,message,Does the message at chronological position 2 in this conversation create or update a tracked task?,NONE,"{""annotation_status"":""NO_TASK"",""answer_type"":""no_task"",""message_id"":""lokey-t_inbox734::turn_1"",""none"":true}","[""lokey-t_inbox734::turn_1""]",message_negative_control,True
ISCMI-Q0270,NO_TASK_CONTROL,P045,parks-j_inbox_147,,message,Does the message at chronological position 1 in this conversation create or update a tracked task?,NONE,"{""annotation_status"":""NO_TASK"",""answer_type"":""no_task"",""message_id"":""parks-j_inbox_147::turn_0"",""none"":true}","[""parks-j_inbox_147::turn_0""]",message_negative_control,True
ISCMI-Q0271,NO_TASK_CONTROL,P046,heard-m_inbox102,,message,Does the message at chronological position 2 in this conversation create or update a tracked task?,NONE,"{""annotation_status"":""NO_TASK"",""answer_type"":""no_task"",""message_id"":""heard-m_inbox102::turn_1"",""none"":true}","[""heard-m_inbox102::turn_1""]",message_negative_control,True
